timestamp,samples
1767538341.4832609,39001.418,39022.016
1767538341.615774,39031.168
1767538341.716022,39001.06
1767538341.816524,38983.016
1767538341.917509,38946.83
1767538342.018071,38957.3
1767538342.119702,38953.535
1767538342.221072,38939.324
1767538342.322429,38989.113
1767538342.423826,38986.25
1767538342.5250208,38942.65
1767538342.6263978,38956.594
1767538342.726805,39005.836
1767538342.827685,38927.258
1767538342.9289758,38890.36
1767538343.030336,38941.41
1767538343.131715,38940.645
1767538343.2330072,38899.305
1767538343.3337312,38922.336
1767538343.435343,38866.223
1767538343.536294,38932.39
1767538343.6376371,38910.984
1767538343.7390132,38940.31
1767538343.841912,39064.69
1767538343.942187,38851.01
1767538344.043262,38920.6
1767538344.144609,38934.6
1767538344.245892,38883.496
1767538344.347154,38907.72
1767538344.448446,38900.902
1767538344.549679,38867.734
1767538344.6510231,38935.63
1767538344.7522612,38982.695
1767538344.8534908,38909.66
1767538344.954731,38886.27
1767538345.056101,38897.79
1767538345.158952,38944.99
1767538345.260318,38941.09,38792.45
1767538345.361669,38901.605
1767538345.4629939,38897.562
1767538345.564296,38812.98
1767538345.664722,38864.152
1767538345.765928,38897.875
1767538345.867178,38808.633
1767538345.968408,38910.42
1767538346.069715,38868.45
1767538346.171103,38841.83
1767538346.272535,38810.09
1767538346.374155,38855.54
1767538346.4755268,38829.688
1767538346.5760949,38840.797
1767538346.676887,38955.836
1767538346.777052,38823.938
1767538346.8782668,38732.707
1767538346.978793,38714.316
1767538347.079783,38853.453
1767538347.181123,38832.445
1767538347.28235,38724.504
1767538347.383669,38825.043
1767538347.484034,38744.992
1767538347.5853372,38814.87
1767538347.6860778,38790.62
1767538347.787524,38838.99
1767538347.888903,38782.92
1767538347.990307,38765.746
1767538348.091325,38805.95
1767538348.19254,38687.715
1767538348.293796,38782.176
1767538348.395154,38841.31
1767538348.496465,38751.39
1767538348.596968,38767.195
1767538348.697443,38815.746
1767538348.7979362,38734.16
1767538348.8992782,38771.27
1767538349.00064,38705.707
1767538349.10099,38696.785
1767538349.202282,38743.953
1767538349.303585,38771.766
1767538349.404394,38778.57
1767538349.505878,38688.977
1767538349.6071649,38786.32
1767538349.707513,38661.195
1767538349.808883,38681.637
1767538349.910253,38720.53
1767538350.011595,38626.152
1767538350.112946,38681.6
1767538350.214277,38636.29
1767538350.315401,38663.25
1767538350.416667,38692.383
1767538350.518102,38592.7
1767538350.6193979,38677.484
1767538350.7208781,38658.395
1767538350.822276,38627.418
1767538350.923719,38675.953
1767538351.024193,38725.344
1767538351.125556,38607.07
1767538351.226779,38669.035
1767538351.328021,38632.348
1767538351.4284642,38613.215
1767538351.530878,38663.26
1767538351.677564,38657.664,38569.703
1767538351.7788758,38528.12
1767538351.880215,38535.832
1767538351.9815428,38551.492
1767538352.082748,38589.086
1767538352.184001,38665.68
1767538352.285208,38612.215
1767538352.385973,38636.324
1767538352.487205,38513.766
1767538352.588709,38528.504
1767538352.690015,38606.33
1767538352.791492,38512.41
1767538352.892847,38583.082
1767538352.9942012,38614.156
1767538353.0955598,38616.832
1767538353.19694,38478.36
1767538353.298321,38596.074
1767538353.399728,38525.258
1767538353.500502,38446.234
1767538353.601828,38433.21
1767538353.703271,38592.797
1767538353.804617,38623.625
1767538353.90589,38635.496
1767538354.007179,38503.35
1767538354.108494,38532.586
1767538354.2097762,38514.984
1767538354.31117,38507.645
1767538354.412142,38570.586
1767538354.5128808,38473.707
1767538354.6141891,38512.406
1767538354.715389,38486.14
1767538354.816649,38537.89
1767538354.9180238,38473.773
1767538355.019288,38438.098
1767538355.1205518,38439.832
1767538355.221889,38430.668
1767538355.3233678,38361.55
1767538355.424757,38474.56
1767538355.525099,38401.08
1767538355.626351,38391.1
1767538355.727725,38350.297
1767538355.82904,38423.395
1767538355.930357,38388.72
1767538356.0317178,38448.125
1767538356.133108,38352.473
1767538356.234493,38458.016
1767538356.335912,38457.92
1767538356.436867,38332.61
1767538356.559765,38399.367,38411.688
1767538356.661206,38372.188
1767538356.780936,38338.145
1767538356.882228,38485.89
1767538356.9831,38288.246
1767538357.084584,38318.895
1767538357.185929,38366.633
1767538357.28736,38394.926
1767538357.388696,38367.293
1767538357.489204,38316.434
1767538357.59055,38344.406
1767538357.6918871,38387.406
1767538357.793195,38347.54
1767538357.894444,38392.99
1767538357.995669,38259.62
1767538358.0969431,38340.26
1767538358.198326,38316.92
1767538358.299624,38378.484
1767538358.400275,38286.875
1767538358.501117,38289.164
1767538358.602435,38323.62
1767538358.703118,38285.516
1767538358.803712,38263.35
1767538358.9050062,38202.31
1767538359.006243,38327.574
1767538359.107459,38298.95
1767538359.208628,38226.598
1767538359.309984,38220.52
1767538359.4112902,38277.434
1767538359.511976,38227.38
1767538359.613218,38300.098
1767538359.71457,38288.29
1767538359.815231,38189.797
1767538359.916627,38256.63
1767538360.01783,38232.67
1767538360.1190841,38216.066
1767538360.2204218,38182.613
1767538360.321794,38217.348
1767538360.4232042,38149.273
1767538360.524562,38155.473
1767538360.625824,38186.29
1767538360.726772,38169.312
1767538360.82752,38186.28
1767538360.9287848,38156.188
1767538361.0301151,38206.58
1767538361.131364,38192.406
1767538361.2319732,38157.4
1767538361.333142,38125.645
1767538361.434516,38119.44
1767538361.5357718,38093.137
1767538361.637975,38192.59
1767538361.760027,38177.79
1767538361.86076,38092.207
1767538361.962079,38125.844,38096.152
1767538362.062948,38096.156
1767538362.164276,38122.08
1767538362.2655418,38033.934
1767538362.3665001,38057.594
1767538362.467933,38102.793
1767538362.569193,38143.43
1767538362.670013,38012.773
1767538362.7713192,37988.69
1767538362.872619,38047.71
1767538362.9738638,38089.684
1767538363.075238,37973.945
1767538363.176446,38018.38
1767538363.277775,38048.85
1767538363.3781471,38076.184
1767538363.4794781,38047.793
1767538363.5807528,38103.824
1767538363.682013,38025.258
1767538363.783376,38087.844
1767538363.8861609,38042.113
1767538363.9871209,37995.215
1767538364.088452,38027.98
1767538364.189709,37950.824
1767538364.290102,37953.09
1767538364.3913732,38011.363
1767538364.4923048,37970.17
1767538364.593641,37942.89
1767538364.694689,37979.926
1767538364.795918,37967.918
1767538364.8971531,38018.78
1767538364.998383,38026.074
1767538365.09971,37937.234
1767538365.201136,37984.98
1767538365.302426,37947.895
1767538365.403338,38009.8
1767538365.5047228,37923.082
1767538365.6060128,37941.773
1767538365.7071738,37966.17
1767538365.807775,37918.766
1767538365.909049,37960.797
1767538366.010459,37894.26
1767538366.111671,37978.87
1767538366.21292,37879.258
1767538366.314229,37954.85
1767538366.4155679,37880.598
1767538366.516951,37951.414
1767538366.618216,37900.64
1767538366.7434292,37903.91
1767538366.8447318,37943.324
1767538366.945981,37906.133
1767538367.0472739,37899.957
1767538367.148573,37905.125
1767538367.249368,37812.324
1767538367.350584,37831.09
1767538367.451832,37810.15
1767538367.553202,37896.727
1767538367.654495,37912.035
1767538367.755789,37844.305
1767538367.8566751,37815.203
1767538367.958441,37830.24
1767538368.059691,37780.75,37783.465
1767538368.1610398,37847.88
1767538368.262412,37847.402
1767538368.36397,37849.914
1767538368.4724748,37750.75
1767538368.575233,37742.44
1767538368.676162,37744.55
1767538368.7833002,37812.258
1767538368.88483,37851.754
1767538368.991113,37748.465
1767538369.095295,37731.3
1767538369.196741,37713.516
1767538369.297724,37693.457
1767538369.399151,37707.934
1767538369.500386,37812.848
1767538369.604865,37766.527
1767538369.706292,37756.16
1767538369.807754,37688.1
1767538369.908315,37644.004
1767538370.009707,37704.016
1767538370.110819,37817.45
1767538370.2121909,37780.81
1767538370.3135948,37727.99
1767538370.414881,37816.387
1767538370.521585,37750.934
1767538370.623376,37659.254
1767538370.724706,37752.18
1767538370.826303,37673.5
1767538370.9270191,37707.3
1767538371.027715,37637.906
1767538371.128486,37649.09
1767538371.229793,37649.41
1767538371.33149,37578.363
1767538371.432798,37707.535
1767538371.534157,37643.523
1767538371.635356,37645.305
1767538371.7364979,37698.207
1767538371.8595269,37580.85,37665.76
1767538371.960902,37637.734
1767538372.0622,37571.215
1767538372.163539,37611.777
1767538372.264878,37663.68
1767538372.3662238,37586.33
1767538372.467579,37589.793
1767538372.568804,37576.996
1767538372.6700659,37654.438
1767538372.7714088,37467.066
1767538372.872618,37613.34
1767538372.9738932,37567.742
1767538373.074715,37587.527
1767538373.1759841,37497.195
1767538373.277341,37515.906
1767538373.3782809,37600.266
1767538373.479608,37538.434
1767538373.580895,37558.957
1767538373.6821718,37498.312
1767538373.782709,37525.047
1767538373.883167,37482.17
1767538373.9837272,37489.152
1767538374.083945,37413.0
1767538374.1852229,37472.58
1767538374.286619,37474.074
1767538374.387989,37493.824
1767538374.488605,37547.95
1767538374.5891688,37437.18
1767538374.689792,37447.28
1767538374.791164,37472.52
1767538374.8924448,37519.203
1767538374.9937248,37338.375
1767538375.094219,37372.402
1767538375.19546,37419.23
1767538375.2968268,37420.895
1767538375.3979268,37443.316
1767538375.499251,37404.457
1767538375.6004941,37477.656
1767538375.701854,37349.44
1767538375.80319,37480.17
1767538375.9044821,37420.5
1767538376.005801,37435.88
1767538376.10706,37322.195
1767538376.2075698,37395.047
1767538376.3088598,37271.766
1767538376.410271,37374.4
1767538376.511595,37422.21
1767538376.612917,37361.98
1767538376.7142248,37319.945
1767538376.837258,37297.816
1767538376.938282,37339.19
1767538377.03967,37344.395
1767538377.140321,37312.598
1767538377.241656,37272.902
1767538377.3426518,37316.74
1767538377.4439309,37302.86
1767538377.54526,37257.016
1767538377.6464891,37341.34
1767538377.747833,37347.79
1767538377.849122,37305.77
1767538377.949451,37254.33
1767538378.0507898,37278.715
1767538378.152086,37277.918
1767538378.25332,37240.47
1767538378.35452,37310.848
1767538378.455352,37185.47
1767538378.5567338,37189.566
1767538378.658016,37200.67
1767538378.7592561,37200.9,37323.99
1767538378.8605702,37157.89
1767538378.961777,37231.164
1767538379.062925,37161.32
1767538379.164236,37142.977
1767538379.265459,37169.004
1767538379.3667042,37142.605
1767538379.4679942,37109.71
1767538379.569328,37160.984
1767538379.670601,37158.56
1767538379.771915,37102.715
1767538379.8731441,37132.38
1767538379.9744482,37128.434
1767538380.075673,37134.668
1767538380.1768,37161.02
1767538380.277406,37070.18
1767538380.378048,37072.14
1767538380.478542,37095.76
1767538380.579735,37144.707
1767538380.680948,37063.18
1767538380.78236,37085.45
1767538380.883565,37103.73
1767538380.9841092,36999.86
1767538381.085369,36984.87
1767538381.186717,37032.777
1767538381.288022,37095.047
1767538381.389289,37040.887
1767538381.490664,37129.996
1767538381.591955,37066.42
1767538381.693256,36995.2
1767538381.79458,37013.188
1767538381.918932,37063.543
1767538382.0202959,37043.43
1767538382.121253,36968.508
1767538382.221727,36993.582
1767538382.3229399,36997.53
1767538382.4233978,37048.26
1767538382.523804,36972.09
1767538382.6244428,36947.277
1767538382.725951,36952.875
1767538382.827457,36960.348
1767538382.928229,36970.68
1767538383.02958,37001.895
1767538383.1310349,37003.863
1767538383.2315788,36913.46
1767538383.33833,37047.547
1767538383.439735,36960.75
1767538383.5414479,36984.465
1767538383.644127,36943.367
1767538383.745497,36923.387
1767538383.847625,36933.594
1767538383.949962,36879.652
1767538384.057865,36944.164
1767538384.159392,36933.492,36892.254
1767538384.2639449,36913.734
1767538384.3652601,36873.74
1767538384.467663,36887.277
1767538384.5694342,36847.04
1767538384.672415,36889.98
1767538384.773959,36864.496
1767538384.8750541,36856.16
1767538384.976546,36877.73
1767538385.0780108,36790.742
1767538385.1796281,36769.98
1767538385.2810318,36770.566
1767538385.387083,36863.074
1767538385.490592,36819.863
1767538385.591994,36837.555
1767538385.6938848,36690.09
1767538385.7951832,36794.375
1767538385.896189,36782.836
1767538385.997608,36802.64
1767538386.098231,36805.066
1767538386.1995819,36753.906
1767538386.300766,36719.03
1767538386.402028,36762.637
1767538386.502406,36728.977
1767538386.603888,36709.79
1767538386.705152,36668.39
1767538386.8063629,36806.477
1767538386.929661,36694.914
1767538387.03091,36750.727
1767538387.1322172,36735.266
1767538387.233493,36756.926
1767538387.334838,36681.863
1767538387.4363189,36692.094
1767538387.537666,36672.93
1767538387.6390688,36626.285
1767538387.740294,36679.36
1767538387.84158,36572.035
1767538387.942409,36663.977
1767538388.043193,36706.707
1767538388.1445298,36648.156
1767538388.245861,36669.914
1767538388.3471518,36569.957
1767538388.4484391,36618.027
1767538388.5497339,36613.74
1767538388.651097,36659.797
1767538388.752338,36665.65
1767538388.853597,36568.348
1767538388.954796,36564.125
1767538389.056067,36570.773
1767538389.1574678,36525.797
1767538389.258755,36592.81,36604.055
1767538389.36007,36567.715
1767538389.461309,36525.39
1767538389.562623,36538.4
1767538389.663842,36608.945
1767538389.765075,36453.53
1767538389.8654919,36551.805
1767538389.9667342,36499.098
1767538390.067999,36484.47
1767538390.169267,36531.47
1767538390.270598,36470.168
1767538390.3719208,36426.695
1767538390.4732878,36525.82
1767538390.574583,36565.133
1767538390.6749911,36306.895
1767538390.776383,36506.31
1767538390.877672,36361.293
1767538390.979,36390.61
1767538391.080321,36419.48
1767538391.18162,36472.785
1767538391.282805,36314.094
1767538391.383269,36313.13
1767538391.484461,36402.312
1767538391.585702,36469.254
1767538391.686579,36389.742
1767538391.7879171,36349.86
1767538391.889289,36456.55
1767538392.0121431,36514.92
1767538392.113385,36422.12
1767538392.214606,36306.406
1767538392.3149838,36298.918
1767538392.416321,36275.695
1767538392.517694,36404.133
1767538392.618656,36424.25
1767538392.7195048,36351.195
1767538392.820107,36331.066
1767538392.92082,36336.19
1767538393.022121,36367.785
1767538393.1234481,36186.992
1767538393.224778,36261.992
1767538393.325824,36342.395
1767538393.427135,36293.836
1767538393.52848,36252.902
1767538393.629812,36342.516
1767538393.731154,36268.637
1767538393.83247,36283.133
1767538393.932938,36254.63
1767538394.034304,36296.688
1767538394.135621,36269.867
1767538394.236647,36244.92
1767538394.3371909,36148.293
1767538394.438539,36165.258
1767538394.53988,36258.043
1767538394.640773,36148.496
1767538394.742181,36168.586
1767538394.8434749,36124.34
1767538394.944833,36117.375
1767538395.0460851,36198.168
1767538395.147394,36111.742
1767538395.248738,36231.04
1767538395.350067,36167.336
1767538395.4513412,36146.78
1767538395.55258,36104.527
1767538395.653894,36133.168
1767538395.755139,36221.266
1767538395.8565161,36055.3
1767538395.957833,36192.38
1767538396.059244,36118.46,36042.19
1767538396.160535,36053.2
1767538396.261856,36107.867
1767538396.363115,36111.355
1767538396.464438,36063.99
1767538396.56576,36027.96
1767538396.667072,36045.85
1767538396.768318,35937.066
1767538396.869676,36087.633
1767538396.970544,36036.168
1767538397.0929668,35903.67
1767538397.194161,35998.72
1767538397.295388,36025.617
1767538397.3967109,35971.96
1767538397.497334,35936.9
1767538397.5986922,36003.47
1767538397.700005,36000.117
1767538397.800995,35902.062
1767538397.9022248,35918.586
1767538398.0037189,35933.58
1767538398.105032,35946.953
1767538398.206292,35989.79
1767538398.30754,35837.918
1767538398.408849,35910.57
1767538398.50979,35881.09
1767538398.611021,35861.63
1767538398.7123652,35839.004
1767538398.813695,35861.055
1767538398.914996,35807.492
1767538399.016284,35770.48
1767538399.117665,35922.99
1767538399.218892,35779.56
1767538399.320142,35893.21
1767538399.421003,35791.676
1767538399.521919,35807.527
1767538399.623254,35745.863
1767538399.724564,35809.688
1767538399.825944,35827.906
1767538399.927108,35756.99
1767538400.02754,35733.293
1767538400.12885,35753.934
1767538400.230062,35753.863
1767538400.331315,35697.234
1767538400.432706,35728.695
1767538400.533995,35745.133
1767538400.635343,35735.13
1767538400.736753,35780.664
1767538400.8380768,35728.203
1767538400.9393501,35763.355
1767538401.0407,35722.02
1767538401.142014,35655.98
1767538401.2435808,35718.523
1767538401.344838,35680.918
1767538401.446172,35709.63
1767538401.547392,35596.027
1767538401.648696,35650.914
1767538401.7499871,35683.61
1767538401.850899,35635.875
1767538401.9523132,35622.61
1767538402.053665,35724.72
1767538402.1560051,35546.055
1767538402.2785869,35690.332,35620.95
1767538402.379922,35542.98
1767538402.4809148,35549.664
1767538402.582121,35630.117
1767538402.683372,35583.17
1767538402.78397,35565.91
1767538402.8853009,35531.484
1767538402.9867148,35604.645
1767538403.087975,35536.59
1767538403.1894479,35555.715
1767538403.2906199,35595.918
1767538403.391993,35560.105
1767538403.493233,35567.203
1767538403.5935922,35532.43
1767538403.694836,35435.62
1767538403.796084,35448.047
1767538403.897411,35499.6
1767538403.9986382,35488.5
1767538404.099626,35550.97
1767538404.201011,35507.145
1767538404.3024461,35421.203
1767538404.40351,35434.92
1767538404.504096,35462.223
1767538404.605412,35409.86
1767538404.706645,35427.82
1767538404.807979,35511.676
1767538404.9092538,35455.35
1767538405.0106392,35349.92
1767538405.111965,35340.574
1767538405.212768,35352.53
1767538405.314056,35549.234
1767538405.414419,35292.97
1767538405.515163,35313.426
1767538405.616447,35440.113
1767538405.717769,35388.734
1767538405.818227,35359.586
1767538405.919505,35266.953
1767538406.020888,35288.906
1767538406.122148,35262.58
1767538406.223496,35298.504
1767538406.324609,35299.152
1767538406.425733,35373.438
1767538406.527076,35264.195
1767538406.628308,35298.78
1767538406.729527,35276.12
1767538406.830086,35283.46
1767538406.931434,35226.42
1767538407.032659,35257.37
1767538407.133984,35279.277
1767538407.2564821,35246.56
1767538407.357468,35205.887
1767538407.4587572,35150.33
1767538407.560019,35191.31
1767538407.661279,35102.285,35150.414
1767538407.762634,35264.258
1767538407.863905,35208.406
1767538407.965222,35115.816
1767538408.066168,35073.547
1767538408.167531,35119.46
1767538408.268318,35141.055
1767538408.369579,35180.504
1767538408.47084,35073.543
1767538408.572172,35092.605
1767538408.6733289,35113.75
1767538408.7746508,35036.504
1767538408.875912,35090.082
1767538408.9771469,35010.46
1767538409.077579,34949.984
1767538409.1789188,35012.008
1767538409.280256,35007.9
1767538409.381572,34909.617
1767538409.482888,35031.65
1767538409.584258,35095.7
1767538409.685506,35014.168
1767538409.7868018,35033.137
1767538409.8880231,35068.402
1767538409.989272,34896.496
1767538410.090636,35047.117
1767538410.191943,35020.35
1767538410.29321,34919.24
1767538410.394444,34990.85
1767538410.495759,34928.94
1767538410.5969899,34996.58
1767538410.6983092,34880.61
1767538410.7997131,34878.895
1767538410.901022,34887.727
1767538411.002368,34964.652
1767538411.103328,34916.188
1767538411.204671,34837.31
1767538411.305922,34924.82
1767538411.406504,34789.453
1767538411.507881,34868.625
1767538411.608326,34812.03
1767538411.709086,34843.027
1767538411.8103669,34916.91
1767538411.911718,34760.64
1767538412.0130408,34798.66
1767538412.114356,34800.246
1767538412.215641,34762.965
1767538412.338495,34787.58
1767538412.439741,34755.902
1767538412.541111,34827.34
1767538412.642375,34696.746
1767538412.7436569,34739.13
1767538412.845054,34772.363
1767538412.9460301,34753.33
1767538413.047328,34718.87
1767538413.148533,34720.676
1767538413.249847,34721.473
1767538413.3512871,34681.008
1767538413.452627,34685.297
1767538413.553866,34615.473
1767538413.655244,34651.066
1767538413.756638,34602.08
1767538413.857795,34615.39
1767538413.959038,34692.375,34564.523
1767538414.060426,34680.004
1767538414.1616352,34643.84
1767538414.262377,34637.58
1767538414.363395,34740.66
1767538414.463833,34707.324
1767538414.565163,34611.31
1767538414.6664782,34519.258
1767538414.7678201,34591.973
1767538414.86908,34530.246
1767538414.970384,34539.777
1767538415.071691,34508.477
1767538415.172328,34502.992
1767538415.273628,34434.48
1767538415.374474,34556.363
1767538415.475768,34363.074
1767538415.5769348,34548.133
1767538415.678175,34598.23
1767538415.779474,34444.094
1767538415.880714,34527.508
1767538415.9820302,34449.793
1767538416.083317,34410.67
1767538416.18467,34447.277
1767538416.2859251,34425.523
1767538416.387276,34457.1
1767538416.488182,34410.035
1767538416.589568,34452.01
1767538416.690889,34371.29
1767538416.792214,34327.312
1767538416.893152,34308.508
1767538416.994414,34332.066
1767538417.095754,34280.832
1767538417.197045,34291.2
1767538417.2980428,34373.04
1767538417.4214551,34276.37
1767538417.52267,34243.37
1767538417.623828,34315.652
1767538417.725333,34186.395
1767538417.826602,34212.76
1767538417.9279659,34300.586
1767538418.028519,34235.54
1767538418.1297479,34312.207
1767538418.231058,34279.715
1767538418.3319879,34220.844
1767538418.4333482,34274.664
1767538418.5347352,34203.277
1767538418.635987,34208.066
1767538418.7373729,34205.812
1767538418.83872,34161.61
1767538418.940062,34197.82
1767538419.041395,34209.145
1767538419.142723,34102.945
1767538419.243969,34153.906
1767538419.345275,34066.367
1767538419.4464908,34116.254
1767538419.547704,34182.75
1767538419.648913,34197.32
1767538419.7502809,34117.445
1767538419.8516061,34055.69
1767538419.952965,34042.742
1767538420.054307,34133.133
1767538420.155742,34042.285
1767538420.256067,34065.812
1767538420.357321,34106.973
1767538420.458714,33917.58
1767538420.559982,33997.68,33989.812
1767538420.661319,34056.457
1767538420.762542,33946.87
1767538420.863877,33981.14
1767538420.9652212,33996.863
1767538421.065687,33877.73
1767538421.167032,33914.82
1767538421.26831,33935.035
1767538421.369565,33842.062
1767538421.470857,33968.223
1767538421.572182,33977.8
1767538421.673374,33922.4
1767538421.774137,33889.367
1767538421.874969,33865.12
1767538421.976214,33864.33
1767538422.0774279,33933.277
1767538422.178494,33823.844
1767538422.279459,33816.605
1767538422.380717,33871.605
1767538422.5038211,33793.72
1767538422.604665,33821.59
1767538422.705415,33809.79
1767538422.806747,33765.348
1767538422.908032,33830.297
1767538423.009305,33749.06
1767538423.110559,33754.375
1767538423.211775,33751.816
1767538423.313081,33773.973
1767538423.414358,33728.715
1767538423.515549,33710.57
1767538423.616832,33677.094
1767538423.7181308,33730.273
1767538423.819442,33691.387
1767538423.920683,33617.066
1767538424.022156,33619.8
1767538424.123497,33613.523
1767538424.224777,33640.145
1767538424.3260212,33713.52
1767538424.4272552,33601.035
1767538424.5285702,33612.91
1767538424.629785,33684.887
1767538424.730453,33621.387
1767538424.8308558,33514.36
1767538424.9321852,33544.64
1767538425.032456,33597.45
1767538425.133174,33656.45
1767538425.2335842,33532.4
1767538425.334045,33542.23
1767538425.4345222,33541.336
1767538425.535282,33554.3
1767538425.635583,33522.914
1767538425.7361128,33561.254
1767538425.8367832,33491.004
1767538425.937312,33422.145
1767538426.037722,33466.086
1767538426.138605,33470.01
1767538426.238976,33503.617
1767538426.339774,33475.73
1767538426.440335,33467.08
1767538426.54078,33373.195
1767538426.641223,33388.855
1767538426.7420108,33386.676
1767538426.842293,33367.484
1767538426.942791,33426.133
1767538427.0432231,33350.938
1767538427.143703,33429.023
1767538427.243952,33373.31
1767538427.344809,33360.805
1767538427.4451342,33331.793
1767538427.570626,33223.805,33282.875
1767538427.671015,33313.133
1767538427.7721002,33354.016
1767538427.872524,33257.445
1767538427.97387,33268.24
1767538428.074528,33264.71
1767538428.175497,33230.32
1767538428.276296,33195.863
1767538428.376811,33199.516
1767538428.4771981,33239.285
1767538428.5775092,33139.812
1767538428.678078,33197.137
1767538428.778444,33155.58
1767538428.8796391,33198.906
1767538428.9800792,33093.94
1767538429.081425,33209.36
1767538429.1823308,33163.98
1767538429.282676,33141.945
1767538429.383008,33174.383
1767538429.483406,33100.47
1767538429.5839329,33023.383
1767538429.684372,33009.14
1767538429.7850509,33167.207
1767538429.886092,33148.8
1767538429.986468,32946.71
1767538430.086865,32973.12
1767538430.1874309,32967.168
1767538430.288843,33010.0
1767538430.3898618,33077.36
1767538430.49046,33041.855
1767538430.591189,32970.125
1767538430.691482,32963.688
1767538430.7918751,32997.92
1767538430.892357,32970.56
1767538430.993241,33000.74
1767538431.093765,32983.15
1767538431.194099,32897.203
1767538431.2945302,32927.316
1767538431.3953888,32916.203
1767538431.496363,32837.445
1767538431.597528,32876.984
1767538431.698074,32763.068
1767538431.7986948,32873.453
1767538431.899072,32815.77
1767538431.999416,32833.29
1767538432.099796,32876.586
1767538432.200737,32809.31
1767538432.301027,32728.734
1767538432.4014149,32741.611
1767538432.502792,32773.652
1767538432.627776,32698.385
1767538432.728107,32680.7
1767538432.8294358,32752.846
1767538432.9303849,32755.455
1767538433.030827,32741.754
1767538433.131781,32670.807
1767538433.232121,32671.826
1767538433.332583,32624.285
1767538433.433504,32624.123
1767538433.533812,32623.867
1767538433.634179,32692.596
1767538433.7351308,32651.953
1767538433.8362188,32624.268
1767538433.937239,32680.51
1767538434.037567,32584.86
1767538434.138599,32600.277
1767538434.2389839,32548.684
1767538434.339326,32653.879
1767538434.440289,32594.621
1767538434.541315,32608.156
1767538434.641611,32572.621
1767538434.74207,32553.225
1767538434.843018,32516.184
1767538434.944049,32410.451
1767538435.0444732,32453.76
1767538435.145408,32445.707
1767538435.24617,32528.11
1767538435.347123,32470.748
1767538435.4477599,32449.578
1767538435.548104,32487.832
1767538435.648532,32399.967
1767538435.748855,32316.37
1767538435.849154,32448.793
1767538435.949451,32375.205
1767538436.049839,32323.564
1767538436.150814,32358.406
1767538436.2514079,32269.93
1767538436.352106,32283.297
1767538436.452542,32345.553
1767538436.5539122,32334.098
1767538436.6550841,32272.082
1767538436.755541,32324.807
1767538436.85644,32399.32
1767538436.956856,32281.412
1767538437.0575428,32254.666
1767538437.158313,32288.322
1767538437.258764,32256.922
1767538437.359631,32225.436
1767538437.460347,32257.184
1767538437.5606961,32169.365
1767538437.685268,32291.168,32103.0
1767538437.7856672,32137.61
1767538437.886645,32125.924
1767538437.98752,32175.443
1767538438.088855,32160.307
1767538438.1892679,32147.889
1767538438.289985,32143.838
1767538438.391196,32141.174
1767538438.4916549,32123.82
1767538438.5926971,32094.955
1767538438.693391,32041.162
1767538438.7938461,32038.95
1767538438.8941891,31973.377
1767538438.9950452,32132.662
1767538439.096413,31977.633
1767538439.196744,32049.74
1767538439.297559,31955.037
1767538439.39824,31948.35
1767538439.498938,31977.7
1767538439.599954,31899.299
1767538439.701092,31918.521
1767538439.802403,31835.07
1767538439.903771,31887.582
1767538440.004208,31915.705
1767538440.10506,31825.33
1767538440.2054012,31824.441
1767538440.3059661,31818.684
1767538440.406786,31829.322
1767538440.5071201,31893.293
1767538440.607563,31839.46
1767538440.70838,31822.227
1767538440.808807,31711.549
1767538440.9095109,31807.516
1767538441.00981,31744.092
1767538441.110502,31792.947
1767538441.21105,31742.488
1767538441.311476,31788.98
1767538441.41213,31715.771
1767538441.5125,31753.621
1767538441.6135502,31713.49
1767538441.713879,31661.395
1767538441.8151941,31667.463
1767538441.9162319,31721.016
1767538442.016642,31639.72
1767538442.117198,31652.158
1767538442.217607,31666.418
1767538442.317909,31643.604
1767538442.4183612,31620.79
1767538442.519344,31573.838
1767538442.6196978,31537.383
1767538442.744235,31536.13
1767538442.844728,31482.357
1767538442.9452841,31572.428
1767538443.0457659,31509.688
1767538443.146129,31532.613
1767538443.2464871,31455.62
1767538443.347355,31499.174
1767538443.447696,31469.133
1767538443.5481632,31456.248
1767538443.648505,31526.99
1767538443.749058,31532.393
1767538443.849514,31485.398
1767538443.949978,31440.348
1767538444.0505111,31350.693
1767538444.151027,31327.543
1767538444.251433,31344.969
1767538444.3519208,31425.162
1767538444.4533162,31367.521
1767538444.5542998,31349.38
1767538444.6551292,31278.766
1767538444.756293,31314.81
1767538444.8567061,31237.666
1767538444.9573178,31292.43
1767538445.058572,31198.188
1767538445.158837,31213.568
1767538445.2592618,31325.467
1767538445.359668,31233.021
1767538445.46013,31194.748
1767538445.5613701,31254.664
1767538445.662648,31166.604,31173.82
1767538445.7629702,31218.525
1767538445.863314,31201.02
1767538445.9636638,31125.984
1767538446.064459,31088.242
1767538446.165451,31107.846
1767538446.266668,31055.271
1767538446.367043,31084.57
1767538446.46735,31075.848
1767538446.5677388,31025.213
1767538446.6687202,31029.494
1767538446.769791,31037.408
1767538446.870463,31019.047
1767538446.970859,30922.928
1767538447.071488,31017.834
1767538447.172472,31006.855
1767538447.273154,30984.203
1767538447.3737862,30965.19
1767538447.4742558,30968.076
1767538447.575104,30913.977
1767538447.675568,30933.297
1767538447.7991319,30891.854
1767538447.9003258,30849.299
1767538448.001048,30899.62
1767538448.101302,30914.725
1767538448.201587,30845.035
1767538448.302193,30790.348
1767538448.4031749,30782.912
1767538448.504004,30747.812
1767538448.605012,30806.2
1767538448.705485,30766.938
1767538448.805899,30765.463
1767538448.90639,30735.496
1767538449.0068102,30762.494
1767538449.1071959,30657.455
1767538449.2079759,30710.143
1767538449.3083022,30681.783
1767538449.409018,30657.166
1767538449.5097861,30689.57
1767538449.610234,30731.176
1767538449.7105348,30606.832
1767538449.8113868,30750.695
1767538449.911715,30585.252
1767538450.01227,30586.076
1767538450.112947,30649.225
1767538450.2134771,30571.008
1767538450.314276,30552.656
1767538450.415064,30584.834
1767538450.515405,30509.271
1767538450.616214,30439.22
1767538450.71677,30488.916
1767538450.8171608,30482.842
1767538450.917689,30472.191
1767538451.01894,30413.082
1767538451.11995,30474.662
1767538451.2209332,30426.959
1767538451.321826,30396.74
1767538451.422292,30372.998
1767538451.5233111,30403.965
1767538451.624042,30315.65
1767538451.724437,30332.752
1767538451.825042,30276.633
1767538451.925473,30305.955
1767538452.0263948,30239.139
1767538452.12699,30314.953
1767538452.227745,30273.691
1767538452.328091,30331.432
1767538452.4284549,30332.322
1767538452.529366,30214.676
1767538452.630363,30262.205
1767538452.730937,30208.146
1767538452.8547,30219.924
1767538452.9559731,30238.928
1767538453.056458,30226.541
1767538453.157398,30120.432
1767538453.257959,30099.752
1767538453.358814,30187.824
1767538453.459789,30078.312
1767538453.560144,30012.188
1767538453.6604958,30085.79
1767538453.760915,29993.203
1767538453.86219,30095.826,30035.791
1767538453.962852,30091.836
1767538454.063214,29958.77
1767538454.1642282,30118.082
1767538454.2646022,30031.814
1767538454.365569,29988.992
1767538454.466829,29907.416
1767538454.56782,29900.537
1767538454.66902,29986.803
1767538454.770241,29952.785
1767538454.870662,29894.025
1767538454.9710941,29753.541
1767538455.072076,29868.531
1767538455.172431,29865.1
1767538455.272788,29843.666
1767538455.373792,29899.895
1767538455.474241,29836.314
1767538455.57515,29724.484
1767538455.6764019,29783.082
1767538455.776799,29849.873
1767538455.877645,29778.424
1767538455.978087,29673.78
1767538456.0788338,29652.643
1767538456.180129,29753.678
1767538456.2810721,29678.803
1767538456.38179,29753.928
1767538456.4829812,29615.53
1767538456.583921,29660.074
1767538456.684305,29690.44
1767538456.7851899,29555.027
1767538456.885618,29566.674
1767538456.9869492,29610.633
1767538457.087444,29571.246
1767538457.1885388,29530.953
1767538457.288934,29610.662
1767538457.389245,29524.432
1767538457.490121,29531.867
1767538457.5907981,29495.098
1767538457.691246,29514.574
1767538457.792643,29392.596
1767538457.9156532,29432.332
1767538458.0160792,29365.023
1767538458.116527,29420.156
1767538458.216984,29456.889
1767538458.317708,29387.436
1767538458.418729,29355.246
1767538458.519017,29317.092
1767538458.620325,29334.168
1767538458.72115,29385.135
1767538458.82221,29377.23
1767538458.922624,29231.934
1767538459.023103,29273.586
1767538459.123898,29269.621
1767538459.224931,29232.879
1767538459.325383,29281.627
1767538459.426254,29179.27
1767538459.526758,29231.46
1767538459.6271338,29169.303
1767538459.7279308,29205.785
1767538459.828328,29150.494
1767538459.929585,29144.33
1767538460.029988,29128.463
1767538460.130582,29053.084
1767538460.2317262,29136.898
1767538460.332447,29125.838
1767538460.432794,29100.402
1767538460.5332391,28972.572
1767538460.634835,29061.607
1767538460.73618,29032.535
1767538460.836965,29047.21
1767538460.937341,29024.111
1767538461.0376909,28920.443
1767538461.13824,28950.582
1767538461.238593,28969.13
1767538461.339324,29012.242
1767538461.4398239,28888.096
1767538461.5402398,28899.643
1767538461.640667,28870.854
1767538461.741364,28770.936
1767538461.841792,28805.59
1767538461.942202,28879.137
1767538462.0425742,28783.158
1767538462.143293,28769.684
1767538462.2443252,28777.367
1767538462.3448372,28820.271
1767538462.4452102,28762.16
1767538462.546371,28751.533
1767538462.6467252,28683.342
1767538462.747045,28745.682
1767538462.84801,28676.68
1767538462.972095,28642.69,28625.322
1767538463.0725062,28655.03
1767538463.173059,28673.77
1767538463.273986,28547.066
1767538463.3743649,28571.162
1767538463.474891,28543.197
1767538463.575689,28530.285
1767538463.6767519,28529.938
1767538463.7777228,28450.328
1767538463.878068,28479.385
1767538463.978593,28554.963
1767538464.078959,28421.035
1767538464.179669,28382.094
1767538464.279988,28485.605
1767538464.3804889,28361.393
1767538464.480928,28419.656
1767538464.581439,28432.268
1767538464.681847,28364.506
1767538464.78217,28352.746
1767538464.882825,28282.053
1767538464.983083,28249.295
1767538465.084223,28243.285
1767538465.185605,28306.977
1767538465.286274,28355.64
1767538465.38655,28307.61
1767538465.4869719,28226.547
1767538465.588345,28202.266
1767538465.688853,28077.488
1767538465.78928,28174.762
1767538465.889643,28148.6
1767538465.9900212,28189.697
1767538466.0904691,28096.094
1767538466.1915991,28112.807
1767538466.2923882,28104.979
1767538466.392791,28103.955
1767538466.493058,28084.293
1767538466.5941172,28003.121
1767538466.694452,28071.469
1767538466.79548,28049.47
1767538466.896443,28051.006
1767538466.996811,27945.012
1767538467.09786,27974.463
1767538467.198636,27923.496
1767538467.299006,27869.03
1767538467.399582,27973.9
1767538467.500103,27968.135
1767538467.6014888,27806.303
1767538467.702641,27843.537
1767538467.8037,27768.982
1767538467.904605,27804.973
1767538468.029334,27776.342
1767538468.129857,27784.5
1767538468.2307892,27810.3
1767538468.331976,27778.191
1767538468.4329212,27721.146
1767538468.533349,27874.238
1767538468.633897,27663.64
1767538468.734195,27688.941
1767538468.8350441,27688.89
1767538468.935908,27660.93
1767538469.036442,27575.389
1767538469.13746,27618.299
1767538469.238849,27656.686
1767538469.339473,27594.143
1767538469.440036,27591.684
1767538469.540782,27604.361
1767538469.6412292,27587.812
1767538469.741898,27472.662
1767538469.843161,27533.209
1767538469.944554,27434.834
1767538470.0451992,27517.316
1767538470.146122,27441.18
1767538470.2466428,27478.762
1767538470.347751,27396.389
1767538470.448651,27429.605
1767538470.549013,27404.213
1767538470.6496158,27290.21
1767538470.750603,27312.676
1767538470.8514261,27376.15
1767538470.952818,27226.35
1767538471.053857,27299.184
1767538471.154412,27311.84
1767538471.255815,27258.082
1767538471.3566191,27253.895
1767538471.457597,27229.043
1767538471.558461,27212.12
1767538471.6588328,27254.143
1767538471.759215,27146.96
1767538471.860258,27166.936
1767538471.960742,27114.16
1767538472.061575,27023.453,27173.482
1767538472.162011,27051.334
1767538472.262548,27068.48
1767538472.363008,26969.54
1767538472.463351,26978.867
1767538472.564681,27003.936
1767538472.6657238,27051.965
1767538472.76613,26951.223
1767538472.867004,26941.06
1767538472.967427,26935.744
1767538473.09138,26863.166
1767538473.1919968,26899.256
1767538473.293317,26901.646
1767538473.39374,26805.492
1767538473.4943428,26795.26
1767538473.594957,26639.764
1767538473.696091,26755.826
1767538473.7967649,26694.111
1767538473.897228,26778.914
1767538473.9981272,26746.254
1767538474.0988538,26676.723
1767538474.199199,26756.873
1767538474.299737,26612.219
1767538474.4007628,26580.318
1767538474.5011241,26673.596
1767538474.602525,26633.492
1767538474.703077,26628.502
1767538474.8036091,26520.264
1767538474.90449,26630.547
1767538475.004859,26506.451
1767538475.1051881,26532.416
1767538475.205604,26578.463
1767538475.3059452,26581.65
1767538475.406966,26463.121
1767538475.508033,26448.06
1767538475.608431,26405.709
1767538475.709274,26387.12
1767538475.809717,26430.018
1767538475.910144,26415.584
1767538476.010932,26375.79
1767538476.111263,26285.143
1767538476.211613,26388.805
1767538476.3124201,26326.066
1767538476.413337,26352.408
1767538476.514128,26221.594
1767538476.615147,26335.494
1767538476.7161632,26206.145
1767538476.8165429,26247.734
1767538476.916972,26163.361
1767538477.017432,26252.705
1767538477.11802,26095.094
1767538477.219487,26136.533
1767538477.319725,26107.846
1767538477.4205282,26080.172
1767538477.521405,26070.297
1767538477.621897,26011.854
1767538477.722987,26030.287
1767538477.8237,26026.135
1767538477.924605,26062.307
1767538478.025364,26015.908
1767538478.126736,25869.613
1767538478.250262,25937.31
1767538478.351006,25909.445
1767538478.451366,25946.486
1767538478.552338,25826.217
1767538478.653685,25907.186
1767538478.7540522,25865.322
1767538478.854541,25778.176
1767538478.955574,25788.232
1767538479.056152,25756.547
1767538479.157096,25671.686
1767538479.258105,25715.8
1767538479.358464,25764.139
1767538479.4588,25784.527
1767538479.559743,25694.688
1767538479.660223,25732.234
1767538479.761131,25730.707,25617.307
1767538479.861569,25584.104
1767538479.9618182,25620.371
1767538480.0628228,25594.387
1767538480.1632042,25605.086
1767538480.263659,25584.371
1767538480.364395,25472.055
1767538480.464994,25481.205
1767538480.56569,25505.713
1767538480.666085,25405.547
1767538480.766458,25357.861
1767538480.8671098,25481.14
1767538480.967922,25381.28
1767538481.0691688,25458.578
1767538481.169615,25357.305
1767538481.270967,25327.984
1767538481.371941,25336.348
1767538481.4723861,25301.19
1767538481.5727592,25210.697
1767538481.673742,25269.955
1767538481.7741408,25303.875
1767538481.874706,25145.178
1767538481.975988,25160.428
1767538482.076863,25121.252
1767538482.178234,25213.088
1767538482.279562,25079.295
1767538482.380011,25073.082
1767538482.4813418,25045.854
1767538482.5817978,25027.03
1767538482.682606,25016.75
1767538482.782961,25016.092
1767538482.883326,25016.527
1767538482.983868,24983.232
1767538483.084661,24917.354
1767538483.210848,24980.232
1767538483.312063,24871.646
1767538483.413396,24884.807
1767538483.513688,24888.688
1767538483.614955,24923.805
1767538483.7152798,24859.602
1767538483.815896,24808.834
1767538483.916718,24817.158
1767538484.017716,24787.045
1767538484.118125,24770.24
1767538484.2190511,24740.857
1767538484.319788,24786.766
1767538484.420682,24674.697
1767538484.521287,24716.72
1767538484.622266,24579.053
1767538484.7226272,24575.955
1767538484.823251,24558.072
1767538484.92358,24551.17
1767538485.024391,24612.188
1767538485.125412,24576.64
1767538485.225717,24513.174
1767538485.326091,24560.77
1767538485.42685,24410.336
1767538485.5271628,24374.697
1767538485.627415,24445.65
1767538485.727911,24416.021
1767538485.82863,24432.56
1767538485.929433,24391.254
1767538486.029829,24400.592
1767538486.130141,24337.166
1767538486.230502,24348.543
1767538486.331472,24352.742
1767538486.432404,24313.28
1767538486.532773,24317.217
1767538486.633416,24258.469
1767538486.734197,24226.104
1767538486.8352482,24198.51
1767538486.935969,24163.824
1767538487.0372539,24194.94
1767538487.1376388,24100.043
1767538487.238335,24135.988
1767538487.3389719,24112.848
1767538487.439452,23974.588
1767538487.53998,23985.057
1767538487.641239,24075.068
1767538487.741948,23981.184
1767538487.842298,23896.371
1767538487.943037,23995.928
1767538488.04408,23921.275
1767538488.144459,23920.795
1767538488.270667,23924.297,23870.453
1767538488.37101,23800.385
1767538488.472043,23815.05
1767538488.5730739,23769.475
1767538488.673436,23843.81
1767538488.773804,23706.377
1767538488.874225,23711.021
1767538488.974745,23661.553
1767538489.0750878,23622.014
1767538489.175798,23741.393
1767538489.2761338,23612.205
1767538489.377119,23690.967
1767538489.478187,23642.258
1767538489.579034,23541.623
1767538489.6793962,23459.016
1767538489.780007,23559.852
1767538489.880555,23539.61
1767538489.98099,23551.74
1767538490.082261,23520.182
1767538490.183425,23436.48
1767538490.2838001,23388.91
1767538490.384418,23379.299
1767538490.485207,23329.8
1767538490.5858188,23419.04
1767538490.686618,23395.695
1767538490.787004,23360.848
1767538490.8879738,23170.664
1767538490.988489,23286.164
1767538491.089216,23306.844
1767538491.189558,23230.268
1767538491.290714,23259.617
1767538491.391493,23157.96
1767538491.492537,23223.627
1767538491.5931,23121.748
1767538491.693484,23184.38
1767538491.7938519,23087.982
1767538491.894241,22965.94
1767538491.994775,23047.877
1767538492.0954921,23105.184
1767538492.195981,22964.014
1767538492.296502,23010.98
1767538492.397593,22877.748
1767538492.4979572,22963.287
1767538492.598958,22953.293
1767538492.6994429,22884.525
1767538492.799836,22884.646
1767538492.9003189,22852.355
1767538493.0009432,22828.066
1767538493.10163,22742.979
1767538493.20208,22759.66
1767538493.3269,22758.758
1767538493.427242,22689.402
1767538493.5279481,22735.086
1767538493.628306,22663.967
1767538493.729314,22635.842
1767538493.829777,22665.678
1767538493.93027,22610.385
1767538494.030973,22622.113
1767538494.1314518,22463.594
1767538494.232188,22555.541
1767538494.333499,22597.488
1767538494.433901,22653.861
1767538494.534317,22465.719
1767538494.635176,22364.295
1767538494.7356339,22373.217
1767538494.8362439,22370.81
1767538494.937561,22419.074
1767538495.038504,22360.678
1767538495.1390028,22380.893
1767538495.2393951,22312.537
1767538495.340123,22303.52
1767538495.441228,22282.676
1767538495.5419059,22264.385
1767538495.642164,22154.744
1767538495.742881,22224.5
1767538495.843335,22177.115
1767538495.944282,22140.89
1767538496.0452821,22155.316
1767538496.146077,22038.06
1767538496.246625,22068.23
1767538496.347708,22002.334
1767538496.448437,22066.18
1767538496.548797,21965.389
1767538496.649237,21932.078
1767538496.749761,21970.531
1767538496.850121,21872.043
1767538496.95047,21939.328
1767538497.050935,21882.125
1767538497.151244,21939.701
1767538497.251769,21811.963
1767538497.352473,21865.98
1767538497.4529102,21764.553
1767538497.553992,21710.422
1767538497.6548102,21792.781
1767538497.755114,21716.771
1767538497.855558,21643.719
1767538497.9565718,21585.232
1767538498.057597,21660.143
1767538498.158033,21615.81
1767538498.258291,21578.504
1767538498.383683,21547.297,21517.16
1767538498.4850008,21557.545
1767538498.585952,21439.236
1767538498.687298,21424.197
1767538498.787731,21444.225
1767538498.888074,21436.717
1767538498.988433,21378.312
1767538499.0890481,21343.234
1767538499.190355,21342.422
1767538499.291014,21300.404
1767538499.391326,21278.281
1767538499.491575,21292.547
1767538499.59202,21208.36
1767538499.692344,21177.615
1767538499.79261,21148.889
1767538499.893068,21097.516
1767538499.993744,21162.121
1767538500.094316,21103.588
1767538500.194769,21110.137
1767538500.296084,21085.932
1767538500.396817,21021.535
1767538500.497174,20969.94
1767538500.597483,21050.312
1767538500.6979918,20961.31
1767538500.7987368,20962.326
1767538500.8997939,20918.578
1767538501.000179,20839.432
1767538501.1011589,20819.24
1767538501.201441,20809.287
1767538501.301719,20759.318
1767538501.402186,20762.98
1767538501.5032792,20788.145
1767538501.6036322,20763.396
1767538501.704134,20734.574
1767538501.804559,20675.736
1767538501.905249,20667.744
1767538502.0056572,20575.102
1767538502.106036,20576.004
1767538502.207346,20563.111
1767538502.308013,20568.457
1767538502.408479,20628.514
1767538502.509587,20463.44
1767538502.610325,20479.67
1767538502.7116532,20417.936
1767538502.812397,20425.885
1767538502.912819,20476.83
1767538503.013747,20350.396
1767538503.114806,20386.098
1767538503.216079,20319.615
1767538503.316544,20253.861
1767538503.442189,20365.094
1767538503.542707,20203.256
1767538503.6433039,20163.582
1767538503.744132,20169.951
1767538503.844503,20160.146
1767538503.944849,20081.346
1767538504.045262,20097.906
1767538504.145643,20031.09
1767538504.245986,20077.008
1767538504.346879,20054.395
1767538504.447259,20079.3
1767538504.548235,20073.746
1767538504.649305,19870.396
1767538504.74965,19891.023
1767538504.8503659,19933.137
1767538504.951286,19849.604
1767538505.05264,19826.602
1767538505.153049,19740.686
1767538505.25408,19765.348
1767538505.355408,19763.77
1767538505.455891,19795.824
1767538505.5568268,19720.662
1767538505.657475,19704.828
1767538505.758479,19663.576
1767538505.8594902,19606.664
1767538505.960435,19596.295,19605.23
1767538506.060866,19596.57
1767538506.161891,19529.988
1767538506.262913,19530.896
1767538506.363292,19499.283
1767538506.464271,19420.498
1767538506.564609,19374.205
1767538506.6654809,19411.984
1767538506.765988,19381.055
1767538506.866345,19390.809
1767538506.967344,19354.002
1767538507.068075,19364.984
1767538507.168715,19339.373
1767538507.2698119,19209.33
1767538507.3701918,19188.34
1767538507.471314,19198.648
1767538507.572132,19106.549
1767538507.673138,19160.87
1767538507.7741709,19101.479
1767538507.8751628,19109.852
1767538507.975455,19107.36
1767538508.076493,19003.443
1767538508.177393,19002.18
1767538508.277898,19075.13
1767538508.378266,18876.084
1767538508.5035121,18869.002
1767538508.604245,18917.99
1767538508.70482,18857.162
1767538508.805252,18963.305
1767538508.905677,18834.346
1767538509.0068831,18745.012
1767538509.107237,18726.162
1767538509.207666,18591.314
1767538509.308158,18761.5
1767538509.408501,18641.297
1767538509.509425,18675.035
1767538509.610323,18615.457
1767538509.710735,18569.23
1767538509.8116832,18522.463
1767538509.912883,18519.46
1767538510.013216,18633.994
1767538510.113657,18480.393
1767538510.214402,18448.404
1767538510.3148391,18359.1
1767538510.4151611,18466.691
1767538510.515768,18331.273
1767538510.6164439,18284.459
1767538510.716803,18278.61
1767538510.817782,18199.07
1767538510.918873,18241.398
1767538511.019773,18222.041
1767538511.1211882,18220.898
1767538511.221864,18176.31
1767538511.322331,18122.232
1767538511.4227588,18185.098
1767538511.5231209,18106.514
1767538511.6237519,18077.416
1767538511.7241201,18033.21
1767538511.824523,17964.336
1767538511.925484,17944.246
1767538512.0258229,17999.713
1767538512.126219,17911.822
1767538512.226603,17906.566
1767538512.327033,17797.78
1767538512.427404,17787.953
1767538512.528783,17778.992
1767538512.629226,17716.299
1767538512.7295842,17725.643
1767538512.8299708,17644.3
1767538512.930349,17693.969
1767538513.031561,17705.188
1767538513.132146,17662.945
1767538513.232499,17562.734
1767538513.333152,17606.576
1767538513.4342709,17512.178
1767538513.559535,17463.588
1767538513.660055,17459.922
1767538513.760983,17452.863
1767538513.8613162,17474.191,17347.664
1767538513.962006,17350.225
1767538514.06283,17310.287
1767538514.163754,17357.686
1767538514.264114,17307.64
1767538514.365105,17260.012
1767538514.465804,17251.32
1767538514.566622,17159.158
1767538514.667517,17179.88
1767538514.768229,17148.152
1767538514.868533,17172.494
1767538514.969171,17106.348
1767538515.070373,17123.64
1767538515.171208,17017.633
1767538515.271821,17031.889
1767538515.372705,16960.033
1767538515.473666,16905.129
1767538515.573964,16867.158
1767538515.6743848,16966.86
1767538515.77491,16830.709
1767538515.8757062,16788.652
1767538515.976063,16785.572
1767538516.077007,16818.018
1767538516.177369,16752.566
1767538516.277754,16713.254
1767538516.3782668,16664.02
1767538516.4788082,16681.041
1767538516.579294,16582.615
1767538516.679559,16614.367
1767538516.779992,16536.855
1767538516.880703,16536.559
1767538516.9814951,16565.064
1767538517.082536,16474.727
1767538517.1828532,16461.78
1767538517.2831302,16345.248
1767538517.383548,16397.756
1767538517.48486,16323.703
1767538517.585223,16317.224
1767538517.686292,16278.269
1767538517.787616,16378.157
1767538517.888323,16239.222
1767538517.988857,16134.886
1767538518.089855,16213.767
1767538518.1903958,16112.676
1767538518.29108,16105.939
1767538518.3923578,16046.129
1767538518.492696,16055.009
1767538518.619563,16042.069
1767538518.7199879,15975.428
1767538518.821343,15907.283
1767538518.9222558,15921.754
1767538519.022898,15932.147
1767538519.1233048,15810.242
1767538519.223978,15896.958
1767538519.324835,15815.14
1767538519.425112,15796.141
1767538519.525387,15717.117
1767538519.626503,15729.115
1767538519.726812,15693.487
1767538519.8272269,15665.847
1767538519.928449,15617.456
1767538520.029182,15591.331
1767538520.129596,15601.092
1767538520.230001,15610.283
1767538520.331,15480.156
1767538520.431979,15431.989
1767538520.5323389,15382.548
1767538520.632737,15485.254
1767538520.7331939,15396.702
1767538520.833647,15457.578
1767538520.9343061,15423.804
1767538521.035708,15252.109
1767538521.136318,15183.73
1767538521.23732,15246.91
1767538521.338502,15227.299
1767538521.43892,15088.12
1767538521.5395,15181.399
1767538521.639831,15133.913
1767538521.7405162,15087.586
1767538521.8412852,15046.288
1767538521.941725,15007.175
1767538522.042169,14948.052
1767538522.142596,15064.297
1767538522.243192,14901.686
1767538522.343839,14929.919
1767538522.444277,14794.037
1767538522.545237,14826.947
1767538522.646227,14873.295
1767538522.7466428,14743.799
1767538522.8469682,14743.86
1767538522.94731,14633.761
1767538523.0475898,14709.538
1767538523.148681,14670.528
1767538523.24966,14645.449
1767538523.3500412,14508.978
1767538523.450402,14678.662
1767538523.550761,14583.189
1767538523.676885,14522.599,14425.436
1767538523.777337,14496.279
1767538523.878004,14413.18
1767538523.978613,14335.185
1767538524.0790741,14277.694
1767538524.1803148,14323.386
1767538524.280745,14308.431
1767538524.3810902,14263.694
1767538524.482026,14245.359
1767538524.5824,14198.808
1767538524.683545,14170.798
1767538524.784124,14075.775
1767538524.885184,14116.01
1767538524.98596,13961.004
1767538525.086385,14015.79
1767538525.1867101,14001.703
1767538525.2872078,14045.438
1767538525.388234,13912.772
1767538525.488595,13861.408
1767538525.5889668,13868.248
1767538525.689752,13840.924
1767538525.790355,13748.768
1767538525.89109,13735.816
1767538525.9916549,13770.128
1767538526.091988,13646.595
1767538526.192579,13670.418
1767538526.29304,13614.106
1767538526.393316,13582.429
1767538526.49403,13528.633
1767538526.5943449,13443.914
1767538526.6946602,13501.026
1767538526.795098,13484.007
1767538526.896058,13459.072
1767538526.996723,13371.921
1767538527.097331,13380.589
1767538527.197819,13282.139
1767538527.298631,13331.307
1767538527.3991349,13307.353
1767538527.4994931,13214.784
1767538527.599895,13222.711
1767538527.700854,13172.859
1767538527.801294,13161.503
1767538527.902739,13170.635
1767538528.004,13034.875
1767538528.104699,12986.38
1767538528.205798,13014.344
1767538528.30627,12968.777
1767538528.4066072,12951.097
1767538528.506987,12921.589
1767538528.608347,12834.878
1767538528.73278,12848.436
1767538528.833097,12747.09
1767538528.933491,12717.319
1767538529.033957,12811.486
1767538529.135364,12739.561
1767538529.2360032,12702.566
1767538529.336391,12606.653
1767538529.437423,12646.737
1767538529.5387762,12528.227
1767538529.639183,12471.547
1767538529.739805,12455.376
1767538529.8411572,12402.902
1767538529.941833,12392.084
1767538530.042795,12412.858
1767538530.1432161,12341.635
1767538530.243525,12353.849
1767538530.344503,12252.188
1767538530.445845,12267.517
1767538530.546554,12220.215
1767538530.64702,12211.232
1767538530.748364,12162.681
1767538530.8496032,12041.821
1767538530.950187,12067.172
1767538531.050952,12133.568
1767538531.1512709,12059.41
1767538531.252686,11989.244
1767538531.353326,11972.741
1767538531.453608,11920.929
1767538531.554726,11861.45
1767538531.655197,11923.791
1767538531.755605,11819.11
1767538531.8564942,11916.454
1767538531.957052,11782.364
1767538532.05775,11684.19
1767538532.158294,11741.069
1767538532.2593238,11714.771
1767538532.360144,11551.127
1767538532.4604092,11616.971
1767538532.5615292,11549.862
1767538532.6625369,11508.347,11421.597
1767538532.763049,11466.414
1767538532.8636959,11482.585
1767538532.964042,11315.867
1767538533.06429,11287.909
1767538533.1656032,11310.659
1767538533.2659378,11277.595
1767538533.366291,11221.676
1767538533.466671,11153.2
1767538533.567071,11180.724
1767538533.668075,11201.408
1767538533.793504,11064.334
1767538533.894185,11048.463
1767538533.994792,11034.547
1767538534.095994,11007.259
1767538534.196453,10890.428
1767538534.29739,10911.75
1767538534.3976939,10748.779
1767538534.498026,10993.992
1767538534.598958,10864.973
1767538534.700274,10807.4795
1767538534.8010979,10715.23
1767538534.902095,10811.283
1767538535.003544,10598.926
1767538535.1048498,10590.324
1767538535.205387,10606.026
1767538535.306208,10628.484
1767538535.406762,10596.3955
1767538535.507524,10504.965
1767538535.6080482,10566.135
1767538535.7089002,10496.483
1767538535.80948,10448.432
1767538535.910483,10386.205
1767538536.011573,10348.964
1767538536.213224,10288.05
1767538536.313909,10166.08
1767538536.414259,10200.127
1767538536.514691,10172.397
1767538536.615159,10084.096
1767538536.715623,10106.67
1767538536.815967,10111.196
1767538536.916343,10013.858
1767538537.017101,10054.93
1767538537.117588,10009.868
1767538537.218051,9945.056
1767538537.318659,9894.892
1767538537.419049,9948.356
1767538537.5203578,9804.968
1767538537.620863,9705.191
1767538537.721302,9783.307
1767538537.8227258,9701.855
1767538537.923436,9709.08
1767538538.0238779,9688.278
1767538538.124449,9613.862
1767538538.2248802,9645.636
1767538538.325509,9579.89
1767538538.426709,9441.837
1767538538.5280771,9383.093
1767538538.62882,9417.759
1767538538.730159,9410.056
1767538538.854303,9314.632,9363.857
1767538538.955647,9297.728
1767538539.0570161,9220.407
1767538539.1575282,9207.822
1767538539.258663,9232.226
1767538539.3594508,9120.49
1767538539.459845,9088.156
1767538539.560169,9092.544
1767538539.66067,9028.172
1767538539.762034,9066.677
1767538539.862378,8937.701
1767538539.963745,8908.313
1767538540.064075,8896.494
1767538540.165492,8861.136
1767538540.2668679,8763.281
1767538540.3672361,8730.343
1767538540.468159,8737.068
1767538540.568992,8638.698
1767538540.669603,8650.881
1767538540.769957,8607.03
1767538540.870381,8658.043
1767538540.97117,8587.013
1767538541.072118,8472.1
1767538541.1724842,8467.141
1767538541.273898,8369.428
1767538541.374888,8498.954
1767538541.47525,8399.913
1767538541.5756018,8328.454
1767538541.676377,8257.288
1767538541.777576,8253.1455
1767538541.878926,8244.702
1767538541.97959,8276.839
1767538542.0799391,8158.6406
1767538542.18049,8142.232
1767538542.281043,8186.508
1767538542.3819652,8131.5786
1767538542.4824069,8051.7534
1767538542.583369,7899.762
1767538542.683687,7981.1523
1767538542.784663,7915.225
1767538542.884963,7815.0728
1767538542.985845,7837.0073
1767538543.086689,7771.9404
1767538543.1877902,7757.4897
1767538543.2886631,7704.4097
1767538543.38991,7693.3623
1767538543.490329,7656.1484
1767538543.590668,7607.285
1767538543.691089,7622.582
1767538543.791717,7591.647
1767538543.9173582,7475.8438
1767538544.018825,7476.958
1767538544.1191301,7390.391
1767538544.219914,7364.2954
1767538544.32128,7289.5713
1767538544.4220831,7278.8022
1767538544.522505,7233.0356
1767538544.6236548,7310.6807
1767538544.724185,7193.727
1767538544.8251362,7124.026
1767538544.9256792,7109.96
1767538545.026152,7034.2544
1767538545.127098,7066.772
1767538545.228416,7118.0005
1767538545.328685,6928.183
1767538545.4290261,6926.6787
1767538545.529721,6984.715
1767538545.63104,6926.6104
1767538545.7314079,6807.8774
1767538545.832764,6795.227
1767538545.933069,6821.9453
1767538546.033443,6683.6924
1767538546.1337442,6664.537
1767538546.2352152,6599.2573
1767538546.336459,6604.627
1767538546.437564,6528.9565
1767538546.538123,6560.791
1767538546.639141,6445.842
1767538546.740061,6422.1553
1767538546.841255,6449.696
1767538546.941632,6394.0557
1767538547.042182,6383.4453
1767538547.143473,6263.054
1767538547.244617,6321.066,6176.3516
1767538547.345113,6173.2974
1767538547.445952,6181.5205
1767538547.54629,6137.11
1767538547.6476002,6055.5435
1767538547.748461,6103.6245
1767538547.848959,5958.308
1767538547.949284,6003.138
1767538548.049612,5942.7207
1767538548.1501372,5867.7197
1767538548.251028,5830.8433
1767538548.352457,5789.8833
1767538548.4537868,5747.8584
1767538548.554184,5770.802
1767538548.6548219,5729.074
1767538548.75567,5686.901
1767538548.856864,5640.0337
1767538548.981951,5547.46
1767538549.083293,5561.25
1767538549.1844742,5464.9873
1767538549.286004,5496.5083
1767538549.386615,5382.517
1767538549.486994,5413.352
1767538549.587876,5342.1255
1767538549.689109,5297.026
1767538549.7902122,5211.347
1767538549.89096,5245.5815
1767538549.991434,5171.712
1767538550.0925598,5052.416
1767538550.193056,5141.242
1767538550.293439,5152.5464
1767538550.393692,5039.3438
1767538550.494038,5024.8
1767538550.594369,4963.4336
1767538550.6957161,4905.63
1767538550.796748,4961.4897
1767538550.8974872,4804.478
1767538550.9989278,4810.404
1767538551.09954,4724.753
1767538551.200243,4711.223
1767538551.3006752,4661.699
1767538551.4011798,4637.744
1767538551.50178,4632.5234
1767538551.602408,4590.6895
1767538551.702899,4636.183
1767538551.8044648,4486.6953
1767538551.904916,4448.5513
1767538552.006289,4474.077
1767538552.106677,4423.375
1767538552.207063,4418.8438
1767538552.307582,4209.209
1767538552.4084868,4254.368
1767538552.509491,4209.2896
1767538552.610729,4090.792
1767538552.711248,4178.2544
1767538552.812597,4100.9575
1767538552.913058,4043.9045
1767538553.013581,4042.8892
1767538553.114593,3973.4695
1767538553.215162,3908.7686
1767538553.3154838,3953.971
1767538553.416825,3843.1199
1767538553.518188,3912.2556
1767538553.619435,3797.2004
1767538553.7202299,3780.2817
1767538553.820982,3713.4958
1767538553.922076,3653.8645
1767538554.048091,3623.9788,3666.644
1767538554.149326,3558.6829
1767538554.250079,3483.856
1767538554.350556,3513.9128
1767538554.451065,3524.368
1767538554.5525272,3390.831
1767538554.653088,3372.0247
1767538554.754438,3324.525
1767538554.855275,3344.3926
1767538554.956289,3233.662
1767538555.05701,3216.7937
1767538555.157229,3145.5056
1767538555.257538,3144.786
1767538555.358121,3204.3691
1767538555.458394,3113.8943
1767538555.5597498,3052.0051
1767538555.660245,3002.7395
1767538555.7604868,2909.633
1767538555.861778,2877.8599
1767538555.962232,2893.1316
1767538556.06259,2795.2722
1767538556.162955,2740.1067
1767538556.263463,2766.6335
1767538556.364168,2617.426
1767538556.4655511,2560.5232
1767538556.5668218,2662.4534
1767538556.6679108,2605.1482
1767538556.769325,2567.8513
1767538556.8698041,2424.8752
1767538556.970134,2488.1167
1767538557.070666,2446.8665
1767538557.1714392,2408.729
1767538557.27208,2289.1199
1767538557.37258,2266.4648
1767538557.472973,2242.677
1767538557.573345,2147.1416
1767538557.674717,2216.969
1767538557.775628,2122.8582
1767538557.8759942,2104.0693
1767538557.977242,2098.594
1767538558.078196,2001.5365
1767538558.1795058,1981.0726
1767538558.280294,1964.1886
1767538558.381524,1877.3445
1767538558.482729,1830.9268
1767538558.583133,1774.2446
1767538558.68365,1863.5988
1767538558.7839308,1737.9617
1767538558.885259,1625.5878
1767538558.986075,1669.7654
1767538559.110977,1651.7327
1767538559.212353,1536.7362
1767538559.312768,1503.7451
1767538559.413769,1540.505
1767538559.514168,1410.0573
1767538559.614629,1402.2333
1767538559.715965,1420.083
1767538559.816312,1294.2921
1767538559.916815,1338.0708
1767538560.0172002,1278.3379
1767538560.1177,1217.3665
1767538560.218965,1198.8358
1767538560.320069,1165.8604
1767538560.420429,1082.1688
1767538560.521489,1043.3267
1767538560.6228611,969.0981
1767538560.7240908,965.0672
1767538560.824748,953.0094
1767538560.925087,861.0499
1767538561.025506,903.9147
1767538561.126049,771.95935
1767538561.227309,802.74207
1767538561.32815,712.4938
1767538561.4287438,732.22455
1767538561.5291069,674.5512
1767538561.629493,634.0674
1767538561.729951,589.338
1767538561.830692,609.4604
1767538561.9312682,462.9111
1767538562.032556,442.95306
1767538562.1336708,385.9572
1767538562.234418,369.2163
1767538562.334749,350.24228
1767538562.4361331,217.7339
1767538562.5372741,298.4264
1767538562.637682,265.5682
1767538562.73865,161.17838
1767538562.839016,149.57993
1767538562.9403079,112.76606
1767538563.041539,54.13182
1767538563.141917,-25.808205
1767538563.242274,-5.9982276
1767538563.3435469,-118.96699,-196.42265
1767538563.4444082,-202.38547
1767538563.645511,-196.45029,-225.73128
1767538563.746837,-271.55728
1767538563.8473558,-318.22366
1767538563.947952,-411.61996
1767538564.048285,-362.54608
1767538564.173909,-428.6166
1767538564.275189,-482.56473
1767538564.376153,-525.05304
1767538564.476755,-581.6056
1767538564.577769,-595.8963
1767538564.6782122,-715.7875
1767538564.779259,-644.1026
1767538564.880099,-744.7038
1767538564.980452,-757.4246
1767538565.0812852,-798.75836
1767538565.182098,-803.1733
1767538565.2829251,-920.6437
1767538565.384248,-978.7826
1767538565.484958,-948.58124
1767538565.585334,-992.6897
1767538565.6867409,-1067.0479
1767538565.787483,-1111.7526
1767538565.887868,-1133.366
1767538565.988951,-1082.4486
1767538566.0903208,-1229.5784
1767538566.190748,-1244.3783
1767538566.291324,-1331.0305
1767538566.391742,-1401.5896
1767538566.4930859,-1452.6302
1767538566.5944672,-1485.309
1767538566.695819,-1523.4739
1767538566.797157,-1526.8749
1767538566.89748,-1554.981
1767538566.9984589,-1607.9423
1767538567.0996952,-1712.3467
1767538567.200162,-1647.879
1767538567.300838,-1720.1367
1767538567.401688,-1734.1757
1767538567.5030668,-1799.3414
1767538567.6033752,-1878.6802
1767538567.704811,-1876.5386
1767538567.80526,-1944.2604
1767538567.9066849,-1949.0605
1767538568.007262,-2032.866
1767538568.108669,-1972.6571
1767538568.2091038,-2059.7144
1767538568.309828,-2125.038
1767538568.41017,-2178.9277
1767538568.510677,-2211.654
1767538568.611168,-2280.7595
1767538568.711506,-2279.086
1767538568.811887,-2354.0852
1767538568.91236,-2399.255
1767538569.012727,-2469.0063
1767538569.113698,-2471.8188
1767538569.2386172,-2481.98
1767538569.33905,-2532.1711
1767538569.440405,-2657.6704
1767538569.540921,-2633.5583
1767538569.641267,-2722.4158
1767538569.741771,-2718.7944
1767538569.8422132,-2727.8591
1767538569.942471,-2794.7737
1767538570.0438662,-2860.2773
1767538570.1446772,-2905.2373
1767538570.2457979,-2987.272
1767538570.347102,-2992.191,-2939.5952
1767538570.548388,-3018.0913,-3017.5024
1767538570.648913,-3161.0613
1767538570.749932,-3273.6587
1767538570.8512719,-3140.6577
1767538570.952628,-3241.2686
1767538571.054003,-3268.8992
1767538571.155339,-3372.9487
1767538571.256298,-3362.9688
1767538571.3568902,-3467.4224
1767538571.457351,-3338.4856
1767538571.557739,-3482.635
1767538571.658454,-3646.6685
1767538571.759238,-3496.7263
1767538571.859664,-3619.5684
1767538571.959949,-3614.6108
1767538572.06119,-3797.8982
1767538572.161551,-3734.8555
1767538572.261961,-3781.2522
1767538572.36332,-3829.5225
1767538572.463799,-3923.252
1767538572.5648808,-3983.2034
1767538572.666121,-3958.2373
1767538572.76707,-3899.8816
1767538572.868392,-4018.978
1767538572.968828,-4073.392
1767538573.069162,-4105.4214
1767538573.1705291,-4168.845
1767538573.271397,-4154.103
1767538573.371737,-4207.8643
1767538573.473108,-4355.259
1767538573.573471,-4310.626
1767538573.674599,-4333.3022
1767538573.775527,-4380.2017
1767538573.876089,-4466.076
1767538573.977015,-4510.432
1767538574.078371,-4609.488
1767538574.179733,-4561.7446
1767538574.303831,-4552.156
1767538574.405185,-4641.2817
1767538574.505593,-4685.608
1767538574.606272,-4762.923
1767538574.706856,-4790.072
1767538574.8076959,-4769.4795
1767538574.908064,-4894.108
1767538575.009302,-4941.077
1767538575.109646,-4919.5566
1767538575.210002,-4954.483
1767538575.311358,-5015.5947
1767538575.4122188,-5174.147
1767538575.5126631,-5150.9243
1767538575.613906,-5148.9897
1767538575.7144089,-5279.8545
1767538575.81485,-5195.8447
1767538575.9161952,-5387.6445
1767538576.016612,-5388.0054
1767538576.117038,-5382.956
1767538576.2173388,-5363.5347
1767538576.317683,-5406.097
1767538576.418082,-5538.674
1767538576.519437,-5592.69
1767538576.620827,-5558.712
1767538576.7220101,-5608.5957
1767538576.8233569,-5659.78
1767538576.9239712,-5692.2188
1767538577.024551,-5774.9087
1767538577.124959,-5804.32
1767538577.225624,-5865.2153
1767538577.326256,-5926.777
1767538577.4276092,-5933.184
1767538577.5289721,-5912.6455
1767538577.629453,-6088.9966
1767538577.730817,-6066.313
1767538577.831137,-6045.1855
1767538577.9320269,-6120.1997
1767538578.033401,-6156.039
1767538578.1340458,-6160.2153
1767538578.235411,-6324.193
1767538578.33585,-6248.2695
1767538578.436615,-6364.659
1767538578.537109,-6430.203
1767538578.637505,-6423.775
1767538578.738855,-6430.686
1767538578.839812,-6576.2656
1767538578.940622,-6470.317
1767538579.041926,-6625.309
1767538579.1423721,-6606.9595
1767538579.243459,-6612.958
1767538579.366904,-6704.299,-6731.7695
1767538579.467347,-6815.1177
1767538579.56778,-6846.1826
1767538579.6680572,-6827.3916
1767538579.768482,-6912.8105
1767538579.8689091,-6965.474
1767538579.9693089,-6988.6294
1767538580.0705018,-7048.263
1767538580.170976,-7091.0063
1767538580.27212,-7090.026
1767538580.3731651,-7223.6587
1767538580.473539,-7223.6934
1767538580.5743308,-7251.6147
1767538580.6746082,-7216.355
1767538580.775274,-7327.4785
1767538580.875585,-7412.309
1767538580.9770482,-7450.6147
1767538581.078113,-7472.2593
1767538581.178921,-7461.532
1767538581.279524,-7575.877
1767538581.380123,-7685.8027
1767538581.480818,-7695.825
1767538581.5818298,-7638.112
1767538581.6831622,-7761.1177
1767538581.7836878,-7756.647
1767538581.884063,-7782.6777
1767538581.984443,-7721.4023
1767538582.085206,-7885.438
1767538582.186316,-7925.7607
1767538582.2867122,-7934.2124
1767538582.387168,-8054.1475
1767538582.487576,-8092.853
1767538582.588622,-8072.5215
1767538582.690023,-8149.5415
1767538582.790282,-8175.2886
1767538582.890746,-8248.872
1767538582.991869,-8199.148
1767538583.092958,-8363.454
1767538583.193717,-8311.624
1767538583.295124,-8406.569
1767538583.395753,-8467.394
1767538583.496423,-8444.822
1767538583.5977888,-8499.681
1767538583.699101,-8557.905
1767538583.800363,-8682.15
1767538583.9017138,-8643.52
1767538584.002822,-8711.812
1767538584.103461,-8687.59
1767538584.203827,-8755.226
1767538584.3051891,-8840.55
1767538584.430579,-8830.968
1767538584.53148,-8942.542
1767538584.632823,-8994.112
1767538584.733651,-8987.653
1767538584.835032,-9103.938
1767538584.935423,-9013.089
1767538585.036714,-9101.7705
1767538585.1381161,-9104.6875
1767538585.239098,-9201.061
1767538585.339555,-9225.808
1767538585.4401011,-9274.423
1767538585.541468,-9321.317
1767538585.641985,-9403.95
1767538585.742362,-9392.619
1767538585.8432589,-9469.379,-9464.173
1767538586.0440361,-9512.1045,-9512.341
1767538586.145395,-9636.34
1767538586.245825,-9700.982
1767538586.3461802,-9714.016
1767538586.446591,-9767.051
1767538586.5469198,-9805.01
1767538586.647169,-9864.227
1767538586.748395,-9887.068
1767538586.849121,-9931.812
1767538586.949634,-9917.294
1767538587.050389,-10050.594
1767538587.150636,-9953.0205
1767538587.251987,-10092.86
1767538587.352471,-10057.178
1767538587.453042,-10165.197
1767538587.5536692,-10214.407
1767538587.654367,-10198.399
1767538587.755658,-10252.1455
1767538587.856072,-10384.152
1767538587.9566169,-10286.174
1767538588.05686,-10405.014
1767538588.15787,-10414.934
1767538588.2584178,-10460.645
1767538588.359662,-10515.238
1767538588.460624,-10559.905
1767538588.5617511,-10620.509
1767538588.663106,-10694.769
1767538588.7637491,-10658.501
1767538588.8646069,-10760.001
1767538588.964969,-10746.036
1767538589.0663009,-10857.474
1767538589.1666791,-10796.753
1767538589.267313,-10900.337
1767538589.367765,-10941.716
1767538589.4919739,-11016.456
1767538589.592433,-11076.633
1767538589.6927612,-11150.342
1767538589.794017,-11155.349
1767538589.895387,-11123.866
1767538589.996321,-11228.604
1767538590.097134,-11205.319
1767538590.198443,-11314.541
1767538590.299516,-11279.192
1767538590.400467,-11383.578
1767538590.502008,-11398.672
1767538590.602387,-11438.167
1767538590.702889,-11503.737
1767538590.803645,-11512.121
1767538590.904348,-11612.162
1767538591.005276,-11608.816
1767538591.106614,-11715.209
1767538591.207019,-11686.801
1767538591.307442,-11620.764
1767538591.4083672,-11782.268
1767538591.508978,-11825.799
1767538591.6103098,-11801.305
1767538591.7116811,-11918.816
1767538591.8121421,-11966.786
1767538591.912868,-11933.258
1767538592.013779,-11992.466
1767538592.11475,-12035.818
1767538592.215125,-12057.576
1767538592.3159811,-12177.511
1767538592.4170082,-12244.287
1767538592.517327,-12306.347
1767538592.617779,-12279.328
1767538592.718482,-12355.975
1767538592.8189702,-12378.242
1767538592.9198349,-12380.909
1767538593.020402,-12436.994
1767538593.1214552,-12528.845
1767538593.222477,-12545.841
1767538593.322955,-12571.756
1767538593.423948,-12629.629
1767538593.524954,-12587.606
1767538593.6253319,-12682.703
1767538593.7261162,-12704.02
1767538593.8265102,-12779.876
1767538593.926958,-12819.102
1767538594.0283709,-12927.969
1767538594.128892,-12874.338
1767538594.229794,-12930.767
1767538594.3302069,-13006.346
1767538594.430938,-12962.557
1767538594.556004,-13117.507,-13098.95
1767538594.656458,-13114.674
1767538594.756896,-13245.551
1767538594.857238,-13216.332
1767538594.9575438,-13260.017
1767538595.058966,-13331.525
1767538595.15932,-13370.918
1767538595.260285,-13346.882
1767538595.3614578,-13437.418
1767538595.461798,-13489.982
1767538595.56286,-13520.745
1767538595.663188,-13562.232
1767538595.763524,-13625.747
1767538595.864869,-13719.8
1767538595.965355,-13702.386
1767538596.066176,-13823.373
1767538596.1670542,-13758.056
1767538596.268302,-13795.2
1767538596.368813,-13804.331
1767538596.4692109,-13179.316
1767538596.569896,-13897.27
1767538596.6704729,-13924.789
1767538596.771629,-13988.233
1767538596.872133,-14057.507
1767538596.973181,-14108.456
1767538597.0736,-14114.349
1767538597.174491,-14224.353
1767538597.2748082,-14222.81
1767538597.375069,-14216.057
1767538597.475924,-14370.187
1767538597.576307,-14354.006
1767538597.676645,-14417.016
1767538597.777382,-14402.881
1767538597.877745,-14457.609
1767538597.9782999,-14539.363
1767538598.0788548,-14594.619
1767538598.179693,-14592.942
1767538598.280094,-14676.133
1767538598.3805509,-14636.299
1767538598.481612,-14753.194
1767538598.582019,-14699.698
1767538598.6823711,-14742.119
1767538598.782741,-14890.152
1767538598.8830662,-14866.679
1767538598.983458,-14938.753
1767538599.084096,-14963.427
1767538599.1854641,-15040.714
1767538599.285849,-15055.951
1767538599.386692,-15036.282
1767538599.487021,-15076.165
1767538599.6105459,-15139.301
1767538599.7109919,-15093.915
1767538599.81133,-15155.391
1767538599.9126642,-15256.988
1767538600.0129962,-15370.89
1767538600.113512,-15392.569
1767538600.214325,-15448.835
1767538600.314656,-15359.369
1767538600.415064,-15564.067
1767538600.515448,-15513.16
1767538600.6167061,-15518.368
1767538600.717283,-15571.733
1767538600.81789,-15630.937
1767538600.9192672,-15744.897
1767538601.020689,-15640.081
1767538601.122049,-15706.395
1767538601.223111,-15833.321
1767538601.323679,-15880.417
1767538601.4241679,-15830.956
1767538601.524697,-15980.407
1767538601.625217,-15964.274
1767538601.725713,-16016.522
1767538601.8270059,-16015.245
1767538601.928395,-16094.187
1767538602.0297449,-16130.621
1767538602.131095,-16100.216
1767538602.231599,-16171.972
1767538602.3328938,-16191.736
1767538602.4336262,-16359.857
1767538602.534004,-16317.687
1767538602.635433,-16437.422
1767538602.7368069,-16412.133
1767538602.838162,-16390.676
1767538602.9393861,-16476.451
1767538603.039875,-16511.578
1767538603.140266,-16605.65
1767538603.240762,-16602.533
1767538603.341425,-16590.068
1767538603.441934,-16707.604
1767538603.542377,-16786.34
1767538603.642806,-16658.316,-16826.64
1767538603.84383,-16906.902,-16869.275
1767538603.944205,-16970.713
1767538604.0449002,-16990.02
1767538604.145206,-16916.943
1767538604.245544,-17055.318
1767538604.346869,-17084.256
1767538604.4474409,-17182.912
1767538604.548741,-17286.047
1767538604.672491,-17173.186
1767538604.772958,-17198.871
1767538604.8742888,-17198.074
1767538604.97567,-17292.15
1767538605.076897,-17447.346
1767538605.177278,-17433.578
1767538605.278207,-17407.25
1767538605.379593,-17456.586
1767538605.480043,-17490.059
1767538605.58069,-17589.842
1767538605.68109,-17613.238
1767538605.781714,-17710.482
1767538605.882108,-17644.082
1767538605.982616,-17752.436
1767538606.0834188,-17735.107
1767538606.184599,-17825.848
1767538606.284999,-17910.87
1767538606.386247,-17847.549
1767538606.486578,-17977.83
1767538606.587917,-17950.404
1767538606.689163,-17928.182
1767538606.789911,-18046.182
1767538606.890338,-18121.041
1767538606.990649,-18157.867
1767538607.0911171,-18195.307
1767538607.191487,-18161.666
1767538607.292236,-18318.998
1767538607.392585,-18177.201
1767538607.493772,-18373.201
1767538607.5951931,-18358.95
1767538607.695539,-18491.062
1767538607.796018,-18450.277
1767538607.896974,-18489.05
1767538607.997372,-18492.219
1767538608.097722,-18588.79
1767538608.198881,-18643.092
1767538608.2995892,-18710.898
1767538608.400501,-18694.072
1767538608.500962,-18700.396
1767538608.6013901,-18639.451
1767538608.701704,-18805.582
1767538608.802423,-18761.016
1767538608.902876,-18865.012
1767538609.004043,-18909.5
1767538609.104502,-18993.137
1767538609.2050471,-18928.082
1767538609.306407,-19018.11
1767538609.406795,-19055.441
1767538609.5072849,-19125.682
1767538609.607828,-19070.686
1767538609.731134,-19209.584
1767538609.831934,-19212.227
1767538609.932417,-19253.309
1767538610.0337741,-19342.713
1767538610.1348228,-19308.957
1767538610.2363179,-19320.031
1767538610.33684,-19419.955
1767538610.4373271,-19455.06
1767538610.538872,-19479.14
1767538610.6396039,-19600.963
1767538610.7402089,-19548.73
1767538610.840626,-19605.75
1767538610.9411578,-19689.03
1767538611.041395,-19680.06
1767538611.142833,-19726.287
1767538611.244182,-19795.324
1767538611.3454,-19827.518,-19804.615
1767538611.446034,-19957.846
1767538611.54646,-19878.889
1767538611.647342,-19914.742
1767538611.747906,-20035.56
1767538611.848298,-20078.205
1767538611.9484942,-20085.174
1767538612.049559,-20095.47
1767538612.149894,-20016.127
1767538612.2508821,-20145.88
1767538612.351274,-20208.682
1767538612.452523,-20249.08
1767538612.5531032,-20273.035
1767538612.6542048,-20326.98
1767538612.755567,-20374.053
1767538612.856071,-20448.184
1767538612.956505,-20361.578
1767538613.056819,-20489.414
1767538613.157087,-20506.803
1767538613.257917,-20536.13
1767538613.3585339,-20629.73
1767538613.459372,-20712.098
1767538613.560629,-20655.615
1767538613.661026,-20682.129
1767538613.761577,-20732.496
1767538613.8626292,-20735.998
1767538613.963611,-20823.105
1767538614.064089,-20849.074
1767538614.16464,-20936.639
1767538614.2659662,-20923.938
1767538614.366357,-21013.586
1767538614.467697,-21044.6
1767538614.5691159,-21042.604
1767538614.6701922,-21135.27
1767538614.793859,-21111.562
1767538614.895238,-21117.133
1767538614.996245,-21168.54
1767538615.097597,-21216.787
1767538615.197957,-21256.395
1767538615.298849,-21373.33
1767538615.4001012,-21358.9
1767538615.5004659,-21408.385
1767538615.6008801,-21435.16
1767538615.701353,-21562.723
1767538615.8027651,-21509.115
1767538615.903598,-21575.395
1767538616.004522,-21569.646
1767538616.1054988,-21583.12
1767538616.206558,-21575.887
1767538616.307015,-21640.178
1767538616.407833,-21809.314
1767538616.508178,-21834.18
1767538616.6086478,-21809.514
1767538616.7099361,-21876.354
1767538616.8112261,-21866.324
1767538616.912564,-21876.98
1767538617.013896,-21929.67
1767538617.11454,-21901.303
1767538617.214787,-22054.305
1767538617.316048,-22031.227
1767538617.4164648,-22147.928
1767538617.516824,-22146.746
1767538617.617256,-22285.45
1767538617.718056,-22273.443
1767538617.819422,-22296.787
1767538617.920179,-22219.262
1767538618.02144,-22335.86
1767538618.122873,-22369.209
1767538618.223361,-22437.012
1767538618.323715,-22469.303
1767538618.4244301,-22460.207
1767538618.5257978,-22509.55
1767538618.627258,-22594.545
1767538618.727631,-22493.826
1767538618.828898,-22610.918
1767538618.929336,-22728.293
1767538619.029759,-22746.898
1767538619.130114,-22680.898
1767538619.230881,-22781.314
1767538619.331234,-22827.557
1767538619.432629,-22851.643
1767538619.532981,-22873.45
1767538619.6340091,-22966.014
1767538619.735378,-22949.283
1767538619.859752,-23006.592,-23005.145
1767538619.960269,-23098.559
1767538620.061694,-23151.305
1767538620.1620438,-23176.871
1767538620.263377,-23243.812
1767538620.363748,-23181.275
1767538620.4650629,-23278.611
1767538620.5664158,-23229.338
1767538620.666792,-23308.55
1767538620.768045,-23332.186
1767538620.868299,-23480.252
1767538620.968559,-23432.553
1767538621.0689778,-23434.738
1767538621.170135,-23576.988
1767538621.270557,-23486.568
1767538621.371104,-23526.67
1767538621.471544,-23642.01
1767538621.572129,-23606.717
1767538621.673467,-23714.408
1767538621.773879,-23643.686
1767538621.874429,-23711.941
1767538621.974815,-23849.496
1767538622.0753448,-23730.303
1767538622.175945,-23897.861
1767538622.276481,-23939.117
1767538622.377055,-23865.98
1767538622.477411,-23996.803
1767538622.5787141,-24025.465
1767538622.679049,-24096.781
1767538622.779478,-24092.037
1767538622.880644,-24070.838
1767538622.9816499,-24156.621
1767538623.082081,-24163.443
1767538623.1825678,-24270.78
1767538623.2828958,-24290.223
1767538623.383234,-24273.877
1767538623.483594,-24275.285
1767538623.584012,-24415.297
1767538623.684375,-24397.854
1767538623.784765,-24535.158
1767538623.885115,-24531.129
1767538623.9855978,-24602.752
1767538624.085993,-24549.686
1767538624.187246,-24540.621
1767538624.288613,-24648.486
1767538624.389376,-24619.375
1767538624.490738,-24635.117
1767538624.59156,-24666.219
1767538624.691966,-24761.404
1767538624.793163,-24840.4
1767538624.9187331,-24781.52
1767538625.0197492,-24892.244
1767538625.1211991,-24963.574
1767538625.222524,-24951.684
1767538625.32303,-25009.727
1767538625.423606,-25037.084
1767538625.523947,-25031.154
1767538625.625312,-25112.63
1767538625.725566,-25042.824
1767538625.826884,-25145.516
1767538625.92801,-25235.705
1767538626.028379,-25259.453
1767538626.128756,-25261.729
1767538626.229109,-25336.469
1767538626.330014,-25390.668
1767538626.430462,-25311.01
1767538626.530808,-25438.691
1767538626.631371,-25444.096
1767538626.731711,-25566.785
1767538626.832309,-25471.473
1767538626.933652,-25512.521
1767538627.034179,-25545.7
1767538627.134541,-25664.77
1767538627.23592,-25610.57
1767538627.337002,-25628.06
1767538627.4374242,-25809.375
1767538627.537854,-25698.1
1767538627.6382132,-25747.316
1767538627.7386072,-25763.975
1767538627.83996,-25850.162
1767538627.94033,-25902.422
1767538628.041537,-25837.158
1767538628.142925,-25924.668
1767538628.244341,-25995.168
1767538628.345702,-25927.48,-26075.303
1767538628.546549,-26176.633,-26091.521
1767538628.647577,-26213.707
1767538628.7480052,-26176.01
1767538628.848267,-26198.713
1767538628.94861,-26255.545
1767538629.048943,-26293.264
1767538629.149995,-26309.871
1767538629.250647,-26306.299
1767538629.3511171,-26305.145
1767538629.4525728,-26325.908
1767538629.5539432,-26421.566
1767538629.654755,-26450.941
1767538629.755219,-26543.135
1767538629.8565602,-26548.299
1767538629.981087,-26639.473
1767538630.081388,-26582.127
1767538630.1817658,-26664.844
1767538630.2819872,-26690.348
1767538630.383311,-26754.023
1767538630.483767,-26811.6
1767538630.585104,-26802.65
1767538630.6860008,-26828.566
1767538630.786614,-26942.52
1767538630.8870752,-26936.254
1767538630.9883132,-26924.412
1767538631.088692,-27103.047
1767538631.1898859,-26925.297
1767538631.2911448,-27031.55
1767538631.391798,-26996.713
1767538631.4927459,-27126.17
1767538631.593705,-27125.336
1767538631.69437,-27145.186
1767538631.7947562,-27136.762
1767538631.895165,-27286.64
1767538631.995754,-27227.293
1767538632.097096,-27363.83
1767538632.1981719,-27439.203
1767538632.2987032,-27409.248
1767538632.399946,-27368.996
1767538632.500602,-27454.285
1767538632.6019342,-27503.477
1767538632.7023208,-27438.516
1767538632.803566,-27546.412
1767538632.9040692,-27600.021
1767538633.004742,-27593.463
1767538633.105694,-27728.514
1767538633.2070742,-27673.496
1767538633.3074539,-27724.605
1767538633.408915,-27762.287
1767538633.5103219,-27786.121
1767538633.6113741,-27894.637
1767538633.711714,-27798.748
1767538633.812052,-27923.72
1767538633.9127848,-27816.293
1767538634.013948,-27898.469
1767538634.1142888,-27994.334
1767538634.2150521,-27970.13
1767538634.31637,-28067.438
1767538634.416689,-28094.309
1767538634.5173278,-28099.467
1767538634.618083,-28158.447
1767538634.719158,-28177.58
1767538634.820512,-28137.44
1767538634.920776,-28131.541
1767538635.0452192,-28306.46
1767538635.146446,-28297.467,-28379.305
1767538635.246968,-28435.55
1767538635.347775,-28411.291
1767538635.44827,-28434.709
1767538635.5487192,-28487.541
1767538635.6495738,-28441.598
1767538635.750713,-28591.635
1767538635.8514051,-28633.793
1767538635.952357,-28660.242
1767538636.0530188,-28682.453
1767538636.1539001,-28643.176
1767538636.2542589,-28721.201
1767538636.354738,-28727.076
1767538636.455123,-28749.982
1767538636.555567,-28757.787
1767538636.6568372,-28828.31
1767538636.757227,-28856.215
1767538636.8579571,-28860.273
1767538636.958623,-28947.713
1767538637.059521,-28931.602
1767538637.160034,-28940.346
1767538637.260426,-28911.71
1767538637.361449,-29094.514
1767538637.4624262,-29099.64
1767538637.5628428,-29134.701
1767538637.6642199,-29190.2
1767538637.764571,-29204.35
1767538637.86586,-29239.53
1767538637.967134,-29215.643
1767538638.068481,-29283.787
1767538638.1688719,-29314.39
1767538638.270288,-29263.346
1767538638.370773,-29389.428
1767538638.4714408,-29404.723
1767538638.5724952,-29418.154
1767538638.6728199,-29448.547
1767538638.773201,-29452.455
1767538638.874198,-29613.83
1767538638.975026,-29562.453
1767538639.075379,-29613.031
1767538639.1756659,-29533.438
1767538639.2770681,-29703.156
1767538639.377887,-29636.428
1767538639.4792588,-29768.605
1767538639.5805929,-29709.87
1767538639.6810088,-29787.197
1767538639.781556,-29844.562
1767538639.8823712,-29754.514
1767538639.9837,-29934.994
1767538640.109102,-29982.754
1767538640.209604,-29936.352
1767538640.309858,-30055.348
1767538640.41023,-29962.781
1767538640.510747,-29962.158
1767538640.611059,-30014.305
1767538640.7124171,-30023.35
1767538640.8132741,-30119.877
1767538640.914297,-30126.467
1767538641.014812,-30236.344
1767538641.1159549,-30279.299
1767538641.2172642,-30241.738
1767538641.31758,-30279.389
1767538641.418731,-30327.348
1767538641.5200372,-30364.541
1767538641.621394,-30374.883
1767538641.7222059,-30391.844
1767538641.8226,-30410.287
1767538641.923268,-30406.27
1767538642.0245461,-30552.79
1767538642.1249762,-30557.457
1767538642.225416,-30504.32
1767538642.3259158,-30516.193
1767538642.4272451,-30602.062
1767538642.5281658,-30653.205
1767538642.6285172,-30760.514
1767538642.729782,-30769.756
1767538642.8301609,-30659.027
1767538642.930644,-30831.371
1767538643.031884,-30811.959
1767538643.132362,-30823.504
1767538643.233309,-30895.049
1767538643.333785,-30933.021
1767538643.434241,-30868.857
1767538643.5346298,-30879.111
1767538643.635374,-30951.121
1767538643.73682,-30998.473
1767538643.8373902,-31016.262
1767538643.937804,-31043.14
1767538644.038765,-31165.377
1767538644.140189,-31149.705
1767538644.241566,-31123.434
1767538644.342784,-31155.895
1767538644.443103,-31241.836
1767538644.543592,-31285.22
1767538644.6439328,-31300.236
1767538644.74467,-31343.615
1767538644.84593,-31316.3,-31411.088
1767538644.9472482,-31452.129
1767538645.047872,-31448.691
1767538645.172266,-31403.242
1767538645.27261,-31424.596
1767538645.373218,-31456.598
1767538645.473599,-31594.547
1767538645.573958,-31582.793
1767538645.674371,-31518.219
1767538645.77542,-31593.402
1767538645.8767931,-31640.19
1767538645.977546,-31697.596
1767538646.078897,-31766.451
1767538646.179677,-31710.527
1767538646.28106,-31737.898
1767538646.381423,-31768.129
1767538646.482322,-31810.393
1767538646.583206,-31791.77
1767538646.6842601,-31883.682
1767538646.78537,-31897.043
1767538646.886286,-31950.629
1767538646.9877188,-31937.623
1767538647.189229,-32010.3
1767538647.290476,-32065.78
1767538647.391326,-32059.158
1767538647.491759,-32106.668
1767538647.5922549,-32171.01
1767538647.6927512,-32232.572
1767538647.793046,-32175.355
1767538647.893908,-32255.38
1767538647.9943109,-32229.02
1767538648.094864,-32291.455
1767538648.195264,-32323.873
1767538648.295677,-32305.469
1767538648.396142,-32347.207
1767538648.49751,-32369.768
1767538648.5979142,-32339.459
1767538648.698385,-32462.836
1767538648.798694,-32483.26
1767538648.899002,-32522.193
1767538648.999252,-32583.84
1767538649.099997,-32495.66
1767538649.2006242,-32614.154
1767538649.302043,-32561.834
1767538649.403544,-32635.916
1767538649.503937,-32733.229
1767538649.605257,-32733.207
1767538649.705801,-32775.504
1767538649.806444,-32791.305
1767538649.907785,-32863.133
1767538650.008599,-32719.496
1767538650.108981,-32877.71
1767538650.234537,-32889.168,-32913.004
1767538650.335027,-32956.934
1767538650.436301,-32892.09
1767538650.5367548,-32977.094
1767538650.637362,-33008.863
1767538650.737814,-33067.34
1767538650.839222,-33052.605
1767538650.9404109,-33074.945
1767538651.04094,-33186.816
1767538651.141367,-33073.695
1767538651.241898,-33189.062
1767538651.343304,-33153.88
1767538651.443653,-33210.492
1767538651.544103,-33314.156
1767538651.644516,-33189.555
1767538651.745059,-33369.453
1767538651.845441,-33340.695
1767538651.945821,-33323.098
1767538652.047148,-33420.48
1767538652.147655,-33400.918
1767538652.2489622,-33446.594
1767538652.350288,-33547.84
1767538652.450618,-33547.4
1767538652.55088,-33533.824
1767538652.651459,-33534.45
1767538652.751915,-33600.305
1767538652.8530838,-33655.79
1767538652.954498,-33678.477
1767538653.05585,-33756.87
1767538653.1564622,-33704.45
1767538653.256976,-33749.156
1767538653.3580852,-33788.715
1767538653.458787,-33791.01
1767538653.559119,-33753.07
1767538653.6596391,-33854.13
1767538653.760129,-33902.004
1767538653.86062,-33943.734
1767538653.961664,-33949.285
1767538654.062051,-33990.035
1767538654.1624131,-34036.395
1767538654.263764,-34144.277
1767538654.364115,-34060.49
1767538654.464524,-34043.13
1767538654.565087,-34100.09
1767538654.665601,-34104.023
1767538654.766308,-34072.11
1767538654.8670459,-34059.887
1767538654.968251,-34160.59
1767538655.068801,-34249.137
1767538655.170231,-34188.938
1767538655.2952378,-34276.492
1767538655.3955991,-34347.586
1767538655.496969,-34379.05
1767538655.5973802,-34446.547
1767538655.697696,-34316.434
1767538655.7990952,-34313.902
1767538655.8995059,-34359.586
1767538655.9999979,-34536.176
1767538656.1003819,-34489.555
1767538656.200741,-34473.93
1767538656.302075,-34526.133
1767538656.4033742,-34573.95
1767538656.5036569,-34604.863
1767538656.604217,-34665.63
1767538656.705133,-34599.42
1767538656.8064792,-34676.37
1767538656.907129,-34680.703
1767538657.007902,-34696.45
1767538657.108257,-34795.92
1767538657.208929,-34779.77
1767538657.3103411,-34778.42
1767538657.410702,-34865.863
1767538657.511646,-34844.66
1767538657.6129742,-34922.97
1767538657.713401,-34907.355
1767538657.814504,-34916.41
1767538657.915136,-34989.324
1767538658.015821,-35002.15
1767538658.1171489,-34947.11
1767538658.217663,-35090.797
1767538658.317964,-35076.375
1767538658.4193568,-35081.27
1767538658.519907,-35112.66
1767538658.621189,-35183.004
1767538658.722246,-35086.406
1767538658.823509,-35161.93
1767538658.923999,-35263.055,-35313.086
1767538659.024747,-35198.047
1767538659.1255429,-35356.13
1767538659.2269208,-35303.523
1767538659.327459,-35441.914
1767538659.428807,-35436.195
1767538659.5301409,-35389.77
1767538659.630496,-35424.0
1767538659.730866,-35468.22
1767538659.8318489,-35470.344
1767538659.932286,-35466.473
1767538660.032969,-35499.46
1767538660.133298,-35609.906
1767538660.234047,-35554.355
1767538660.3579059,-35564.75
1767538660.458889,-35669.367
1767538660.560395,-35626.746
1767538660.6608799,-35679.24
1767538660.761989,-35703.754
1767538660.8627148,-35817.566
1767538660.9633799,-35771.887
1767538661.0638778,-35747.07
1767538661.1649191,-35774.918
1767538661.265229,-35807.883
1767538661.3665779,-35853.723
1767538661.4679308,-35889.246
1767538661.568344,-35963.125
1767538661.6685948,-35874.54
1767538661.770062,-36060.54
1767538661.8703308,-35962.113
1767538661.9716039,-36044.855
1767538662.0721269,-36036.547
1767538662.172735,-36044.82
1767538662.274113,-36122.676
1767538662.375037,-36066.652
1767538662.475412,-36096.582
1767538662.575916,-36153.02
1767538662.676482,-36207.375
1767538662.777766,-36221.0
1767538662.8781598,-36185.0
1767538662.979506,-36216.855
1767538663.0803359,-36281.855
1767538663.180811,-36315.164
1767538663.2811992,-36337.094
1767538663.382014,-36318.246
1767538663.4833548,-36487.258
1767538663.584342,-36395.37
1767538663.684739,-36436.273
1767538663.786104,-36452.36
1767538663.886775,-36472.47
1767538663.987749,-36491.004
1767538664.0891242,-36523.74
1767538664.1895502,-36492.996
1767538664.2910662,-36594.094
1767538664.391674,-36586.37
1767538664.4921641,-36668.258
1767538664.592627,-36669.945
1767538664.692907,-36759.895
1767538664.7950358,-36727.535
1767538664.896152,-36754.742
1767538664.996704,-36726.2
1767538665.098054,-36710.64
1767538665.19876,-36812.117
1767538665.2995598,-36819.215
1767538665.4230652,-36825.117
1767538665.524606,-36850.258,-36962.953
1767538665.624958,-36901.973
1767538665.725635,-36982.984
1767538665.827023,-36937.72
1767538665.9283352,-36997.41
1767538666.029403,-37015.996
1767538666.130722,-36994.59
1767538666.2309818,-36997.367
1767538666.331815,-37012.777
1767538666.433131,-37092.082
1767538666.5343418,-37139.984
1767538666.634701,-37168.484
1767538666.73612,-37139.42
1767538666.83745,-37199.89
1767538666.9377952,-37185.785
1767538667.038997,-37224.64
1767538667.1396768,-37245.695
1767538667.240536,-37268.92
1767538667.3418748,-37308.402
1767538667.442719,-37339.105
1767538667.5431838,-37391.766
1767538667.643588,-37419.305
1767538667.744941,-37399.277
1767538667.845335,-37478.74
1767538667.9456189,-37514.117
1767538668.0467021,-37372.18
1767538668.147435,-37540.426
1767538668.2484999,-37482.895
1767538668.34939,-37582.52
1767538668.450729,-37596.37
1767538668.551626,-37530.555
1767538668.6520529,-37628.9
1767538668.753299,-37611.91
1767538668.854746,-37613.082
1767538668.956204,-37641.29
1767538669.056619,-37655.555
1767538669.156954,-37692.402
1767538669.257277,-37737.477
1767538669.357704,-37745.527
1767538669.458133,-37878.227
1767538669.559295,-37726.48
1767538669.660513,-37863.516
1767538669.761895,-37820.08
1767538669.863244,-37867.45
1767538669.963627,-37945.26
1767538670.064961,-37880.215
1767538670.1661692,-37895.43
1767538670.2671628,-38000.637
1767538670.367706,-38028.45
1767538670.49007,-38057.758
1767538670.5912588,-38076.973
1767538670.691777,-38049.01
1767538670.7920718,-38128.28
1767538670.892543,-38145.312
1767538670.993564,-38177.664
1767538671.0948029,-38214.117
1767538671.195785,-38186.824
1767538671.2971342,-38205.582
1767538671.397758,-38216.96
1767538671.49871,-38211.887
1767538671.600082,-38285.723
1767538671.700518,-38340.17
1767538671.800858,-38341.336
1767538671.90161,-38345.273
1767538672.0030851,-38352.785
1767538672.104318,-38377.086
1767538672.205472,-38332.047
1767538672.30669,-38446.13
1767538672.40713,-38463.465
1767538672.5075898,-38485.68
1767538672.608793,-38454.082
1767538672.709065,-38557.1
1767538672.809977,-38597.742
1767538672.911197,-38584.938
1767538673.0120451,-38657.88
1767538673.113408,-38631.56
1767538673.214535,-38627.484
1767538673.314894,-38610.33
1767538673.415404,-38681.46
1767538673.5167239,-38701.38
1767538673.617183,-38725.805
1767538673.71757,-38714.145
1767538673.818063,-38757.047
1767538673.918637,-38751.41
1767538674.018999,-38835.086
1767538674.1203032,-38843.438
1767538674.2216818,-38879.906
1767538674.3225899,-38875.98
1767538674.4228969,-38872.63
1767538674.523476,-38906.703
1767538674.624157,-38923.395,-39004.645
1767538674.7253911,-38984.688
1767538674.8256278,-39006.4
1767538674.926524,-39038.895
1767538675.128618,-39127.92,-39088.566
1767538675.239648,-39031.363
1767538675.341303,-39098.996
1767538675.442094,-39116.566
1767538675.568521,-39141.715
1767538675.6698802,-39144.0
1767538675.7730079,-39171.81
1767538675.894125,-39198.957
1767538675.99453,-39272.53
1767538676.095945,-39274.33
1767538676.196394,-39200.336
1767538676.2977762,-39331.01
1767538676.39821,-39298.324
1767538676.498486,-39307.484
1767538676.598793,-39405.664
1767538676.699147,-39340.297
1767538676.799597,-39461.582
1767538676.919633,-39400.12
1767538677.022399,-39387.297
1767538677.123749,-39476.035
1767538677.224639,-39425.82,-39532.742
1767538677.3257442,-39505.145
1767538677.426351,-39533.457
1767538677.526762,-39530.3
1767538677.627039,-39577.16
1767538677.7274811,-39601.59
1767538677.8280761,-39720.055
1767538677.928417,-39702.746
1767538678.029548,-39650.758
1767538678.130239,-39664.062
1767538678.2305899,-39699.203
1767538678.3310442,-39703.945
1767538678.432385,-39766.8
1767538678.532646,-39806.938
1767538678.6330318,-39761.223
1767538678.733564,-39855.9
1767538678.8341382,-39773.984
1767538678.9344509,-39876.93
1767538679.034909,-39879.285
1767538679.135392,-39823.89
1767538679.235904,-39840.44
1767538679.337227,-39914.07
1767538679.4381719,-39957.543
1767538679.538718,-40002.758
1767538679.640105,-39974.83
1767538679.740853,-39951.402
1767538679.8422348,-40103.363
1767538679.94322,-40117.543
1767538680.0440829,-40113.348
1767538680.145441,-40109.48
1767538680.245832,-40187.18
1767538680.346197,-40120.46
1767538680.4466162,-40212.12
1767538680.5712152,-40155.91
1767538680.672029,-40262.918
1767538680.773252,-40176.945
1767538680.8737621,-40267.258
1767538680.9750988,-40255.68
1767538681.075552,-40340.145
1767538681.176051,-40314.027
1767538681.277457,-40363.27
1767538681.378123,-40394.266
1767538681.479464,-40429.633
1767538681.580818,-40410.29
1767538681.681338,-40447.402
1767538681.7818081,-40438.74
1767538681.8829172,-40450.4
1767538681.983325,-40546.402
1767538682.083678,-40506.996
1767538682.184287,-40507.957
1767538682.285689,-40454.44
1767538682.386846,-40523.38
1767538682.48819,-40547.84
1767538682.589598,-40562.17
1767538682.6900952,-40607.758
1767538682.790417,-40562.094
1767538682.890817,-40689.36
1767538682.991648,-40665.11
1767538683.092549,-40716.297
1767538683.192928,-40726.08
1767538683.293233,-40759.574
1767538683.394222,-40770.58
1767538683.495031,-40818.97
1767538683.595833,-40801.613
1767538683.6972091,-40762.863
1767538683.7981188,-40782.125
1767538683.898842,-40845.465
1767538683.999608,-40844.117
1767538684.100279,-40982.117
1767538684.2007601,-40904.29
1767538684.301124,-40928.184
1767538684.402517,-40918.207
1767538684.503933,-40940.223
1767538684.604937,-41005.44
1767538684.7053492,-41045.71
1767538684.806153,-41071.938
1767538684.906563,-40996.355
1767538685.007923,-40987.297
1767538685.108417,-41030.37
1767538685.2096808,-41006.777
1767538685.310087,-41114.74
1767538685.4114308,-41094.52
1767538685.5127838,-41085.355
1767538685.638926,-41192.504,-41285.906
1767538685.740248,-41273.766
1767538685.840653,-41213.727
1767538685.9414551,-41242.2
1767538686.04202,-41231.992
1767538686.143083,-41304.332
1767538686.243336,-41332.047
1767538686.343862,-41327.562
1767538686.445109,-41415.027
1767538686.546442,-41351.027
1767538686.647456,-41428.49
1767538686.7476852,-41468.24
1767538686.8483121,-41401.664
1767538686.950644,-41407.54
1767538687.051872,-41412.363
1767538687.1528692,-41439.125
1767538687.254291,-41447.36
1767538687.3550432,-41429.85
1767538687.456012,-41515.887
1767538687.5575109,-41471.043
1767538687.658251,-41561.49
1767538687.7586749,-41580.67
1767538687.8595781,-41713.098
1767538687.959857,-41668.32
1767538688.061235,-41677.957
1767538688.161592,-41646.887
1767538688.2629461,-41635.47
1767538688.364325,-41725.03
1767538688.464672,-41673.92
1767538688.565571,-41808.09
1767538688.666002,-41717.816
1767538688.767212,-41767.547
1767538688.868265,-41827.01
1767538688.969644,-41783.92
1767538689.070077,-41818.098
1767538689.170628,-41870.305
1767538689.271084,-41868.215
1767538689.3724449,-41842.727
1767538689.472933,-41811.586
1767538689.574317,-41974.31
1767538689.6753018,-41871.86
1767538689.776557,-41991.066
1767538689.877915,-41979.69
1767538689.9786081,-41990.2
1767538690.079942,-41961.45
1767538690.1812558,-42010.38
1767538690.2819982,-42077.96
1767538690.382369,-42072.875
1767538690.482872,-42050.516
1767538690.584225,-42089.797
1767538690.710336,-42073.9
1767538690.810602,-42119.574
1767538690.912317,-42127.64
1767538691.013653,-42128.023
1767538691.1146398,-42209.344
1767538691.2153862,-42183.79
1767538691.3162081,-42266.305
1767538691.417203,-42329.434
1767538691.517756,-42259.49
1767538691.6191502,-42300.035
1767538691.720094,-42214.14
1767538691.82068,-42303.61
1767538691.9212742,-42309.75
1767538692.021628,-42290.566
1767538692.122298,-42360.918
1767538692.222719,-42378.96
1767538692.3233678,-42436.594
1767538692.423798,-42401.113
1767538692.5251489,-42475.934,-42467.863
1767538692.6256378,-42510.81
1767538692.726917,-42504.258
1767538692.827304,-42513.074
1767538692.928007,-42479.504
1767538693.0293639,-42489.934
1767538693.1297889,-42608.86
1767538693.23014,-42496.78
1767538693.3314922,-42537.027
1767538693.4318862,-42643.633
1767538693.53323,-42594.05
1767538693.634458,-42668.65
1767538693.734984,-42590.027
1767538693.8354099,-42716.49
1767538693.9358442,-42755.29
1767538694.036133,-42688.59
1767538694.136585,-42700.457
1767538694.238008,-42742.277
1767538694.338727,-42742.652
1767538694.439264,-42804.414
1767538694.5403259,-42775.566
1767538694.6410391,-42742.61
1767538694.741893,-42800.74
1767538694.8431811,-42860.367
1767538694.944339,-42835.707
1767538695.04569,-42842.066
1767538695.14621,-42845.36
1767538695.246676,-42910.098
1767538695.347028,-42926.812
1767538695.447378,-42961.9
1767538695.548037,-42892.2
1767538695.649442,-43000.76
1767538695.774763,-42889.133
1767538695.875144,-42968.695
1767538695.975583,-42978.08
1767538696.0765839,-43078.27
1767538696.177023,-43043.582
1767538696.278285,-43139.625
1767538696.37864,-43021.2
1767538696.479809,-43109.906
1767538696.58051,-43207.64
1767538696.680902,-43204.88
1767538696.781804,-43175.754
1767538696.882643,-43172.14
1767538696.983964,-43169.06
1767538697.084269,-43151.45
1767538697.185647,-43171.344
1767538697.287074,-43238.676
1767538697.388115,-43229.73
1767538697.4894562,-43254.188
1767538697.589968,-43294.434
1767538697.690795,-43344.82
1767538697.7922099,-43291.32
1767538697.893385,-43348.902
1767538697.994654,-43370.484
1767538698.096027,-43364.34
1767538698.196672,-43429.58
1767538698.2970629,-43443.715
1767538698.398439,-43432.125
1767538698.499736,-43405.715
1767538698.6009789,-43427.812
1767538698.7015119,-43436.04
1767538698.802075,-43506.96
1767538698.902535,-43462.42
1767538699.003928,-43563.766
1767538699.1042938,-43576.98
1767538699.205437,-43520.453
1767538699.30596,-43535.72
1767538699.40638,-43577.605
1767538699.507082,-43583.68
1767538699.608473,-43567.17
1767538699.708858,-43679.707
1767538699.8098419,-43611.81
1767538699.9107049,-43632.035
1767538700.0110688,-43740.195
1767538700.111938,-43692.24
1767538700.2124438,-43745.965
1767538700.312763,-43756.312
1767538700.414109,-43776.14
1767538700.51515,-43780.316
1767538700.616385,-43832.426
1767538700.717359,-43819.027
1767538700.84288,-43813.992,-43848.6
1767538700.943284,-43870.973
1767538701.0445209,-43836.31
1767538701.145219,-43857.293
1767538701.246113,-43857.547
1767538701.3465018,-43902.375
1767538701.447419,-43872.973
1767538701.547897,-43898.477
1767538701.649264,-43981.316
1767538701.749964,-43919.188
1767538701.8509178,-44031.867
1767538701.951303,-44024.37
1767538702.051617,-44035.727
1767538702.1519082,-44035.375
1767538702.2530859,-44159.438
1767538702.354505,-44152.066
1767538702.4558542,-44064.586
1767538702.556577,-44047.855
1767538702.656918,-44137.047
1767538702.757486,-44114.31
1767538702.858062,-44100.062
1767538702.95963,-44141.65
1767538703.060937,-44184.027
1767538703.161275,-44185.867
1767538703.2622778,-44243.855
1767538703.3626509,-44257.12
1767538703.464019,-44172.61
1767538703.564449,-44192.223
1767538703.6650891,-44303.176
1767538703.7654772,-44260.758
1767538703.8657851,-44296.785
1767538703.967145,-44336.652
1767538704.068479,-44276.043
1767538704.168948,-44285.082
1767538704.2695749,-44258.49
1767538704.3703182,-44335.41
1767538704.470743,-44442.367
1767538704.57155,-44343.566
1767538704.672251,-44404.637
1767538704.772813,-44485.973
1767538704.873739,-44429.195
1767538704.975085,-44512.883
1767538705.076494,-44467.652
1767538705.1778402,-44392.58
1767538705.279201,-44482.1
1767538705.379526,-44502.18
1767538705.4799318,-44525.145
1767538705.58035,-44570.844
1767538705.6807191,-44615.94
1767538705.781114,-44539.84
1767538705.906765,-44538.97
1767538706.007165,-44600.32
1767538706.1084359,-44631.67
1767538706.209055,-44572.02
1767538706.309815,-44711.58
1767538706.411086,-44674.867
1767538706.512,-44735.668
1767538706.613337,-44773.957
1767538706.714407,-44776.344
1767538706.81504,-44725.69
1767538706.916301,-44673.395
1767538707.016696,-44787.375
1767538707.11713,-44753.17
1767538707.217545,-44800.168
1767538707.318059,-44805.31
1767538707.4194171,-44850.01
1767538707.519878,-44894.402
1767538707.620318,-44781.56
1767538707.720566,-44887.86
1767538707.8219311,-44849.707
1767538707.923279,-44881.836
1767538708.0241249,-44883.867,-44936.207
1767538708.12534,-44875.02
1767538708.226625,-44980.93
1767538708.3269088,-44870.344
1767538708.428278,-44988.223
1767538708.528894,-45044.926
1767538708.629976,-45006.938
1767538708.730701,-44981.84
1767538708.831326,-44981.24
1767538708.9320698,-45093.58
1767538709.033438,-45089.734
1767538709.13451,-45016.867
1767538709.235182,-45037.48
1767538709.33559,-44996.312
1767538709.4370072,-45126.086
1767538709.538518,-45164.62
1767538709.639872,-45150.227
1767538709.740782,-45158.15
1767538709.842185,-45191.184
1767538709.9427872,-45205.64
1767538710.0432398,-45161.42
1767538710.1444402,-45207.695
1767538710.2448199,-45212.51
1767538710.345472,-45273.08
1767538710.446226,-45168.008
1767538710.5467572,-45243.42
1767538710.6473029,-45313.242
1767538710.747913,-45248.43
1767538710.848355,-45331.15
1767538710.9740732,-45307.668
1767538711.074673,-45361.582
1767538711.1752572,-45349.21
1767538711.27572,-45342.055
1767538711.37652,-45383.277
1767538711.477798,-45415.44
1767538711.5791428,-45453.254
1767538711.679504,-45464.02
1767538711.780315,-45386.867
1767538711.8807402,-45388.254
1767538711.981083,-45423.023
1767538712.081446,-45410.86
1767538712.181831,-45543.28
1767538712.2822368,-45561.03
1767538712.3826392,-45556.99
1767538712.482999,-45490.094
1767538712.5833259,-45484.418
1767538712.684329,-45553.406
1767538712.785208,-45544.902
1767538712.886625,-45558.094
1767538712.9878862,-45575.547
1767538713.08865,-45563.08
1767538713.1896472,-45605.82
1767538713.2910411,-45635.89
1767538713.391383,-45676.547
1767538713.491843,-45685.305
1767538713.5921652,-45632.99
1767538713.692541,-45768.418
1767538713.7929869,-45602.535
1767538713.8943949,-45722.953
1767538713.995431,-45633.594
1767538714.0967848,-45771.76
1767538714.198134,-45741.11
1767538714.298858,-45813.727
1767538714.399252,-45857.145
1767538714.49996,-45787.633
1767538714.6003442,-45781.523
1767538714.7011971,-45814.652
1767538714.801732,-45923.06
1767538714.902451,-45760.17
1767538715.003628,-45885.973
1767538715.1041121,-45870.87
1767538715.205409,-45822.906
1767538715.30634,-45943.28
1767538715.407122,-46019.746
1767538715.508637,-45884.617
1767538715.6089878,-45939.1
1767538715.7102878,-46012.707
1767538715.811199,-46012.887
1767538715.911743,-45920.37
1767538716.0367842,-46018.676,-46048.05
1767538716.1376698,-45983.98
1767538716.2390149,-46043.27
1767538716.339537,-46135.19
1767538716.439902,-46046.11
1767538716.54129,-46182.008
1767538716.6416059,-46018.906
1767538716.7420359,-46044.195
1767538716.843063,-46037.73
1767538716.944457,-46102.09
1767538717.045452,-46184.477
1767538717.1458502,-46122.785
1767538717.2465532,-46140.54
1767538717.347449,-46225.203
1767538717.447968,-46179.43
1767538717.548331,-46253.52
1767538717.649652,-46203.83
1767538717.7509289,-46294.74
1767538717.851865,-46268.938
1767538717.952299,-46243.96
1767538718.052903,-46266.668
1767538718.153323,-46306.906
1767538718.2542121,-46355.98
1767538718.3547058,-46297.074
1767538718.455146,-46390.95
1767538718.55637,-46296.336
1767538718.657727,-46347.266
1767538718.759112,-46424.55
1767538718.8599539,-46383.016
1767538718.960853,-46418.586
1767538719.061776,-46450.652
1767538719.162264,-46369.098
1767538719.2626638,-46396.938
1767538719.3635101,-46472.594
1767538719.463915,-46445.035
1767538719.564325,-46444.023
1767538719.664746,-46525.02
1767538719.766091,-46470.074
1767538719.866474,-46433.152
1767538719.967333,-46533.09
1767538720.068717,-46461.88
1767538720.1699991,-46591.15
1767538720.270454,-46545.633
1767538720.3716218,-46613.184
1767538720.472469,-46592.66
1767538720.573602,-46628.168
1767538720.6741781,-46637.316
1767538720.77481,-46611.598
1767538720.875527,-46590.305
1767538720.975984,-46593.793
1767538721.101867,-46612.727
1767538721.202868,-46688.117
1767538721.303734,-46632.086
1767538721.404993,-46598.9
1767538721.505682,-46731.395
1767538721.6066718,-46711.848
1767538721.7080472,-46761.47
1767538721.8084989,-46720.34
1767538721.9095402,-46690.426
1767538722.010758,-46741.047
1767538722.112007,-46761.062
1767538722.213388,-46819.57
1767538722.314199,-46789.16
1767538722.414804,-46767.9
1767538722.515533,-46815.945
1767538722.615964,-46853.234
1767538722.717201,-46845.547
1767538722.817915,-46878.938
1767538722.918745,-46950.734
1767538723.020195,-46868.246
1767538723.121386,-46913.7
1767538723.222181,-46910.88
1767538723.3225641,-46924.832
1767538723.423268,-46905.715
1767538723.524726,-46887.28
1767538723.625331,-46947.4
1767538723.7266712,-47007.68,-46983.844
1767538723.827255,-46999.957
1767538723.928569,-46961.055
1767538724.029255,-46984.344
1767538724.129704,-47096.793
1767538724.231056,-47008.773
1767538724.331469,-47122.28
1767538724.432076,-47030.168
1767538724.5334022,-47064.984
1767538724.633746,-47070.53
1767538724.734144,-47030.07
1767538724.835526,-47063.723
1767538724.936949,-47143.414
1767538725.038312,-47156.977
1767538725.139402,-47090.117
1767538725.2404292,-47112.31
1767538725.34114,-47093.07
1767538725.44187,-47101.086
1767538725.543145,-47195.926
1767538725.644454,-47263.96
1767538725.745035,-47245.145
1767538725.8463519,-47166.934
1767538725.946663,-47203.473
1767538726.048037,-47225.88
1767538726.172596,-47256.5
1767538726.273081,-47190.93
1767538726.374486,-47312.695
1767538726.4749281,-47249.35
1767538726.575308,-47261.887
1767538726.6758459,-47339.875
1767538726.776327,-47290.285
1767538726.876933,-47329.598
1767538726.977897,-47399.387
1767538727.07863,-47410.664
1767538727.178977,-47330.977
1767538727.2793221,-47360.668
1767538727.3800802,-47430.4
1767538727.4805388,-47404.02
1767538727.5809002,-47446.152
1767538727.682194,-47351.293
1767538727.782559,-47373.844
1767538727.8836591,-47450.918
1767538727.984215,-47401.8
1767538728.084579,-47440.562
1767538728.185786,-47426.004
1767538728.2868092,-47480.746
1767538728.388159,-47485.38
1767538728.488537,-47538.008
1767538728.589202,-47611.15
1767538728.6904929,-47532.2
1767538728.790881,-47487.543
1767538728.891519,-47625.277
1767538728.992285,-47582.363
1767538729.093467,-47598.66
1767538729.1941178,-47623.39
1767538729.29546,-47564.086
1767538729.396847,-47592.44
1767538729.497396,-47616.914
1767538729.598145,-47652.914
1767538729.698524,-47711.95
1767538729.799236,-47666.52
1767538729.900645,-47667.176
1767538730.001079,-47673.223
1767538730.101655,-47697.77
1767538730.203069,-47720.027
1767538730.303794,-47781.14
1767538730.4043992,-47755.312
1767538730.50562,-47694.02
1767538730.606719,-47755.574
1767538730.707783,-47746.54
1767538730.8084722,-47781.125
1767538730.90891,-47772.594
1767538731.009266,-47885.9
1767538731.1105542,-47797.543
1767538731.237188,-47798.043,-47887.625
1767538731.3376331,-47869.504
1767538731.43859,-47832.445
1767538731.540034,-47871.4
1767538731.640471,-47855.457
1767538731.7408671,-47951.43
1767538731.841331,-47822.98
1767538731.942324,-47931.11
1767538732.043734,-47888.938
1767538732.144146,-47860.016
1767538732.245478,-47930.535
1767538732.346011,-47903.87
1767538732.446506,-47950.758
1767538732.546859,-47985.297
1767538732.648114,-48034.07
1767538732.748947,-47992.785
1767538732.849848,-48015.523
1767538732.951096,-47945.945
1767538733.052455,-48051.688
1767538733.153053,-48015.938
1767538733.253408,-48106.992
1767538733.3548732,-48054.062
1767538733.45537,-48079.145
1767538733.5561442,-48040.016
1767538733.6566741,-48160.863
1767538733.7573388,-48107.234
1767538733.857721,-48135.21
1767538733.9583402,-48188.17
1767538734.0595012,-48187.84
1767538734.160845,-48074.004
1767538734.2613919,-48209.938
1767538734.361897,-48196.18
1767538734.462293,-48177.43
1767538734.563645,-48249.895
1767538734.664056,-48186.7
1767538734.76443,-48296.184
1767538734.8648791,-48181.277
1767538734.9662259,-48304.7
1767538735.0666502,-48279.12
1767538735.167517,-48225.746
1767538735.2678778,-48255.504
1767538735.36858,-48249.863
1767538735.469891,-48266.36
1767538735.570427,-48255.848
1767538735.670969,-48252.88
1767538735.7723432,-48308.56
1767538735.872875,-48263.664
1767538735.973988,-48310.76
1767538736.075237,-48278.066
1767538736.175733,-48330.3
1767538736.301308,-48375.54
1767538736.4021661,-48414.76
1767538736.50319,-48410.883
1767538736.603631,-48293.598
1767538736.704857,-48418.047
1767538736.8062131,-48395.273
1767538736.906962,-48460.062
1767538737.008311,-48431.938
1767538737.108969,-48363.797
1767538737.209404,-48511.805
1767538737.3097868,-48527.016
1767538737.411093,-48444.242
1767538737.5123131,-48420.76
1767538737.6128662,-48466.51
1767538737.71388,-48506.65
1767538737.8145752,-48503.836
1767538737.9151008,-48515.723
1767538738.0153642,-48564.613
1767538738.115659,-48578.785
1767538738.2161222,-48558.28
1767538738.316428,-48558.945
1767538738.417567,-48646.824
1767538738.518949,-48554.566
1767538738.6194088,-48600.355
1767538738.720018,-48579.22
1767538738.820954,-48625.258
1767538738.921241,-48664.355
1767538739.021981,-48610.863
1767538739.1227899,-48702.348
1767538739.224038,-48697.18
1767538739.324327,-48663.51
1767538739.424891,-48674.547
1767538739.5258849,-48718.594,-48760.973
1767538739.627292,-48647.887
1767538739.7279282,-48716.426
1767538739.829168,-48731.773
1767538739.929712,-48690.344
1767538740.030866,-48723.156
1767538740.131618,-48816.848
1767538740.231905,-48717.668
1767538740.3322392,-48762.73
1767538740.4326122,-48799.375
1767538740.5334451,-48746.543
1767538740.634642,-48776.746
1767538740.734998,-48808.78
1767538740.835884,-48820.1
1767538740.937262,-48872.062
1767538741.0382972,-48852.918
1767538741.139673,-48880.527
1767538741.2405891,-48890.266
1767538741.366362,-48894.285
1767538741.4676769,-48897.56
1767538741.568199,-48883.004
1767538741.6694431,-48926.816
1767538741.770854,-48943.86
1767538741.8716002,-48965.945
1767538741.973008,-48879.598
1767538742.0735428,-48902.492
1767538742.174421,-48982.37
1767538742.274671,-48905.33
1767538742.375082,-48986.215
1767538742.47568,-48993.41
1767538742.575983,-48902.84
1767538742.676466,-48874.73
1767538742.777895,-48999.69
1767538742.878307,-49043.15
1767538742.979646,-49118.01
1767538743.080856,-49106.727
1767538743.1811972,-49049.406
1767538743.281594,-48980.69
1767538743.38197,-48993.332
1767538743.48244,-49110.145
1767538743.58378,-49078.414
1767538743.6843011,-49088.016
1767538743.7847428,-49180.516
1767538743.885113,-49113.895
1767538743.9856288,-49034.902
1767538744.086105,-49032.13
1767538744.186893,-49107.918
1767538744.287297,-49113.258
1767538744.3877819,-49094.676
1767538744.488827,-49140.293
1767538744.5901709,-49125.582
1767538744.69088,-49223.895
1767538744.7915158,-49232.85
1767538744.892392,-49197.28
1767538744.992755,-49377.65
1767538745.09314,-49188.445
1767538745.193857,-49141.508
1767538745.294312,-49169.926
1767538745.395055,-49270.336
1767538745.4954932,-49273.406
1767538745.596877,-49335.543
1767538745.697761,-49323.566
1767538745.7982879,-49261.195
1767538745.899124,-49368.18
1767538745.9994721,-49320.84
1767538746.0998452,-49296.633
1767538746.20019,-49375.543
1767538746.3007638,-49259.36
1767538746.426205,-49341.605
1767538746.5265841,-49341.434
1767538746.6270132,-49367.414
1767538746.727552,-49401.45
1767538746.827935,-49428.473
1767538746.92899,-49427.69,-49395.348
1767538747.0301068,-49450.676
1767538747.131132,-49387.785
1767538747.231489,-49355.977
1767538747.332671,-49402.023
1767538747.433044,-49412.594
1767538747.53426,-49474.773
1767538747.635333,-49460.84
1767538747.735708,-49536.38
1767538747.836108,-49546.016
1767538747.9366028,-49489.062
1767538748.037106,-49456.89
1767538748.137583,-49463.133
1767538748.238923,-49537.832
1767538748.339587,-49585.727
1767538748.4399931,-49546.375
1767538748.5405178,-49578.613
1767538748.640874,-49619.1
1767538748.7420669,-49580.51
1767538748.842752,-49539.465
1767538748.9433012,-49606.844
1767538749.0447,-49625.047
1767538749.145308,-49605.06
1767538749.24667,-49574.09
1767538749.348002,-49623.68
1767538749.4488058,-49652.664
1767538749.549577,-49647.273
1767538749.650629,-49601.14
1767538749.751446,-49703.85
1767538749.852106,-49765.934
1767538749.953501,-49709.965
1767538750.0545962,-49686.34
1767538750.155982,-49775.156
1767538750.257012,-49697.664
1767538750.357263,-49729.78
1767538750.4577138,-49658.406
1767538750.5581079,-49712.812
1767538750.6587808,-49681.613
1767538750.759207,-49791.164
1767538750.8603861,-49770.914
1767538750.96156,-49769.312
1767538751.0633512,-49771.715
1767538751.164298,-49782.99
1767538751.265677,-49755.23
1767538751.366291,-49799.402
1767538751.490417,-49842.14
1767538751.5912051,-49803.645
1767538751.691623,-49764.266
1767538751.7929971,-49902.457
1767538751.893311,-49779.875
1767538751.9941702,-49833.312
1767538752.0955598,-49920.074
1767538752.1958241,-49902.953
1767538752.296488,-49863.36
1767538752.3974972,-49872.145
1767538752.4984782,-49810.188
1767538752.598859,-49878.758
1767538752.699339,-50031.367
1767538752.799777,-49832.45
1767538752.9002612,-49870.156
1767538753.0009239,-49788.117
1767538753.1013691,-49793.992
1767538753.201853,-49913.887
1767538753.303228,-49870.117
1767538753.403875,-49916.445
1767538753.505038,-49997.39
1767538753.605772,-50015.637
1767538753.70703,-50057.023
1767538753.807937,-50009.188
1767538753.90884,-49950.836
1767538754.0097432,-50037.59
1767538754.110205,-49978.37
1767538754.210824,-50019.63
1767538754.311172,-50024.004
1767538754.4115589,-50117.777
1767538754.511982,-50104.55
1767538754.613315,-49979.777
1767538754.713664,-50062.17
1767538754.8144221,-50021.08
1767538754.914796,-50142.094
1767538755.01555,-49999.016
1767538755.116287,-50111.88
1767538755.2175648,-50252.39
1767538755.318178,-50102.17
1767538755.418463,-50181.72
1767538755.519867,-50237.17
1767538755.620959,-50026.016
1767538755.722355,-50153.457
1767538755.8237472,-50150.18
1767538755.924324,-50061.234
1767538756.024863,-50121.234
1767538756.125442,-50234.895
1767538756.226793,-50166.75,-50303.82
1767538756.327334,-50216.836
1767538756.427676,-50167.535
1767538756.552989,-50245.016
1767538756.653652,-50340.418
1767538756.753939,-50306.09
1767538756.854462,-50212.74
1767538756.9551628,-50218.543
1767538757.056555,-50262.92
1767538757.1571908,-50221.57
1767538757.257619,-50242.35
1767538757.358506,-50307.594
1767538757.45952,-50295.59
1767538757.560944,-50292.066
1767538757.6613498,-50270.39
1767538757.761628,-50298.824
1767538757.8619971,-50397.67
1767538757.9633632,-50309.027
1767538758.0646532,-50431.938
1767538758.164995,-50344.69
1767538758.265634,-50273.83
1767538758.365986,-50392.504
1767538758.466341,-50166.594
1767538758.567198,-50353.28
1767538758.667712,-50393.13
1767538758.7679482,-50369.035
1767538758.8693151,-50563.387
1767538758.970588,-50539.16
1767538759.072007,-50326.13
1767538759.172491,-50420.52
1767538759.2728682,-50415.715
1767538759.373268,-50502.934
1767538759.473639,-50377.46
1767538759.574017,-50391.38
1767538759.674418,-50352.426
1767538759.775334,-50567.527
1767538759.8760262,-50430.547
1767538759.977012,-50507.277
1767538760.078021,-50631.68
1767538760.178426,-50432.867
1767538760.279144,-50507.832
1767538760.3800051,-50554.72
1767538760.48134,-50454.883
1767538760.581632,-50583.12
1767538760.6823611,-50557.156
1767538760.7827442,-50607.97
1767538760.883095,-50457.61
1767538760.9834502,-50523.906
1767538761.084255,-50666.02
1767538761.1848278,-50458.574
1767538761.2862961,-50508.54
1767538761.386708,-50668.977
1767538761.4881122,-50592.566
1767538761.61199,-50697.113
1767538761.713362,-50573.37
1767538761.813865,-50532.707
1767538761.91464,-50627.836
1767538762.015661,-50718.043
1767538762.117038,-50606.473
1767538762.2173781,-50568.277
1767538762.317728,-50766.977
1767538762.4184089,-50588.94
1767538762.519841,-50696.453
1767538762.620542,-50666.555
1767538762.721963,-50608.402
1767538762.8229911,-50661.336
1767538762.923829,-50649.215
1767538763.024353,-50839.668
1767538763.124915,-50730.9
1767538763.2253911,-50620.516
1767538763.326373,-50818.438,-50820.137
1767538763.4271948,-50804.047
1767538763.527636,-50702.613
1767538763.62881,-50867.523
1767538763.73017,-50771.246
1767538763.830969,-50855.89
1767538763.9313421,-50694.89
1767538764.032176,-50739.258
1767538764.133406,-50768.863
1767538764.234438,-50788.406
1767538764.3352692,-50755.66
1767538764.435631,-50862.805
1767538764.537017,-50802.043
1767538764.638222,-50857.12
1767538764.7388859,-50765.402
1767538764.8396428,-50822.734
1767538764.9401548,-50733.25
1767538765.041515,-50931.6
1767538765.141896,-50838.52
1767538765.242219,-50822.69
1767538765.3426309,-50804.844
1767538765.443004,-50916.453
1767538765.543422,-50865.77
1767538765.643841,-50937.445
1767538765.744481,-51042.027
1767538765.844841,-50970.562
1767538765.946143,-50972.242
1767538766.046665,-50970.992
1767538766.147128,-50990.203
1767538766.248232,-50986.22
1767538766.3485608,-51011.395
1767538766.4492512,-50986.418
1767538766.549563,-51017.855
1767538766.672696,-50905.527
1767538766.773173,-51061.29
1767538766.87417,-51002.69
1767538766.974587,-51067.613
1767538767.075038,-50954.895
1767538767.176356,-51010.543
1767538767.276916,-51002.934
1767538767.377334,-51132.77
1767538767.478677,-51085.684
1767538767.580013,-50925.594
1767538767.6804218,-51016.016
1767538767.781538,-51174.094
1767538767.882099,-51042.547
1767538767.9827871,-50875.133
1767538768.08361,-51047.95
1767538768.183944,-51004.707
1767538768.28429,-51204.285
1767538768.3845708,-51097.867
1767538768.48597,-51099.95
1767538768.586944,-51239.848
1767538768.688373,-51213.047
1767538768.789383,-51170.992
1767538768.890883,-51118.723
1767538768.991206,-51216.492
1767538769.0918028,-51085.68
1767538769.1922612,-51209.93
1767538769.292711,-51114.812
1767538769.394207,-51219.84
1767538769.495483,-51203.44
1767538769.5968618,-51184.902
1767538769.697907,-51092.766
1767538769.799265,-51157.26
1767538769.900534,-51150.06
1767538770.001013,-51195.125
1767538770.1017349,-51259.668
1767538770.20238,-51227.95
1767538770.302855,-51092.574
1767538770.404206,-51301.945
1767538770.505193,-51239.45
1767538770.605622,-51199.86
1767538770.706163,-51339.83
1767538770.807217,-51352.754
1767538770.9076731,-51272.83
1767538771.008506,-51372.28
1767538771.1091409,-51301.996
1767538771.209512,-51326.492
1767538771.3102,-51368.73
1767538771.4115672,-51095.293
1767538771.512914,-51365.76
1767538771.6134348,-51282.395
1767538771.737689,-51366.527,-51396.934
1767538771.839041,-51372.023
1767538771.940157,-51311.668
1767538772.04052,-51399.324
1767538772.14078,-51296.57
1767538772.2411578,-51377.04
1767538772.3416011,-51413.5
1767538772.442451,-51434.88
1767538772.542731,-51344.766
1767538772.6431339,-51331.43
1767538772.7435431,-51522.63
1767538772.844789,-51489.957
1767538772.945963,-51433.293
1767538773.046868,-51393.06
1767538773.1471941,-51371.94
1767538773.248037,-51416.594
1767538773.34866,-51521.164
1767538773.448968,-51460.56
1767538773.549988,-51426.95
1767538773.65084,-51567.777
1767538773.751803,-51609.145
1767538773.8525681,-51440.4
1767538773.953654,-51445.754
1767538774.054076,-51442.656
1767538774.1554298,-51473.047
1767538774.255925,-51559.66
1767538774.3563268,-51470.21
1767538774.456832,-51542.4
1767538774.557169,-51556.582
1767538774.6574159,-51625.824
1767538774.758254,-51528.516
1767538774.858837,-51564.426
1767538774.959313,-51522.21
1767538775.059725,-51489.78
1767538775.160185,-51579.945
1767538775.2606819,-51595.676
1767538775.3610198,-51591.484
1767538775.462416,-51552.027
1767538775.563767,-51568.75
1767538775.66436,-51582.293
1767538775.7647989,-51718.355
1767538775.865244,-51631.637
1767538775.965617,-51641.266
1767538776.0662131,-51608.457
1767538776.167464,-51598.406
1767538776.2679281,-51604.04
1767538776.368503,-51747.39
1767538776.4692218,-51650.2
1767538776.570552,-51620.63
1767538776.671344,-51730.117
1767538776.795192,-51758.82
1767538776.895551,-51658.633
1767538776.995994,-51715.707
1767538777.0970821,-51663.766
1767538777.197432,-51683.715
1767538777.297985,-51823.17
1767538777.3989928,-51677.54
1767538777.500345,-51721.35
1767538777.600827,-51776.293
1767538777.7012851,-51718.383
1767538777.801752,-51695.605
1767538777.903104,-51729.223
1767538778.004512,-51744.51
1767538778.105311,-51708.785
1767538778.2059898,-51791.035
1767538778.30639,-51702.04
1767538778.406869,-51729.863
1767538778.507394,-51744.168
1767538778.608022,-51784.87
1767538778.708765,-51831.016
1767538778.809439,-51809.184
1767538778.9103308,-51862.957
1767538779.011679,-51835.754
1767538779.1127958,-51801.95
1767538779.2141361,-51791.492
1767538779.3148742,-51844.246
1767538779.415724,-51827.688
1767538779.5165892,-51826.402
1767538779.6176472,-51861.348
1767538779.718972,-51875.56
1767538779.8211892,-51913.383
1767538779.922108,-51840.703
1767538780.022812,-51889.62
1767538780.12421,-51857.22
1767538780.224467,-51754.92,-51941.996
1767538780.425636,-51942.684,-51897.773
1767538780.526988,-51941.37
1767538780.627242,-51883.37
1767538780.727523,-51966.266
1767538780.828023,-51880.68
1767538780.928746,-51886.164
1767538781.0292192,-51959.152
1767538781.129756,-51874.582
1767538781.2308228,-51933.715
1767538781.332195,-51886.477
1767538781.4325492,-52011.145
1767538781.532938,-52026.21
1767538781.63334,-51989.566
1767538781.7341409,-51955.56
1767538781.8571231,-51986.773
1767538781.957422,-51997.53
1767538782.057756,-52073.832
1767538782.158001,-51992.086
1767538782.258792,-52098.668
1767538782.3597288,-52109.844
1767538782.4611452,-52096.88
1767538782.561888,-51997.0
1767538782.6623309,-52023.96
1767538782.763318,-51961.23
1767538782.864668,-51975.633
1767538782.965727,-52069.83
1767538783.066083,-52136.88
1767538783.167354,-52010.105
1767538783.268039,-52036.184
1767538783.368465,-52060.664
1767538783.469652,-52105.18
1767538783.5709581,-52107.52
1767538783.672246,-52008.363
1767538783.772618,-52082.656
1767538783.873939,-52126.38
1767538783.9747598,-52035.918
1767538784.075215,-52216.19
1767538784.1765382,-52086.547
1767538784.276953,-52119.914
1767538784.377342,-52090.504
1767538784.4778628,-52120.93
1767538784.579129,-52079.43
1767538784.679471,-52131.7
1767538784.7804658,-52200.78
1767538784.881394,-52125.586
1767538784.982016,-52135.53
1767538785.082388,-52214.445
1767538785.183684,-52089.633
1767538785.2840629,-52259.223
1767538785.385021,-52180.81
1767538785.4856582,-52275.06
1767538785.586105,-52163.797
1767538785.686425,-52124.703
1767538785.786813,-52206.977
1767538785.887316,-52203.633
1767538785.9877398,-52245.523
1767538786.088073,-52220.953
1767538786.189465,-52216.766
1767538786.289979,-52226.098
1767538786.391011,-52163.34
1767538786.491741,-52196.336
1767538786.592561,-52289.875
1767538786.692925,-52285.598
1767538786.793997,-52323.504
1767538786.9167519,-52213.426
1767538787.0172632,-52297.14
1767538787.117715,-52213.223
1767538787.219105,-52267.84
1767538787.3205252,-52246.4
1767538787.4216251,-52202.22
1767538787.522433,-52367.332
1767538787.6232388,-52352.348
1767538787.7237482,-52343.094
1767538787.824238,-52377.25
1767538787.92466,-52304.88
1767538788.026113,-52352.176,-52371.21
1767538788.127423,-52354.727
1767538788.228815,-52346.78
1767538788.330076,-52299.45
1767538788.431443,-52411.21
1767538788.532107,-52326.95
1767538788.632679,-52337.273
1767538788.733112,-52459.35
1767538788.833429,-52315.492
1767538788.934456,-52408.023
1767538789.0349052,-52344.92
1767538789.136228,-52443.047
1767538789.236619,-52457.688
1767538789.3371708,-52551.43
1767538789.4374871,-52401.836
1767538789.5389938,-52474.43
1767538789.6399412,-52424.97
1767538789.740451,-52482.062
1767538789.8412302,-52382.176
1767538789.941818,-52495.652
1767538790.042809,-52463.32
1767538790.143373,-52562.543
1767538790.2437608,-52420.473
1767538790.3447978,-52419.58
1767538790.445856,-52424.15
1767538790.546208,-52563.355
1767538790.646771,-52652.824
1767538790.747869,-52486.57
1767538790.848253,-52436.96
1767538790.948711,-52473.27
1767538791.049213,-52448.668
1767538791.149709,-52521.54
1767538791.2503092,-52466.625
1767538791.3507478,-52526.637
1767538791.451156,-52591.34
1767538791.551733,-52523.37
1767538791.6522071,-52534.91
1767538791.75361,-52592.79
1767538791.8543391,-52539.117
1767538791.977036,-52467.707
1767538792.078184,-52468.96
1767538792.179557,-52478.973
1767538792.280757,-52541.82
1767538792.381411,-52555.797
1767538792.4827762,-52614.36
1767538792.5832682,-52596.434
1767538792.6845891,-52581.02
1767538792.785863,-52689.86
1767538792.886365,-52623.49
1767538792.9867399,-52602.953
1767538793.088209,-52599.977
1767538793.188996,-52622.035
1767538793.2900212,-52532.652
1767538793.390559,-52655.434
1767538793.490975,-52744.598
1767538793.592214,-52561.19
1767538793.692726,-52682.49
1767538793.793155,-52653.74
1767538793.8937201,-52640.71
1767538793.994793,-52611.94
1767538794.095291,-52624.777
1767538794.1956549,-52679.473
1767538794.296593,-52673.938
1767538794.397268,-52632.758
1767538794.497729,-52656.953
1767538794.5980911,-52670.99
1767538794.698441,-52685.18
1767538794.7994492,-52616.953
1767538794.900428,-52689.64
1767538795.0008802,-52713.375
1767538795.1013792,-52645.137
1767538795.2019358,-52689.383
1767538795.303344,-52745.016
1767538795.403764,-52694.99
1767538795.5043101,-52748.152
1767538795.604772,-52778.734
1767538795.7052648,-52771.207
1767538795.80579,-52695.71
1767538795.907091,-52749.78
1767538796.0083442,-52798.605
1767538796.108598,-52864.11
1767538796.209934,-52759.566
1767538796.310328,-52786.1
1767538796.411575,-52773.88
1767538796.512815,-52736.117
1767538796.613538,-52738.766
1767538796.713879,-52800.426
1767538796.8142369,-52835.457
1767538796.9148428,-52901.105
1767538797.038465,-52880.55,-52864.88
1767538797.139041,-52942.0
1767538797.23948,-52871.133
1767538797.339914,-52931.496
1767538797.440802,-52935.992
1767538797.541219,-52826.79
1767538797.641579,-52901.43
1767538797.7419,-52885.77
1767538797.84237,-52912.0
1767538797.9428558,-52888.816
1767538798.04367,-52918.42
1767538798.144692,-52860.02
1767538798.245277,-52788.31
1767538798.3466399,-52917.016
1767538798.447882,-52837.56
1767538798.548385,-52930.06
1767538798.648797,-52865.594
1767538798.749929,-53018.203
1767538798.851288,-53019.42
1767538798.951583,-52859.16
1767538799.052937,-52856.18
1767538799.1533508,-52894.95
1767538799.253702,-52954.137
1767538799.354602,-52964.703
1767538799.45561,-53030.79
1767538799.557065,-52962.324
1767538799.657504,-52908.004
1767538799.757765,-52998.92
1767538799.858946,-52984.63
1767538799.9603899,-53017.55
1767538800.06094,-52979.035
1767538800.161757,-52978.793
1767538800.262141,-52955.605
1767538800.3628259,-53032.582
1767538800.464175,-53004.32
1767538800.565491,-53043.72
1767538800.66677,-53002.156
1767538800.767174,-52923.953
1767538800.868532,-53026.832
1767538800.969367,-52876.742
1767538801.069742,-52987.7
1767538801.171137,-53116.04
1767538801.271483,-52982.316
1767538801.3723671,-53013.15
1767538801.47375,-53070.426
1767538801.575129,-53045.684
1767538801.676397,-53039.707
1767538801.776795,-53045.9
1767538801.877035,-53025.51
1767538801.978415,-53068.586
1767538802.10337,-53118.797
1767538802.204801,-53004.035
1767538802.3062038,-53043.234
1767538802.407563,-53013.742
1767538802.5079072,-53152.254
1767538802.608483,-53039.445
1767538802.709013,-53103.023
1767538802.809542,-53088.906
1767538802.910927,-53174.348
1767538803.0122821,-53117.965
1767538803.1126678,-53089.67
1767538803.213923,-53131.336
1767538803.314394,-53111.66
1767538803.415721,-53136.46
1767538803.516202,-53159.96
1767538803.616629,-53170.99
1767538803.717403,-53129.465
1767538803.818061,-53146.945
1767538803.918539,-53222.29
1767538804.018933,-53178.516
1767538804.119325,-53192.28
1767538804.220128,-53221.777
1767538804.3215759,-53201.168
1767538804.4229429,-53174.93
1767538804.52416,-53133.598
1767538804.624578,-53180.99
1767538804.724958,-53087.9
1767538804.8254259,-53154.773
1767538804.925826,-53173.637,-53212.453
1767538805.0263932,-53295.08
1767538805.126679,-53246.16
1767538805.227041,-53191.28
1767538805.327816,-53235.793
1767538805.429159,-53205.688
1767538805.529878,-53239.11
1767538805.6308968,-53214.688
1767538805.731333,-53224.402
1767538805.8323252,-53175.387
1767538805.9327412,-53188.734
1767538806.033213,-53244.1
1767538806.134322,-53204.434
1767538806.2346828,-53224.06
1767538806.3361018,-53210.742
1767538806.437078,-53235.02
1767538806.538526,-53311.484
1767538806.6398761,-53219.61
1767538806.740798,-53343.082
1767538806.8420742,-53213.21
1767538806.9434292,-53309.227
1767538807.043919,-53252.043
1767538807.166732,-53227.844
1767538807.267184,-53279.246
1767538807.3677828,-53275.94
1767538807.468431,-53400.992
1767538807.5695202,-53268.684
1767538807.6698382,-53232.42
1767538807.770422,-53418.016
1767538807.871865,-53370.406
1767538807.972338,-53326.715
1767538808.073715,-53436.848
1767538808.174848,-53263.066
1767538808.2763252,-53356.047
1767538808.377713,-53333.92
1767538808.4783978,-53333.37
1767538808.579669,-53373.08
1767538808.681029,-53350.543
1767538808.781704,-53312.855
1767538808.882957,-53415.85
1767538808.9838579,-53392.598
1767538809.084197,-53281.5
1767538809.1850219,-53364.76
1767538809.286201,-53375.168
1767538809.3870301,-53486.117
1767538809.488321,-53289.387
1767538809.588886,-53437.496
1767538809.689653,-53396.92
1767538809.790338,-53458.06
1767538809.891247,-53411.75
1767538809.991601,-53451.867
1767538810.0928588,-53349.32
1767538810.194197,-53423.125
1767538810.294652,-53503.37
1767538810.3953202,-53378.26
1767538810.496694,-53423.96
1767538810.5972302,-53385.617
1767538810.698318,-53412.46
1767538810.7996778,-53418.098
1767538810.900044,-53526.027
1767538811.000345,-53531.715
1767538811.1007192,-53449.83
1767538811.2020779,-53425.59
1767538811.302451,-53536.195
1767538811.403044,-53448.71
1767538811.503434,-53472.9
1767538811.604108,-53538.594
1767538811.7045949,-53480.547
1767538811.805044,-53579.293
1767538811.906091,-53521.453
1767538812.006971,-53512.156
1767538812.1073658,-53568.91
1767538812.231957,-53475.793,-53501.04
1767538812.333303,-53447.6
1767538812.4346292,-53467.19
1767538812.535959,-53507.066
1767538812.6371908,-53627.938
1767538812.738587,-53521.71
1767538812.839186,-53580.777
1767538812.939829,-53556.88
1767538813.040887,-53587.074
1767538813.1414652,-53606.125
1767538813.2417212,-53566.57
1767538813.3427432,-53716.53
1767538813.444084,-53660.22
1767538813.545446,-53628.098
1767538813.645886,-53555.633
1767538813.7471092,-53570.457
1767538813.847892,-53588.01
1767538813.949131,-53569.41
1767538814.0495381,-53485.496
1767538814.150363,-53525.668
1767538814.2514188,-53589.016
1767538814.351958,-53538.023
1767538814.4524732,-53661.35
1767538814.553848,-53593.23
1767538814.655252,-53638.676
1767538814.756608,-53682.258
1767538814.857436,-53550.285
1767538814.95858,-53623.953
1767538815.059134,-53660.562
1767538815.159808,-53757.832
1767538815.260104,-53614.008
1767538815.361414,-53532.523
1767538815.4616718,-53629.566
1767538815.563037,-53659.156
1767538815.663479,-53620.26
1767538815.763747,-53683.87
1767538815.8646002,-53651.65
1767538815.9649868,-53746.566
1767538816.066048,-53762.47
1767538816.1664379,-53687.28
1767538816.267785,-53705.043
1767538816.368348,-53685.82
1767538816.469416,-53706.48
1767538816.569677,-53695.37
1767538816.6700742,-53789.344
1767538816.770935,-53684.94
1767538816.8712618,-53694.97
1767538816.97187,-53713.445
1767538817.07283,-53698.67
1767538817.173238,-53731.746
1767538817.297366,-53766.91
1767538817.398769,-53662.54
1767538817.4991932,-53802.73
1767538817.6000419,-53767.277
1767538817.700934,-53686.707
1767538817.801427,-53741.164
1767538817.902731,-53782.016
1767538818.0031428,-53792.695
1767538818.1034272,-53715.97
1767538818.2048461,-53673.8
1767538818.305315,-53754.01
1767538818.406194,-53729.17
1767538818.506867,-53806.21
1767538818.607522,-53836.105
1767538818.708239,-53757.848
1767538818.808866,-53746.965
1767538818.9101708,-53776.066
1767538819.011538,-53773.273
1767538819.112879,-53866.16
1767538819.2142248,-53822.188
1767538819.3147352,-53838.348
1767538819.415317,-53867.715
1767538819.516613,-53778.535
1767538819.616986,-53810.23
1767538819.717908,-53857.316
1767538819.818408,-53712.117
1767538819.919774,-53919.93
1767538820.0212212,-53791.37
1767538820.121708,-53803.215
1767538820.223116,-53793.406
1767538820.3236532,-53949.37
1767538820.424116,-53831.94
1767538820.5251992,-53846.3
1767538820.626185,-53962.6,-53924.402
1767538820.726819,-53839.848
1767538820.827146,-53862.332
1767538820.9284859,-53771.52
1767538821.0298529,-53895.176
1767538821.1302881,-53854.895
1767538821.231636,-53876.484
1767538821.3329978,-53989.055
1767538821.4343581,-53879.12
1767538821.53471,-53974.332
1767538821.635072,-53896.97
1767538821.735884,-53830.56
1767538821.836511,-53858.316
1767538821.937214,-53988.34
1767538822.038543,-54005.457
1767538822.138865,-53959.484
1767538822.239626,-53990.246
1767538822.363224,-53981.78
1767538822.463555,-53842.75
1767538822.563923,-53954.895
1767538822.6651661,-53956.5
1767538822.765524,-54014.375
1767538822.866113,-53875.316
1767538822.967309,-53930.24
1767538823.067652,-53938.316
1767538823.168119,-53931.797
1767538823.2690182,-54122.15
1767538823.370569,-53977.516
1767538823.4710588,-54054.867
1767538823.571728,-54083.5
1767538823.6727948,-54063.0
1767538823.774148,-53867.168
1767538823.874796,-54092.293
1767538823.975743,-53900.297
1767538824.076589,-53899.566
1767538824.176925,-53848.785
1767538824.277279,-54053.273
1767538824.378387,-53990.09
1767538824.4787462,-53970.9
1767538824.5791879,-54048.785
1767538824.680166,-53981.926
1767538824.7804952,-54025.344
1767538824.880803,-53965.875
1767538824.9814012,-54081.938
1767538825.082041,-54145.938
1767538825.1827352,-53932.676
1767538825.283512,-54112.383
1767538825.383863,-54141.473
1767538825.484203,-54071.598
1767538825.584825,-53989.65
1767538825.685293,-53981.594
1767538825.786742,-54088.473
1767538825.888117,-54004.4
1767538825.988766,-54052.67
1767538826.08917,-54044.137
1767538826.190058,-54143.938
1767538826.2909598,-54002.82
1767538826.3915882,-54058.21
1767538826.491919,-54030.75
1767538826.5927832,-54168.387
1767538826.6935859,-54082.152
1767538826.7946491,-54228.402
1767538826.8955781,-54063.07
1767538826.9968379,-54080.27
1767538827.097281,-54217.824
1767538827.1977978,-54108.414
1767538827.2981591,-54117.824
1767538827.422443,-54167.785
1767538827.523036,-54178.07
1767538827.62357,-54112.242
1767538827.7250829,-54203.582
1767538827.825595,-54160.23
1767538827.925993,-54174.812
1767538828.026796,-54085.5,-54147.02
1767538828.127201,-54181.656
1767538828.227728,-54110.664
1767538828.3282402,-54124.113
1767538828.4289548,-54127.625
1767538828.529309,-54248.016
1767538828.629805,-54122.02
1767538828.730622,-54192.3
1767538828.8310452,-54185.18
1767538828.931734,-54177.54
1767538829.032074,-54224.285
1767538829.1324348,-54204.734
1767538829.233788,-54060.34
1767538829.3343549,-54189.19
1767538829.434762,-54318.03
1767538829.535177,-54176.895
1767538829.6357791,-54161.934
1767538829.736455,-54128.074
1767538829.837258,-54156.87
1767538829.938096,-54107.96
1767538830.038461,-54286.32
1767538830.139072,-54241.63
1767538830.2394922,-54276.438
1767538830.339964,-54253.094
1767538830.4414358,-54213.08
1767538830.541894,-54197.016
1767538830.6429608,-54236.367
1767538830.743336,-54243.953
1767538830.843701,-54308.06
1767538830.945065,-54234.12
1767538831.045491,-54203.48
1767538831.1462688,-54237.074
1767538831.247136,-54255.82
1767538831.348387,-54219.35
1767538831.449743,-54151.89
1767538831.550362,-54282.86
1767538831.651113,-54226.414
1767538831.752505,-54185.785
1767538831.852921,-54320.617
1767538831.9543018,-54232.367
1767538832.0547159,-54290.043
1767538832.155812,-54367.734
1767538832.256319,-54288.727
1767538832.357565,-54396.36
1767538832.481587,-54353.95
1767538832.581955,-54257.16
1767538832.682291,-54285.504
1767538832.783259,-54329.58
1767538832.884606,-54280.918
1767538832.984869,-54278.22
1767538833.0855522,-54277.77
1767538833.186931,-54242.52
1767538833.28763,-54316.87
1767538833.388716,-54258.723
1767538833.490072,-54219.13
1767538833.590487,-54260.74
1767538833.691542,-54348.32
1767538833.792501,-54424.73
1767538833.893721,-54414.805
1767538833.994299,-54320.105
1767538834.0945501,-54391.305
1767538834.195785,-54473.188
1767538834.2969658,-54367.05
1767538834.3982131,-54463.887
1767538834.498703,-54544.67
1767538834.599061,-54420.668
1767538834.6997042,-54259.906
1767538834.800392,-54350.02
1767538834.9008179,-54411.85
1767538835.001201,-54627.535
1767538835.101696,-54444.48
1767538835.202292,-54249.453
1767538835.3026838,-54331.555
1767538835.403425,-54572.766
1767538835.504732,-54437.965
1767538835.60567,-54450.406
1767538835.706113,-54369.363
1767538835.8070002,-54368.527
1767538835.908158,-54647.582
1767538836.009438,-54325.22
1767538836.1097548,-54489.12
1767538836.210407,-54332.727
1767538836.31176,-54504.3
1767538836.4131021,-54330.527
1767538836.514096,-54473.316
1767538836.614466,-54407.37
1767538836.714781,-54406.992
1767538836.81512,-54411.543
1767538836.915812,-54505.207
1767538837.016311,-54445.633
1767538837.117642,-54605.47
1767538837.21808,-54334.59
1767538837.318548,-54276.902
1767538837.419054,-54465.902
1767538837.543133,-54471.266,-54507.465
1767538837.643803,-54370.332
1767538837.745134,-54406.934
1767538837.845715,-54358.86
1767538837.946132,-54580.574
1767538838.046484,-54538.66
1767538838.147024,-54607.117
1767538838.2483442,-54492.027
1767538838.3489559,-54394.332
1767538838.449558,-54414.582
1767538838.553657,-54417.562
1767538838.656499,-54606.58
1767538838.761923,-54711.777
1767538838.864664,-54429.08
1767538838.96679,-54378.832
1767538839.067348,-54545.254
1767538839.167802,-54604.766
1767538839.269325,-54364.8
1767538839.3724108,-54570.297
1767538839.474255,-54453.715
1767538839.5756202,-54624.6
1767538839.6761222,-54576.164
1767538839.776886,-54475.56
1767538839.878467,-54454.98
1767538839.979743,-54617.03
1767538840.080519,-54584.285
1767538840.1813838,-54455.996
1767538840.282051,-54611.35
1767538840.382853,-54525.24
1767538840.48337,-54502.19
1767538840.584755,-54455.117
1767538840.685174,-54608.79
1767538840.7856472,-54612.496
1767538840.8870468,-54608.367
1767538840.987556,-54590.55
1767538841.0912158,-54571.86
1767538841.1918662,-54523.01
1767538841.293196,-54592.504
1767538841.393875,-54615.39
1767538841.495064,-54708.562
1767538841.700873,-54657.66
1767538841.80176,-54759.32
1767538841.904707,-54455.02,-54678.59
1767538842.005353,-54574.457
1767538842.105528,-54577.73
1767538842.20673,-54601.508
1767538842.307132,-54693.723
1767538842.407396,-54567.57
1767538842.508551,-54622.902
1767538842.610514,-54646.113
1767538842.7305238,-54539.59
1767538842.831409,-54616.473
1767538842.932524,-54649.207
1767538843.033643,-54617.625
1767538843.134804,-54809.016
1767538843.235063,-54727.105
1767538843.336021,-54592.63
1767538843.4371898,-54614.367
1767538843.538388,-54705.08
1767538843.638759,-54728.582
1767538843.739904,-54742.18
1767538843.8410702,-54686.125
1767538843.942219,-54677.574
1767538844.043345,-54698.277
1767538844.144459,-54743.375
1767538844.24562,-54639.203
1767538844.3462558,-54653.57
1767538844.446732,-54665.75
1767538844.547199,-54610.25
1767538844.6483982,-54638.527
1767538844.74914,-54765.887
1767538844.850278,-54755.61
1767538844.954348,-54842.5
1767538845.05558,-54700.43
1767538845.1568608,-54704.44
1767538845.257679,-54672.04
1767538845.3582342,-54674.242
1767538845.460094,-54782.914
1767538845.560708,-54530.047
1767538845.661921,-54738.74
1767538845.762523,-54747.125
1767538845.8638048,-54775.582
1767538845.964343,-54747.07
1767538846.064897,-54756.16
1767538846.165477,-54838.312
1767538846.266361,-54564.535
1767538846.367467,-54691.87
1767538846.468469,-54829.195
1767538846.568883,-54779.004
1767538846.670115,-54697.305
1767538846.7728279,-54721.734
1767538846.874728,-54697.227
1767538846.975404,-55924.98
1767538847.0766551,-54867.375
1767538847.1771588,-54543.83
1767538847.277619,-54779.293
1767538847.3789802,-54757.547
1767538847.479336,-54788.008
1767538847.579798,-55066.137
1767538847.706078,-54716.086,-54829.113
1767538847.806547,-54888.19
1767538847.906931,-54750.598
1767538848.007694,-54824.613
1767538848.108117,-54728.36
1767538848.209434,-54729.73
1767538848.3108292,-54706.793
1767538848.4113688,-54890.605
1767538848.512814,-54736.094
1767538848.61378,-54826.27
1767538848.714304,-54980.09
1767538848.819638,-54805.16
1767538848.9208121,-54909.11
1767538849.022101,-54774.246
1767538849.124251,-54896.85
1767538849.2252932,-55132.3
1767538849.326742,-54897.152
1767538849.4273221,-55024.977
1767538849.527578,-54817.4
1767538849.628792,-55038.98
1767538849.729055,-54769.535
1767538849.8302112,-54727.168
1767538849.93051,-54686.47
1767538850.031415,-54838.043
1767538850.131828,-54796.418
1767538850.232499,-54834.13
1767538850.333792,-54822.023
1767538850.4345448,-54976.5
1767538850.53488,-54799.746
1767538850.635252,-54905.12
1767538850.735799,-54826.9
1767538850.837087,-54871.246
1767538850.9383948,-54780.426
1767538851.038783,-54866.547
1767538851.139387,-55043.82
1767538851.2397592,-54795.434
1767538851.340228,-54833.035
1767538851.4410791,-54882.527
1767538851.541601,-54892.543
1767538851.642207,-54876.562
1767538851.7428522,-54955.777
1767538851.843341,-55063.598
1767538851.943813,-54855.1
1767538852.044262,-54823.906
1767538852.1450062,-54904.156
1767538852.24625,-54963.344
1767538852.362428,-54752.65
1767538852.464016,-54927.043
1767538852.565353,-54766.06
1767538852.66657,-55064.78
1767538852.7903502,-54866.945
1767538852.890937,-54850.11
1767538852.991483,-54972.906
1767538853.092723,-54935.434,-54980.926
1767538853.193252,-55001.2
1767538853.293856,-55038.84
1767538853.3941572,-54889.703
1767538853.4945972,-54983.402
1767538853.594979,-54950.285
1767538853.695404,-54973.43
1767538853.796334,-55025.207
1767538853.89681,-55118.918
1767538853.998179,-54946.938
1767538854.09887,-54948.258
1767538854.199417,-54914.484
1767538854.299809,-54970.258
1767538854.4011068,-54998.484
1767538854.501622,-54910.637
1767538854.603013,-54986.887
1767538854.703449,-54942.617
1767538854.804117,-55003.26
1767538854.904599,-55025.754
1767538855.0050712,-55064.402
1767538855.105681,-54951.145
1767538855.206999,-54989.848
1767538855.307691,-55036.684
1767538855.409083,-54984.758
1767538855.510433,-55022.273
1767538855.6117098,-55091.168
1767538855.712518,-55020.316
1767538855.813882,-54858.895
1767538855.914695,-54901.848
1767538856.016038,-54885.92
1767538856.116288,-55009.434
1767538856.217352,-54688.32
1767538856.31828,-54901.547
1767538856.419157,-54910.2
1767538856.519497,-55531.41
1767538856.620901,-53989.926
1767538856.722247,-53583.82
1767538856.823189,-53233.504
1767538856.923425,-53748.76
1767538857.024607,-54914.168
1767538857.124933,-55156.777
1767538857.226052,-54953.027
1767538857.3267891,-55033.426
1767538857.427588,-55151.016
1767538857.529043,-55463.367
1767538857.630112,-55034.33
1767538857.730988,-55160.746
1767538857.855426,-54962.344
1767538857.9560928,-54861.414
1767538858.0568058,-55036.18
1767538858.1573231,-54911.734
1767538858.258067,-55002.4
1767538858.3588102,-55112.457
1767538858.459316,-55382.992
1767538858.560294,-55125.12
1767538858.660712,-55327.8
1767538858.761083,-55028.816
1767538858.862508,-55110.996
1767538858.963052,-55196.17
1767538859.063603,-55212.875
1767538859.164486,-55158.34
1767538859.264891,-55018.902
1767538859.365512,-55134.332
1767538859.465792,-55187.26
1767538859.566196,-55965.13
1767538859.667561,-57174.008
1767538859.768704,-56233.953
1767538859.8694,-54986.2
1767538859.969671,-54616.316
1767538860.070849,-54262.0
1767538860.17166,-55273.55
1767538860.272135,-54780.76
1767538860.372564,-55257.04
1767538860.473709,-54909.23
1767538860.574096,-54531.098
1767538860.6753001,-54861.746
1767538860.776308,-55110.72
1767538860.877656,-55111.594
1767538860.979024,-54890.246
1767538861.079909,-55083.715
1767538861.18124,-55053.266
1767538861.282437,-55106.74
1767538861.382997,-55241.97
1767538861.48336,-54873.246
1767538861.584436,-55235.027
1767538861.685738,-55293.188
1767538861.786303,-55280.44
1767538861.8866482,-54894.863
1767538861.9871202,-54959.098
1767538862.0875468,-55587.13
1767538862.188403,-53908.758,-55112.793
1767538862.3894908,-55175.22,-55351.945
1767538862.48982,-54474.33
1767538862.5902169,-54816.895
1767538862.691564,-54289.117
1767538862.793608,-55025.9
1767538862.910008,-54354.04
1767538863.0106921,-55211.754
1767538863.112298,-54372.82
1767538863.2136269,-54146.902
1767538863.31493,-54198.973
1767538863.415157,-53582.176
1767538863.515585,-55519.156
1767538863.6167371,-56168.125
