timestamp,samples
1767709356.312702,-4954.8896,-3532.5762
1767709356.4614751,-2201.6333
1767709356.561664,-5545.395
1767709356.662924,-4755.6943
1767709356.765044,-6063.099
1767709356.866189,-6067.32
1767709356.969795,-7048.4663
1767709357.0702589,-5993.802
1767709357.170499,-5561.3228
1767709357.271723,-4082.025
1767709357.372022,-5808.7485
1767709357.472513,-7790.218
1767709357.5730581,-9717.191
1767709357.6743731,-8743.203
1767709357.774598,-7330.7344
1767709357.875504,-7706.2637
1767709357.975648,-7348.1924
1767709358.075826,-5899.847
1767709358.177079,-2942.5156
1767709358.278473,-2253.103
1767709358.3796961,-1600.2205
1767709358.480934,-1226.5872
1767709358.5819452,713.8089
1767709358.683229,960.73706
1767709358.7844748,2125.8052
1767709358.887094,1952.6136
1767709358.988367,4655.768
1767709359.088608,8045.228
1767709359.190082,9289.318
1767709359.2914271,12489.157
1767709359.3927622,14043.412
1767709359.494007,16324.105,19887.406
1767709359.595448,22283.13
1767709359.69647,24853.525
1767709359.7971258,26095.863
1767709359.8984761,25966.627
1767709359.998776,28784.283
1767709360.099749,29881.31
1767709360.201013,30912.951
1767709360.301713,35018.867
1767709360.4029608,41390.848
1767709360.504225,41289.793
1767709360.605382,41444.57
1767709360.70676,41325.96
1767709360.808022,41290.406
1767709360.9093409,41360.285
1767709361.010701,41368.473
1767709361.111776,41317.777
1767709361.2138612,41405.723
1767709361.315279,41332.707
1767709361.41666,41414.4
1767709361.517279,41435.344
1767709361.618518,41358.11
1767709361.7194939,41374.047
1767709361.819926,41311.28
1767709361.924033,41363.973
1767709362.0252318,41405.707
1767709362.126397,41415.43
1767709362.244282,41383.99
1767709362.346236,41468.688
1767709362.449954,41358.453
1767709362.551278,41448.72
1767709362.652716,41325.457
1767709362.754048,41312.2
1767709362.8549938,41261.266
1767709362.9562619,41322.2
1767709363.057777,41320.54
1767709363.1592472,41320.46
1767709363.2877178,41326.99
1767709363.408818,41241.53,41385.676
1767709363.5100899,41296.516
1767709363.61203,41438.75
1767709363.713344,41333.62
1767709363.814603,41253.42
1767709363.91585,41250.695
1767709364.0170722,41255.05
1767709364.1184409,41326.25
1767709364.2194738,41379.758
1767709364.320736,41343.254
1767709364.42096,41218.688
1767709364.522159,41352.414
1767709364.623397,41336.535
1767709364.724702,41262.58
1767709364.825929,41357.793
1767709364.9271889,41334.246
1767709365.02854,41289.61
1767709365.1298938,41293.42
1767709365.231162,41283.246
1767709365.331532,41288.402
1767709365.432915,41329.645
1767709365.534606,41352.684
1767709365.636009,41238.832
1767709365.736544,41371.12
1767709365.837871,41283.582
1767709365.9385788,41236.43
1767709366.039219,41313.297
1767709366.1399722,41203.613
1767709366.2408562,41230.074
1767709366.367641,41220.88
1767709366.472716,41280.043
1767709366.574064,41262.266
1767709366.67577,41245.727
1767709366.776891,41286.535
1767709366.877789,41220.516
1767709366.98457,41294.375
1767709367.0852668,41279.785
1767709367.187333,41232.46
1767709367.2895129,41225.01
1767709367.390442,41207.566
1767709367.490916,41217.93
1767709367.591323,41285.312
1767709367.6921558,41183.06
1767709367.793063,41168.176
1767709367.8936682,41218.258
1767709367.994694,41251.42
1767709368.095123,41271.65,41232.043
1767709368.1958442,41256.598
1767709368.2968352,41275.207
1767709368.3972511,41132.523
1767709368.50117,41350.562
1767709368.60253,41240.305
1767709368.703779,41331.273
1767709368.804236,41176.938
1767709368.9049568,41279.504
1767709369.00541,41233.14
1767709369.1057549,41290.242
1767709369.2068129,41227.285
1767709369.30775,41208.562
1767709369.4087858,41144.805
1767709369.5097952,41217.03
1767709369.6108348,41200.383
1767709369.711429,41227.953
1767709369.815964,41120.29
1767709369.916598,41215.133
1767709370.018262,41211.78
1767709370.1189592,41176.953
1767709370.219871,41150.37
1767709370.320705,41199.605
1767709370.421576,41211.516
1767709370.521943,41214.68
1767709370.622366,41154.883
1767709370.723435,41329.61
1767709370.82393,41134.547
1767709370.924774,41190.72
1767709371.0264242,41215.79
1767709371.130676,41232.45
1767709371.23396,41240.184
1767709371.33812,41163.11
1767709371.468099,41106.64
1767709371.5725682,41198.977
1767709371.674142,41129.22
1767709371.775917,41156.133
1767709371.877556,41192.32
1767709371.979367,41091.797
1767709372.0818079,41117.59
1767709372.184344,41211.516
1767709372.286536,41089.844
1767709372.387887,41169.348
1767709372.490426,41091.62
1767709372.5943942,41192.445
1767709372.698039,41161.36,41186.145
1767709372.800456,41149.863
1767709372.9048588,41183.11
1767709373.007183,41116.105
1767709373.109743,41116.59
1767709373.2107499,41163.8
1767709373.3129878,41109.254
1767709373.413404,41153.977
1767709373.514744,41204.047
1767709373.618912,41078.36
1767709373.720185,41118.78
1767709373.8210418,41103.465
1767709373.9216042,41074.867
1767709374.022273,41175.81
1767709374.12264,41151.7
1767709374.22344,41113.76
1767709374.324029,41174.85
1767709374.4250722,41062.992
1767709374.5260859,41151.78
1767709374.626562,41077.98
1767709374.727917,41080.047
1767709374.835295,41056.9
1767709374.938375,41097.203
1767709375.041429,41067.35
1767709375.144462,41157.05
1767709375.24477,41015.637
1767709375.346904,41080.426
1767709375.4505038,41018.83
1767709375.5513442,40991.37
1767709375.652404,41039.02
1767709375.7540748,41111.848
1767709375.854919,41039.516
1767709375.956054,41157.01
1767709376.056714,41126.164
1767709376.158037,41057.656
1767709376.259169,41068.98
1767709376.359504,41033.977
1767709376.485834,41028.098
1767709376.586297,41096.273
1767709376.6865962,41070.594
1767709376.787383,40985.527
1767709376.8877661,41022.793
1767709376.988191,41079.246
1767709377.0887501,41123.36
1767709377.1894011,41053.242
1767709377.29076,40990.863
1767709377.391604,41063.195
1767709377.4921029,40952.902
1767709377.5928488,41064.113
1767709377.693289,40962.824
1767709377.794564,40996.098,41118.1
1767709377.89679,41061.17
1767709377.99892,41062.05
1767709378.100445,41027.453
1767709378.201163,41056.754
1767709378.301903,41078.63
1767709378.4032059,41053.766
1767709378.504106,41062.46
1767709378.605151,41078.9
1767709378.706242,41010.523
1767709378.80724,41057.367
1767709378.908222,40912.09
1767709379.0088499,41070.344
1767709379.109631,40988.082
1767709379.2102442,40948.69
1767709379.3109329,40964.285
1767709379.411545,40938.37
1767709379.516712,40943.574
1767709379.62211,41022.707
1767709379.724597,41063.0
1767709379.824907,40938.797
1767709379.9258308,40868.273
1767709380.027123,40962.996
1767709380.127593,40960.746
1767709380.2279942,40987.496
1767709380.3286521,41024.32
1767709380.430167,41040.605
1767709380.530538,41053.617
1767709380.630882,40978.42
1767709380.731828,40905.28
1767709380.8323069,40955.625
1767709380.932794,40982.45
1767709381.033192,41007.49
1767709381.133963,41029.15
1767709381.2343569,40975.895
1767709381.335621,41001.453
1767709381.436182,41066.207
1767709381.564169,40968.39
1767709381.664767,40933.87
1767709381.765808,40937.617
1767709381.86622,40934.785
1767709381.966532,40942.344
1767709382.0674062,40947.227
1767709382.167883,40958.215
1767709382.268255,40887.72
1767709382.369625,41025.746
1767709382.470716,40857.473
1767709382.571866,40883.28
1767709382.672363,40938.55
1767709382.772747,40910.906
1767709382.873543,40975.33
1767709382.974027,40916.727
1767709383.075408,40881.3
1767709383.175751,40913.965
1767709383.2770271,40940.363
1767709383.378203,40729.266
1767709383.4795709,40881.77
1767709383.579853,40858.758
1767709383.68838,40844.45
1767709383.788794,41010.973
1767709383.891546,40981.508
1767709383.991929,40897.457
1767709384.0970979,40849.58
1767709384.200733,40938.16
1767709384.303496,40841.49
1767709384.4055328,40895.59
1767709384.509544,40911.586
1767709384.613267,40839.926
1767709384.715831,40912.223,40895.82
1767709384.820367,40920.395
1767709384.922631,40909.69
1767709385.026432,40849.066
1767709385.127713,40814.723
1767709385.231395,40891.867
1767709385.332602,40930.035
1767709385.4330602,40965.37
1767709385.534505,40963.812
1767709385.635191,40959.105
1767709385.7357938,40885.46
1767709385.836725,40915.02
1767709385.937163,40817.465
1767709386.0413382,40897.11
1767709386.144614,40859.258
1767709386.248374,40797.805
1767709386.349047,40891.047
1767709386.450515,40832.434
1767709386.575763,40825.727
1767709386.6764889,40885.414
1767709386.777952,40919.06
1767709386.878958,40808.4
1767709386.982764,40864.75
1767709387.0914109,40977.92
1767709387.1928809,40783.66
1767709387.29423,40779.13
1767709387.3954298,40958.35
1767709387.496793,40890.016
1767709387.59744,40899.938
1767709387.6988401,40859.973
1767709387.799544,40877.926
1767709387.9001422,40838.418
1767709388.00108,40807.406
1767709388.101621,40791.47
1767709388.202337,40700.062
1767709388.302927,40869.277
1767709388.403287,40812.297
1767709388.503823,40738.805
1767709388.604646,40750.867
1767709388.7052999,40794.023
1767709388.805842,40822.543
1767709388.9064991,40823.312
1767709389.007811,40831.62
1767709389.1085372,40783.613
1767709389.209569,40809.965
1767709389.3101308,40814.426
1767709389.41103,40769.11
1767709389.5115662,40849.406
1767709389.611936,40794.547
1767709389.713274,40822.254
1767709389.813907,40633.258
1767709389.914266,40852.945
1767709390.01499,40746.477
1767709390.11633,40661.207
1767709390.217174,40858.605
1767709390.317495,40702.81,40736.082
1767709390.417921,40737.543
1767709390.518881,40720.86
1767709390.720348,40789.457
1767709390.8211782,40682.1,40643.465
1767709390.92141,40762.625
1767709391.021822,40618.566
1767709391.1221209,40681.39
1767709391.223485,40660.703
1767709391.3248188,40527.242
1767709391.425161,40716.996
1767709391.525451,40667.934
1767709391.6511538,40704.742
1767709391.751484,40692.527
1767709391.8518279,40650.746
1767709391.952184,40724.293
1767709392.052487,40703.348
1767709392.1532328,40750.973
1767709392.253945,40850.594
1767709392.354351,40723.734
1767709392.4555352,40626.723
1767709392.556225,40738.906
1767709392.656768,40676.86
1767709392.758104,40711.113
1767709392.8584719,40734.895
1767709392.959043,40799.996
1767709393.059925,40651.332
1767709393.1612391,40628.23
1767709393.2616498,40739.715
1767709393.3624341,40676.59
1767709393.463038,40748.617
1767709393.564405,40810.71
1767709393.6657631,40614.316
1767709393.7667341,40680.86
1767709393.86797,40632.41
1767709393.96841,40674.37
1767709394.0690439,40637.355
1767709394.170311,40630.695
1767709394.271688,40574.543
1767709394.3727648,40691.37
1767709394.473618,40665.938
1767709394.574475,40615.84
1767709394.675859,40566.14
1767709394.7763572,40741.61
1767709394.876721,40691.03
1767709394.977906,40721.246
1767709395.078521,40573.664
1767709395.179008,40723.26
1767709395.2794628,40683.19
1767709395.380872,40654.566
1767709395.4812539,40694.785
1767709395.582602,40639.043
1767709395.68298,40574.17
1767709395.784248,40683.85
1767709395.885615,40673.414
1767709395.987068,40669.07
1767709396.088429,40613.89
1767709396.188833,40662.4
1767709396.289081,40536.766
1767709396.3894908,40653.96
1767709396.48985,40630.28
1767709396.591157,40639.06
1767709396.7172348,40646.254
1767709396.81793,40552.285
1767709396.918705,40609.46
1767709397.019765,40642.79,40545.492
1767709397.121127,40627.23
1767709397.222503,40606.16
1767709397.3229802,40584.05
1767709397.4235368,40563.938
1767709397.523852,40520.81
1767709397.624187,40565.445
1767709397.725326,40557.812
1767709397.8261068,40576.387
1767709397.927451,40614.055
1767709398.0278022,40587.793
1767709398.128294,40507.086
1767709398.228669,40625.156
1767709398.3300009,40525.51
1767709398.431247,40546.56
1767709398.531765,40571.535
1767709398.6320949,40640.61
1767709398.732574,40559.32
1767709398.832902,40534.035
1767709398.9342048,40491.477
1767709399.0346382,40473.777
1767709399.135616,40526.58
1767709399.236398,40518.863
1767709399.336711,40579.25
1767709399.4370089,40632.062
1767709399.537809,40545.35
1767709399.639153,40510.33
1767709399.740494,40556.965
1767709399.841422,40448.97
1767709399.942754,40523.848
1767709400.0616808,40578.125
1767709400.162178,40525.82
1767709400.262764,40424.574
1767709400.364547,40500.438
1767709400.465503,40534.066
1767709400.566807,40453.88
1767709400.6681302,40507.645
1767709400.76866,40463.926
1767709400.869618,40411.496
1767709400.971029,40458.914
1767709401.071826,40487.82
1767709401.172292,40556.043
1767709401.272646,40558.15
1767709401.3731148,40511.65
1767709401.4734972,40477.777
1767709401.574037,40491.066
1767709401.677331,40454.094
1767709401.803107,40448.137
1767709401.9036999,40466.656
1767709402.004093,40536.906
1767709402.104982,40506.77
1767709402.205534,40450.863
1767709402.306085,40502.85
1767709402.4076211,40505.027
1767709402.509345,40418.453
1767709402.610713,40537.594
1767709402.7115672,40436.38
1767709402.812868,40416.996
1767709402.9141572,40487.402
1767709403.015535,40389.727
1767709403.115933,40481.207
1767709403.216446,40341.81
1767709403.316774,40383.4
1767709403.41733,40485.53
1767709403.517971,40372.875
1767709403.61884,40453.645
1767709403.7249799,40390.156
1767709403.826242,40537.96
1767709403.926798,40463.77
1767709404.027786,40379.355
1767709404.128235,40391.355
1767709404.228684,40393.37
1767709404.329379,40454.746
1767709404.430639,40344.49,40423.22
1767709404.531044,40420.652
1767709404.631519,40325.914
1767709404.732901,40389.645
1767709404.8334668,40404.473
1767709404.933882,40266.773
1767709405.034231,40377.562
1767709405.134707,40269.363
1767709405.235004,40378.0
1767709405.336184,40407.02
1767709405.436533,40353.914
1767709405.537385,40429.793
1767709405.638397,40293.438
1767709405.739121,40379.875
1767709405.840436,40432.49
1767709405.941617,40373.258
1767709406.042372,40337.85
1767709406.143413,40442.71
1767709406.2447429,40318.348
1767709406.3460999,40399.69
1767709406.4473999,40287.08
1767709406.5477161,40416.426
1767709406.648391,40304.46
1767709406.748885,40306.668
1767709406.8761652,40318.58
1767709406.9774342,40237.992
1767709407.0783732,40338.176
1767709407.179011,40250.098
1767709407.2794518,40302.516
1767709407.380529,40422.69
1767709407.4809558,40409.77
1767709407.581342,40321.387
1767709407.682652,40331.562
1767709407.784001,40373.074
1767709407.88467,40315.453
1767709407.985677,40189.906
1767709408.086068,40284.42
1767709408.1867461,40261.035
1767709408.2871099,40371.312
1767709408.387858,40329.844
1767709408.488791,40311.137
1767709408.5901709,40335.527
1767709408.690665,40282.11
1767709408.791237,40316.203
1767709408.892471,40313.086
1767709408.9931362,40290.035
1767709409.094075,40197.266
1767709409.194407,40240.06
1767709409.294667,40211.2
1767709409.395112,40284.66
1767709409.495466,40331.605
1767709409.595854,40178.297
1767709409.696595,40247.637
1767709409.797097,40267.164
1767709409.897353,40239.56
1767709409.9986491,40281.383
1767709410.0996249,40215.91
1767709410.199991,40322.11
1767709410.30125,40265.33
1767709410.401917,40260.598
1767709410.502399,40185.344
1767709410.602937,40194.164
1767709410.703965,40268.47
1767709410.804951,40215.42
1767709410.9055161,40243.957
1767709411.00637,40373.754
1767709411.10737,40258.406
1767709411.208673,40237.703
1767709411.314467,40150.383
1767709411.4156759,40158.027
1767709411.518114,40190.9
1767709411.618474,40162.023
1767709411.7194781,40125.5
1767709411.8237891,40197.156
1767709411.9502132,40221.137,40225.95
1767709412.054656,40217.973
1767709412.1589582,40207.89
1767709412.260752,40295.316
1767709412.361111,40197.37
1767709412.46342,40194.957
1767709412.565449,40093.875
1767709412.667767,40188.82
1767709412.76937,40190.035
1767709412.8748229,40124.168
1767709412.9769542,40158.63
1767709413.078142,40170.453
1767709413.179936,40141.457
1767709413.280427,40145.734
1767709413.3811169,40190.914
1767709413.4815419,40046.715
1767709413.582081,40073.74
1767709413.682401,40210.668
1767709413.7826612,40123.98
1767709413.882987,40110.277
1767709413.984519,40046.1
1767709414.0848901,40182.32
1767709414.18525,40100.26
1767709414.2864351,40057.793
1767709414.3867562,40067.99
1767709414.487482,40140.574
1767709414.587745,40127.164
1767709414.687975,40013.684
1767709414.788676,40098.723
1767709414.8890839,40118.684
1767709414.990102,40181.285
1767709415.09071,40140.43
1767709415.1915689,40019.8
1767709415.291938,40087.78
1767709415.392407,40006.125
1767709415.492741,40031.633
1767709415.593432,40118.83
1767709415.694687,40001.93
1767709415.7952,40025.793
1767709415.896103,40103.14
1767709415.99672,40043.516
1767709416.09809,40046.637
1767709416.1983721,40031.65
1767709416.299744,40099.984
1767709416.400382,40100.305
1767709416.5011232,40044.457
1767709416.6024718,40024.445
1767709416.703601,40036.773
1767709416.804162,39998.2
1767709416.9055371,40052.938
1767709417.031699,40097.43,40053.64
1767709417.131923,40056.734
1767709417.2321768,40042.77
1767709417.3328252,40062.22
1767709417.4335082,39959.77
1767709417.5342221,39979.12
1767709417.6348958,40035.734
1767709417.736004,40043.184
1767709417.8364532,39931.75
1767709417.936799,39943.098
1767709418.037226,39909.902
1767709418.13838,39990.44
1767709418.238803,39950.22
1767709418.33987,40029.656
1767709418.440215,39990.645
1767709418.540687,39974.773
1767709418.6410508,39957.02
1767709418.742408,39943.637
1767709418.843096,40046.06
1767709418.943456,40001.047
1767709419.044113,39956.395
1767709419.144475,39987.652
1767709419.2449112,40006.62
1767709419.346278,40035.07
1767709419.4470541,39953.51
1767709419.5476449,39861.547
1767709419.648428,39925.23
1767709419.7492712,39928.84
1767709419.849768,39944.074
1767709419.9511292,39945.81
1767709420.052171,39907.72
1767709420.1530318,39891.957
1767709420.2544699,39981.37
1767709420.355834,39944.14
1767709420.456129,39952.062
1767709420.556515,39951.855
1767709420.6572669,39789.746
1767709420.758226,39911.363
1767709420.858615,39865.06
1767709420.959305,39868.88
1767709421.059659,39861.344
1767709421.160234,39865.65
1767709421.2609038,39880.06
1767709421.361412,39807.797
1767709421.461805,40004.97
1767709421.5622919,39789.668
1767709421.663701,39821.79
1767709421.764631,39886.973
1767709421.864907,39809.21
1767709421.965611,39865.668
1767709422.090341,39913.77
1767709422.1913779,39830.746
1767709422.2926989,39950.508
1767709422.393687,39849.56
1767709422.495098,39887.176
1767709422.596043,39945.21
1767709422.6974878,39875.35
1767709422.798594,39892.188
1767709422.89993,39855.906
1767709423.001225,39700.47
1767709423.102517,39864.668
1767709423.203936,39807.617
1767709423.305289,39858.68
1767709423.405717,39816.406
1767709423.5059478,39786.65
1767709423.606178,39844.383
1767709423.707456,39789.49
1767709423.808817,39782.285
1767709423.9094532,39697.09
1767709424.009907,39746.613
1767709424.110332,39723.48
1767709424.210631,39728.258
1767709424.311637,39788.754
1767709424.412032,39853.46
1767709424.5129302,39848.223
1767709424.614316,39867.18
1767709424.715557,39756.652
1767709424.81699,39834.62
1767709424.917314,39825.68
1767709425.017712,39695.41
1767709425.118655,39725.66
1767709425.2201018,39856.24
1767709425.3214872,39731.29
1767709425.421819,39755.125
1767709425.5221791,39773.574
1767709425.6224709,39759.125
1767709425.723779,39822.688,39790.367
1767709425.9253619,39699.7
1767709426.02615,39694.05
1767709426.126611,39733.617
1767709426.227781,39687.105,39684.367
1767709426.3281438,39761.88
1767709426.4285812,39708.21
1767709426.528943,39636.484
1767709426.629579,39698.36
1767709426.730946,39674.406
1767709426.8318279,39661.953
1767709426.933138,39616.12
1767709427.033696,39789.113
1767709427.159233,39699.35
1767709427.2597098,39639.176
1767709427.360128,39672.062
1767709427.461442,39737.36
1767709427.5628438,39649.11
1767709427.663923,39615.973
1767709427.7645462,39735.668
1767709427.865013,39571.617
1767709427.96646,39619.617
1767709428.067298,39671.824
1767709428.167972,39637.566
1767709428.268456,39660.18
1767709428.36909,39569.664
1767709428.469999,39704.93
1767709428.570566,39696.598
1767709428.671592,39646.117
1767709428.773,39563.324
1767709428.8733802,39630.953
1767709428.973988,39575.83
1767709429.0743659,39650.996
1767709429.175455,39618.54
1767709429.275847,39632.914
1767709429.376229,39676.242
1767709429.476578,39591.63
1767709429.5773141,39695.16
1767709429.6777651,39555.01
1767709429.778296,39549.344
1767709429.8787851,39590.523
1767709429.9794319,39582.88
1767709430.080666,39600.645
1767709430.1818008,39622.88
1767709430.282377,39578.164
1767709430.38332,39585.176
1767709430.48458,39575.363
1767709430.585505,39567.78
1767709430.685932,39546.91
1767709430.7869709,39563.203
1767709430.887577,39564.887
1767709430.988978,39538.69
1767709431.089352,39589.812
1767709431.1896389,39545.6
1767709431.29059,39472.535
1767709431.391943,39552.105
1767709431.493292,39490.58
1767709431.594177,39494.793
1767709431.6945658,39545.137
1767709431.795042,39524.74
1767709431.895561,39519.297
1767709431.996984,39505.324
1767709432.097497,39507.195
1767709432.222653,39523.91
1767709432.3229492,39534.875
1767709432.423271,39555.73,39501.055
1767709432.524235,39459.527
1767709432.725847,39434.395
1767709432.8264792,39540.414
1767709432.927063,39414.95
1767709433.027374,39484.36,39469.418
1767709433.128275,39442.934
1767709433.229656,39478.426
1767709433.329997,39515.2
1767709433.431298,39442.375
1767709433.5320802,39406.848
1767709433.632598,39427.574
1767709433.7335,39434.43
1767709433.834018,39397.875
1767709433.9345112,39339.562
1767709434.035854,39415.414
1767709434.136456,39424.094
1767709434.236932,39381.137
1767709434.337276,39434.48
1767709434.438563,39420.527
1767709434.539951,39379.848
1767709434.640312,39420.613
1767709434.740831,39316.46
1767709434.8414788,39361.133
1767709434.941977,39412.25
1767709435.0422862,39314.586
1767709435.142661,39405.855
1767709435.243059,39393.96
1767709435.343395,39419.766
1767709435.444022,39435.246
1767709435.5446458,39395.258
1767709435.646092,39352.945
1767709435.747566,39383.13
1767709435.847921,39283.41
1767709435.948328,39398.05
1767709436.048922,39367.53
1767709436.14927,39341.59
1767709436.250166,39355.453
1767709436.3505821,39315.754
1767709436.4509661,39303.867
1767709436.5512938,39379.21
1767709436.651572,39385.266
1767709436.752386,39285.074
1767709436.852813,39312.664
1767709436.954261,39242.973
1767709437.0555048,39276.68
1767709437.1561751,39356.4
1767709437.281641,39343.984
1767709437.382167,39343.074
1767709437.4828942,39241.516
1767709437.584244,39260.95
1767709437.6852632,39346.445
1767709437.78607,39305.953
1767709437.8866901,39230.484
1767709437.987874,39221.766
1767709438.088491,39307.152
1767709438.1895978,39222.99
1767709438.2905521,39187.664
1767709438.3917198,39268.43
1767709438.4920802,39283.465
1767709438.5924218,39332.29
1767709438.693645,39181.676
1767709438.794366,39188.76
1767709438.894808,39275.758
1767709438.995187,39181.973
1767709439.096582,39224.918
1767709439.197773,39187.168
1767709439.298084,39203.406
1767709439.3987,39213.266
1767709439.4998348,39170.81
1767709439.601305,39220.516
1767709439.7020822,39248.273
1767709439.802519,39184.59
1767709439.903172,39156.78
1767709440.0037692,39223.06
1767709440.104217,39165.957
1767709440.204484,39202.246
1767709440.304994,39216.836
1767709440.4054341,39217.55
1767709440.505846,39178.875
1767709440.607219,39128.527
1767709440.707753,39215.062
1767709440.8081322,39156.734
1767709440.9085171,39191.71
1767709441.0089018,39095.637
1767709441.1092532,39142.863
1767709441.209607,39168.758
1767709441.3101199,39185.418
1767709441.4108741,39108.21
1767709441.511243,39037.336
1767709441.611728,39162.957
1767709441.712142,39127.66
1767709441.812553,39100.902
1767709441.913089,39221.832
1767709442.014059,39072.33
1767709442.114749,39042.527
1767709442.215086,39139.293
1767709442.339909,39122.65,39135.387
1767709442.440275,39143.297
1767709442.5409842,39104.133
1767709442.6414342,39029.977
1767709442.741784,39096.668
1767709442.842325,39114.098
1767709442.9426718,39089.76
1767709443.043267,39013.22
1767709443.144385,38970.92
1767709443.244938,39076.457
1767709443.345715,39051.89
1767709443.446172,39112.71
1767709443.547436,39099.887
1767709443.648448,39113.566
1767709443.748838,38954.637
1767709443.849403,38988.145
1767709443.949754,39056.914
1767709444.050389,39029.33
1767709444.151009,39042.516
1767709444.251557,39002.56
1767709444.352066,39020.137
1767709444.452784,38972.992
1767709444.553855,39017.133
1767709444.655261,39005.734
1767709444.7560298,39066.75
1767709444.8562932,38978.38
1767709444.956888,39000.37
1767709445.057251,38975.13
1767709445.157983,39077.516
1767709445.258484,38928.137
1767709445.359232,38997.625
1767709445.459567,38941.406
1767709445.560368,38981.258
1767709445.661665,39012.96
1767709445.7625148,38911.82
1767709445.863779,38908.293
1767709445.964597,38967.25
1767709446.065952,38915.477
1767709446.16644,38923.74
1767709446.267606,38905.363
1767709446.3679411,38938.68
1767709446.468976,38920.723
1767709446.5701802,38921.46
1767709446.670629,38872.504
1767709446.771221,38904.24
1767709446.871583,38927.1
1767709446.972522,38938.758
1767709447.0738828,38903.496
1767709447.175244,38878.91
1767709447.2761679,38846.605
1767709447.4011462,38873.91
1767709447.502219,38937.516
1767709447.6031501,38886.574
1767709447.70414,38807.953
1767709447.8045518,38808.613
1767709447.905341,38861.93
1767709448.006735,38839.66
1767709448.1080909,38866.805
1767709448.20885,38858.785
1767709448.3097699,38919.598
1767709448.410605,38765.125
1767709448.51091,38920.03
1767709448.611319,38864.395
1767709448.7119098,38815.37
1767709448.812489,38727.684
1767709448.912828,38769.805
1767709449.013362,38791.75
1767709449.114049,38788.363
1767709449.215355,38800.844
1767709449.315902,38820.773
1767709449.4172878,38803.42
1767709449.517932,38790.293
1767709449.618773,38714.96
1767709449.71942,38841.227
1767709449.820388,38732.195
1767709449.920667,38801.797,38742.832
1767709450.121943,38754.086
1767709450.2223082,38768.293
1767709450.3226838,38801.95
1767709450.423118,38766.46
1767709450.524353,38754.023
1767709450.625443,38778.152,38723.43
1767709450.7261791,38729.887
1767709450.827049,38685.633
1767709450.927309,38682.992
1767709451.127718,38748.945
1767709451.228239,38691.887,38784.477
1767709451.329325,38721.645
1767709451.430743,38660.56
1767709451.531286,38645.223
1767709451.6325371,38717.09
1767709451.73305,38686.438
1767709451.834392,38643.418
1767709451.934742,38654.93
1767709452.0354319,38680.016
1767709452.136618,38510.734
1767709452.237421,38608.81
1767709452.337984,38635.582
1767709452.439683,38682.082
1767709452.5647738,38665.71
1767709452.66567,38615.58
1767709452.766227,38554.836
1767709452.867083,38669.977
1767709452.9675741,38668.81
1767709453.0680919,38581.35
1767709453.1694028,38660.414
1767709453.2698,38627.555
1767709453.370215,38563.59
1767709453.470538,38611.598
1767709453.570812,38559.43
1767709453.671393,38584.37
1767709453.7722409,38521.043
1767709453.872886,38649.094
1767709453.974249,38653.992
1767709454.0746229,38614.227
1767709454.175169,38584.207
1767709454.2756102,38612.87
1767709454.376019,38535.844
1767709454.477368,38513.96
1767709454.5776708,38524.55
1767709454.6780748,38522.914
1767709454.778697,38576.332
1767709454.879283,38521.45
1767709454.980118,38630.918
1767709455.080408,38479.28
1767709455.181626,38626.85
1767709455.28245,38423.19
1767709455.3838022,38475.65
1767709455.484533,38423.38
1767709455.5848908,38533.24
1767709455.685995,38423.61
1767709455.786489,38390.03
1767709455.886869,38476.234
1767709455.987412,38406.42
1767709456.087845,38548.57
1767709456.1885738,38546.39
1767709456.289071,38392.227
1767709456.389429,38423.656
1767709456.48979,38445.69
1767709456.590174,38403.383
1767709456.690528,38418.63
1767709456.7918952,38319.355
1767709456.892726,38357.258
1767709456.993647,38429.777
1767709457.094034,38447.684
1767709457.194956,38367.297
1767709457.296366,38409.098
1767709457.397763,38430.48
1767709457.522488,38316.445
1767709457.622835,38359.777,38420.29
1767709457.8245802,38409.89
1767709457.924961,38431.668
1767709458.025781,38313.043
1767709458.1270359,38367.23,38382.035
1767709458.2273622,38329.816
1767709458.328058,38397.57
1767709458.428407,38351.42
1767709458.529769,38310.31
1767709458.630423,38383.523
1767709458.730877,38382.355
1767709458.832194,38358.32
1767709458.933037,38402.93
1767709459.033509,38305.836
1767709459.1343732,38293.992
1767709459.235204,38351.797
1767709459.3359628,38225.26
1767709459.436836,38336.742
1767709459.537133,38278.016
1767709459.637543,38327.535
1767709459.737961,38317.75
1767709459.838284,38285.17
1767709459.938717,38240.434
1767709460.039348,38263.906
1767709460.139771,38288.598
1767709460.240145,38213.49
1767709460.341472,38280.23
1767709460.442761,38280.96
1767709460.5431411,38157.258
1767709460.6443892,38239.957
1767709460.7453802,38187.6
1767709460.846756,38256.277
1767709460.947274,38319.543
1767709461.0476182,38217.547
1767709461.148633,38238.484
1767709461.2490041,38216.492
1767709461.349389,38188.07
1767709461.450824,38221.742
1767709461.5512362,38199.91
1767709461.651642,38276.273
1767709461.752844,38124.62
1767709461.853371,38181.668
1767709461.953866,38174.945
1767709462.055108,38068.35
1767709462.155478,38138.598
1767709462.25582,38133.062
1767709462.3570628,38158.13
1767709462.458409,38147.67
1767709462.560034,38133.547
1767709462.6843011,38080.445
1767709462.785399,38162.49
1767709462.885956,38038.473
1767709462.986367,38140.44
1767709463.087499,38115.86
1767709463.187773,38116.035
1767709463.288179,38068.92
1767709463.388756,38124.367
1767709463.489032,38100.52
1767709463.590119,38048.844
1767709463.691398,38131.453
1767709463.79212,38109.08
1767709463.893502,38019.7
1767709463.994478,37989.082
1767709464.095584,38114.18
1767709464.197032,38132.074
1767709464.2975092,38073.926
1767709464.39799,38024.324
1767709464.498323,38030.805
1767709464.5997188,38039.58
1767709464.700066,37975.156
1767709464.800879,37981.97
1767709464.901184,37964.35
1767709465.002082,37999.543
1767709465.102785,38024.15
1767709465.203264,38026.977
1767709465.303676,37875.723
1767709465.404209,38056.547
1767709465.505583,37975.67
1767709465.606953,37963.73
1767709465.708128,38041.594
1767709465.808536,37963.22
1767709465.90976,38023.62
1767709466.011015,38038.652
1767709466.111576,37918.664
1767709466.212933,37947.54
1767709466.313448,37909.594
1767709466.414301,37877.13
1767709466.51555,37924.387
1767709466.616012,38016.043
1767709466.716489,38011.46
1767709466.816946,37955.145
1767709466.9172962,37965.51
1767709467.0176718,37890.844
1767709467.1180842,37907.77
1767709467.218635,37923.453
1767709467.3192499,37848.8
1767709467.4206731,37907.64
1767709467.5216389,37897.31
1767709467.646795,37813.04,37824.29
1767709467.7477162,37858.65
1767709467.8491678,37870.785
1767709467.95011,37841.414
1767709468.050467,37816.6
1767709468.15084,37832.22
1767709468.251161,37833.188
1767709468.351488,37783.07
1767709468.451846,37726.254
1767709468.552174,37733.914
1767709468.6529338,37787.066
1767709468.753317,37760.848
1767709468.854409,37829.484
1767709468.9548259,37796.914
1767709469.055678,37818.887
1767709469.156988,37787.715
1767709469.257351,37762.66
1767709469.358748,37804.02
1767709469.459523,37780.258
1767709469.56041,37693.438
1767709469.661559,37679.43
1767709469.7629051,37771.207
1767709469.8633752,37738.926
1767709469.964715,37800.84
1767709470.0653691,37734.137
1767709470.1667788,37720.098
1767709470.268111,37716.953
1767709470.3688672,37703.113
1767709470.469245,37723.934
1767709470.570349,37732.375
1767709470.671795,37730.812
1767709470.772177,37647.316
1767709470.872857,37638.94
1767709470.974206,37596.2
1767709471.07451,37608.03
1767709471.175789,37651.312
1767709471.27713,37657.79
1767709471.377436,37665.35
1767709471.478654,37631.992
1767709471.579221,37647.99
1767709471.6806111,37618.824
1767709471.781983,37633.86
1767709471.8823628,37709.87
1767709471.982948,37537.137
1767709472.0842628,37604.95
1767709472.1847801,37695.18
1767709472.285334,37580.863
1767709472.3866649,37570.094
1767709472.4869928,37556.184
1767709472.587445,37560.754
1767709472.7128162,37644.84
1767709472.814181,37581.754
1767709472.914633,37625.414
1767709473.015032,37483.812
1767709473.1160681,37497.035
1767709473.216577,37541.88
1767709473.317985,37592.76
1767709473.418942,37549.156
1767709473.519279,37551.836
1767709473.620238,37540.895
1767709473.7212899,37548.52
1767709473.821718,37486.81
1767709473.922092,37566.688
1767709474.0230331,37526.227,37559.754
1767709474.225688,37489.48
1767709474.326147,37457.89
1767709474.426454,37479.797
1767709474.52769,37379.832,37383.367
1767709474.628586,37484.895
1767709474.72987,37348.504
1767709474.830283,37431.527
1767709474.931217,37399.94
1767709475.032019,37357.203
1767709475.132499,37435.812
1767709475.233183,37442.91
1767709475.334424,37508.168
1767709475.4348428,37379.293
1767709475.535281,37331.74
1767709475.636052,37438.895
1767709475.7365131,37358.848
1767709475.837013,37401.797
1767709475.937382,37392.91
1767709476.038316,37375.72
1767709476.139083,37401.09
1767709476.239368,37366.547
1767709476.3397539,37364.42
1767709476.440105,37408.35
1767709476.540616,37308.918
1767709476.640992,37351.797
1767709476.742335,37324.785
1767709476.8436868,37342.984
1767709476.944164,37360.305
1767709477.045474,37300.035
1767709477.146158,37309.21
1767709477.247187,37269.96
1767709477.348555,37290.625
1767709477.448846,37261.13
1767709477.5492291,37325.23
1767709477.650042,37195.17
1767709477.774094,37297.207
1767709477.874478,37260.188
1767709477.974841,37180.75
1767709478.07521,37250.7
1767709478.176616,37219.23
1767709478.276983,37231.023
1767709478.377405,37173.21
1767709478.477788,37208.7
1767709478.5782242,37190.53
1767709478.679026,37215.13
1767709478.779505,37207.71
1767709478.880137,37149.69
1767709478.981091,37171.273
1767709479.082338,37176.656
1767709479.182729,37178.84
1767709479.2835488,37068.55
1767709479.3849752,37144.273
1767709479.485377,37152.723
1767709479.585721,37103.19
1767709479.686107,37214.91
1767709479.786497,37063.414
1767709479.886963,37160.113
1767709479.988405,37059.047
1767709480.089389,37111.816
1767709480.1897652,37098.297
1767709480.2901618,37128.816
1767709480.390697,37118.26
1767709480.4912121,37119.46
1767709480.591558,37012.863
1767709480.691956,37068.715
1767709480.792842,37041.625
1767709480.894182,37013.273
1767709480.994573,37020.918
1767709481.09581,37114.434
1767709481.196645,37043.98
1767709481.297287,37042.48
1767709481.3983319,37009.277
1767709481.499372,36991.836
1767709481.600735,37069.863
1767709481.70108,37061.113
1767709481.80205,36987.777
1767709481.9024372,36939.453
1767709482.002926,37029.92
1767709482.104317,36982.953
1767709482.2050261,36919.957
1767709482.305326,36954.285
1767709482.405775,37015.695
1767709482.506476,36974.195
1767709482.60784,36973.863
1767709482.708263,36946.402
1767709482.832761,36944.555,36942.812
1767709482.93312,36939.65
1767709483.0337899,36920.293
1767709483.134096,36860.68
1767709483.2344441,36981.465
1767709483.335351,36902.23
1767709483.435909,36891.66
1767709483.536472,36883.094
1767709483.637407,36966.21
1767709483.738817,36881.812
1767709483.83966,36904.293
1767709483.940922,36853.902
1767709484.041292,36815.36
1767709484.141739,36772.31
1767709484.242592,36917.812
1767709484.3429482,36876.867
1767709484.444267,36817.69
1767709484.5446389,36855.94
1767709484.645163,36780.445
1767709484.746591,36795.44
1767709484.8470578,36836.906
1767709484.94832,36742.2
1767709485.048788,36818.12
1767709485.1502411,36835.79
1767709485.251675,36838.367
1767709485.352708,36761.242
1767709485.453174,36801.426
1767709485.5534809,36699.605
1767709485.654725,36779.516
1767709485.755189,36745.03
1767709485.856344,36646.67
1767709485.956741,36786.125
1767709486.057269,36729.66
1767709486.157631,36654.37
1767709486.2581902,36753.895
1767709486.359541,36676.43
1767709486.459937,36598.773
1767709486.5610769,36633.91
1767709486.661494,36667.363
1767709486.762309,36651.46
1767709486.863515,36764.45
1767709486.963976,36696.684
1767709487.0651672,36636.375
1767709487.165667,36665.477
1767709487.26629,36637.1
1767709487.366645,36685.855
1767709487.467169,36642.78
1767709487.568119,36586.96
1767709487.668573,36619.113
1767709487.768909,36545.27
1767709487.894159,36549.734
1767709487.994673,36571.914
1767709488.095361,36568.4
1767709488.1968389,36656.523
1767709488.2974432,36610.69
1767709488.397957,36539.336
1767709488.498349,36513.867
1767709488.599134,36484.98
1767709488.6999948,36555.195
1767709488.800779,36495.633
1767709488.9020019,36475.953
1767709489.003098,36482.688
1767709489.1044521,36551.902
1767709489.205397,36497.31
1767709489.305668,36508.445
1767709489.406414,36565.11
1767709489.5077791,36419.66
1767709489.608834,36473.652
1767709489.710005,36513.5
1767709489.8104908,36541.8
1767709489.9115362,36483.215
1767709490.012243,36378.027
1767709490.113698,36395.438
1767709490.215164,36346.418
1767709490.3165371,36430.63
1767709490.417135,36388.906
1767709490.517598,36335.684
1767709490.6179972,36352.195
1767709490.719378,36321.953
1767709490.819853,36341.09
1767709490.920775,36409.6
1767709491.0220952,36409.895
1767709491.122643,36378.863
1767709491.223913,36416.625,36396.84
1767709491.324241,36308.27
1767709491.42466,36456.797
1767709491.626111,36335.23
1767709491.726547,36328.812
1767709491.826855,36232.164
1767709491.927826,36322.863,36266.35
1767709492.0282428,36308.176
1767709492.129597,36267.76
1767709492.2299678,36339.293
1767709492.3304682,36275.87
1767709492.430898,36276.41
1767709492.5311391,36264.867
1767709492.631522,36286.004
1767709492.7319381,36286.266
1767709492.832392,36246.14
1767709492.957669,36273.54
1767709493.058528,36190.26
1767709493.159282,36206.45
1767709493.260365,36177.418
1767709493.361035,36296.836
1767709493.462451,36171.74
1767709493.562948,36155.85
1767709493.663981,36210.84
1767709493.764544,36189.934
1767709493.8659132,36142.434
1767709493.9665751,36181.67
1767709494.067893,36108.156
1767709494.168427,36238.22
1767709494.2689931,36149.234
1767709494.369518,36173.105
1767709494.4707048,36143.734
1767709494.5721312,36117.098
1767709494.673504,36099.188
1767709494.774532,36110.75
1767709494.875059,36055.414
1767709494.975517,36042.75
1767709495.075883,36055.14
1767709495.177216,36095.707
1767709495.277507,36022.832
1767709495.377928,36001.207
1767709495.478493,36042.387
1767709495.578943,35992.5
1767709495.6802151,36002.1
1767709495.78061,36056.816
1767709495.880998,35992.527
1767709495.982364,35997.44
1767709496.0837471,36019.434
1767709496.185152,36008.668
1767709496.285484,35946.992
1767709496.38591,35907.09
1767709496.487412,35945.25
1767709496.5881972,35964.695
1767709496.689621,35982.543
1767709496.790302,35915.555
1767709496.891006,35944.11
1767709496.9923031,35941.082
1767709497.092892,35959.516
1767709497.1934552,35920.96
1767709497.2937899,35879.137
1767709497.394457,35876.887
1767709497.4958642,35831.41
1767709497.5961459,35890.492
1767709497.6968179,35838.145
1767709497.7973492,35808.94
1767709497.898369,35869.645
1767709498.023398,35781.3
1767709498.1240761,35807.73,35877.926
1767709498.224666,35782.637
1767709498.426751,35774.9
1767709498.5270689,35801.81
1767709498.627384,35800.066,35809.43
1767709498.7279072,35770.6
1767709498.8292851,35822.555
1767709498.92984,35761.266
1767709499.031112,35687.41
1767709499.131743,35787.727
1767709499.232338,35724.06
1767709499.33294,35743.035
1767709499.4334002,35686.285
1767709499.534754,35783.92
1767709499.635247,35746.945
1767709499.736521,35640.625
1767709499.83726,35548.285
1767709499.937512,35660.45
1767709500.037788,35664.336
1767709500.138242,35673.336
1767709500.238629,35611.434
1767709500.3400052,35717.49
1767709500.440408,35573.137
1767709500.540787,35611.754
1767709500.641215,35667.375
1767709500.741865,35616.637
1767709500.842211,35642.023
1767709500.943229,35563.64
1767709501.043565,35614.34
1767709501.143853,35575.29
1767709501.244554,35571.84
1767709501.3449512,35555.08
1767709501.446304,35535.03
1767709501.546848,35503.12
1767709501.647645,35503.49
1767709501.748897,35511.72
1767709501.850145,35498.63
1767709501.9507341,35475.66
1767709502.0511098,35498.13
1767709502.151516,35445.266
1767709502.252897,35565.387
1767709502.353601,35433.88
1767709502.454862,35473.938
1767709502.555379,35418.535
1767709502.65563,35443.355
1767709502.756398,35422.016
1767709502.8577468,35400.492
1767709502.9580832,35405.4
1767709503.0838962,35371.73
1767709503.1844008,35406.906
1767709503.285204,35530.93
1767709503.385535,35326.133
1767709503.486638,35400.934
1767709503.588099,35344.39
1767709503.688813,35379.52
1767709503.789119,35413.09
1767709503.889369,35424.99
1767709503.990039,35355.562
1767709504.091378,35377.875
1767709504.192746,35316.81
1767709504.2935638,35393.203
1767709504.394152,35308.484
1767709504.494826,35314.11
1767709504.596204,35311.27
1767709504.6974988,35292.67
1767709504.797886,35270.94
1767709504.898329,35303.055
1767709504.9991198,35213.887
1767709505.09997,35275.082
1767709505.201364,35218.54
1767709505.302762,35257.523
1767709505.403892,35245.02
1767709505.505358,35196.777
1767709505.605814,35243.754
1767709505.706045,35190.58
1767709505.8063989,35170.617
1767709505.9077408,35235.727
1767709506.0087302,35166.613
1767709506.109068,35189.56
1767709506.209418,35189.742
1767709506.309973,35178.7
1767709506.4103968,35117.477
1767709506.5118039,35066.11
1767709506.612371,35162.62
1767709506.7127402,35088.312
1767709506.814107,35089.152
1767709506.9153438,35058.254
1767709507.0162601,35116.684
1767709507.117166,35070.21
1767709507.218394,35089.406
1767709507.319131,35117.242
1767709507.419886,35023.38
1767709507.520413,35062.617
1767709507.62082,35129.824
1767709507.721458,35035.12
1767709507.821908,34970.227
1767709507.923006,34981.438,34880.125
1767709508.1505978,35061.004,35009.227
1767709508.251105,34957.242
1767709508.351392,34964.39
1767709508.4522061,34956.055
1767709508.552724,34972.035
1767709508.6536372,34951.324
1767709508.753917,34920.81
1767709508.8550441,34851.992
1767709508.956343,34851.395
1767709509.0576909,34757.81
1767709509.1580548,34952.734
1767709509.258424,34855.33
1767709509.359158,34793.266
1767709509.459638,34810.95
1767709509.560054,34820.004
1767709509.661315,34775.383
1767709509.761726,34774.805
1767709509.8621671,34783.574
1767709509.962712,34718.234
1767709510.063952,34845.094
1767709510.165285,34848.086
1767709510.265773,34876.324
1767709510.366304,34744.94
1767709510.467673,34808.23
1767709510.5680408,34743.07
1767709510.669173,34757.684
1767709510.770109,34746.27
1767709510.870764,34728.816
1767709510.971354,34687.86
1767709511.0727732,34701.914
1767709511.1738281,34692.758
1767709511.2747462,34725.168
1767709511.3756428,34709.96
1767709511.476021,34640.402
1767709511.577014,34647.758
1767709511.6773272,34609.477
1767709511.777706,34607.234
1767709511.8782248,34703.42
1767709511.978869,34663.145
1767709512.079791,34479.523
1767709512.1802409,34511.96
1767709512.280799,34589.074
1767709512.381173,34530.992
1767709512.481573,34532.53
1767709512.582965,34581.47
1767709512.684225,34525.195
1767709512.785197,34555.555
1767709512.886334,34517.105
1767709512.986721,34458.824
1767709513.0882392,34434.875
1767709513.190625,34570.617
1767709513.316534,34548.14
1767709513.417985,34434.152
1767709513.518694,34528.54
1767709513.619099,34436.695
1767709513.719726,34504.63
1767709513.821098,34443.23
1767709513.922406,34423.1
1767709514.0233548,34454.67
1767709514.12374,34419.25
1767709514.224784,34444.832
1767709514.3252401,34394.887
1767709514.425837,34355.53
1767709514.526377,34439.21,34363.79
1767709514.626681,34410.117
1767709514.828309,34350.277
1767709514.9286652,34378.21,34337.52
1767709515.029218,34386.254
1767709515.130535,34393.09
1767709515.231114,34303.395
1767709515.331452,34378.875
1767709515.4319801,34290.633
1767709515.53245,34260.32
1767709515.633227,34301.996
1767709515.7336462,34270.336
1767709515.834669,34155.246
1767709515.936146,34334.906
1767709516.0366662,34203.38
1767709516.137208,34234.707
1767709516.237589,34205.457
1767709516.337888,34159.438
1767709516.438252,34127.4
1767709516.538681,34125.77
1767709516.640071,34240.734
1767709516.741428,34145.953
1767709516.8427331,34150.242
1767709516.94326,34049.57
1767709517.044116,34172.43
1767709517.1445708,34105.797
1767709517.244951,34142.14
1767709517.3453891,34119.44
1767709517.446072,34091.57
1767709517.546612,34143.113
1767709517.6474051,34010.36
1767709517.748451,34112.293
1767709517.849971,34033.734
1767709517.951026,34026.01
1767709518.0523899,33989.652
1767709518.1536121,34001.754
1767709518.278625,34065.957
1767709518.379166,34078.344
1767709518.4796329,33972.992
1767709518.580399,33981.105
1767709518.680752,33959.9
1767709518.781389,34023.527
1767709518.882764,33971.188
1767709518.983156,33870.918
1767709519.0841842,33942.58
1767709519.1852548,33945.473
1767709519.285793,33936.41
1767709519.386297,33876.277
1767709519.486665,33909.19
1767709519.588041,33804.227
1767709519.688859,33904.445
1767709519.789592,33912.324
1767709519.890928,33772.285
1767709519.992267,33877.176
1767709520.092649,33774.88
1767709520.1930618,33796.887
1767709520.294365,33792.703
1767709520.3951201,33830.78
1767709520.496663,33663.94
1767709520.598167,33842.11
1767709520.6985931,33755.07
1767709520.799507,33627.63
1767709520.899885,33695.16
1767709521.0012841,33742.848
1767709521.102581,33624.258
1767709521.203059,33816.824
1767709521.303423,33701.312
1767709521.4042492,33656.094
1767709521.5051332,33581.355
1767709521.6054971,33661.9
1767709521.706872,33560.145
1767709521.80753,33624.11
1767709521.9079099,33502.113
1767709522.009251,33561.996
1767709522.109699,33628.406
1767709522.2099788,33599.84
1767709522.311214,33604.277
1767709522.411625,33565.56
1767709522.51211,33507.316
1767709522.612371,33599.305
1767709522.7136462,33592.496
1767709522.814934,33485.56
1767709522.9162931,33514.605
1767709523.0172439,33432.81
1767709523.117752,33499.82
1767709523.218815,33393.094
1767709523.345717,33435.29,33483.035
1767709523.445982,33515.53
1767709523.547221,33454.273
1767709523.648455,33472.88
1767709523.74897,33404.535
1767709523.849649,33482.844
1767709523.9503481,33406.13
1767709524.0514271,33477.586
1767709524.152151,33375.637
1767709524.2524958,33308.508
1767709524.353674,33376.55
1767709524.454767,33363.26
1767709524.556166,33327.78
1767709524.6575181,33351.027
1767709524.7587168,33249.24
1767709524.859166,33293.965
1767709524.9598238,33254.676
1767709525.060169,33309.074
1767709525.160987,33138.043
1767709525.261348,33345.2
1767709525.362737,33146.13
1767709525.463692,33249.977
1767709525.564543,33312.574
1767709525.66524,33172.523
1767709525.765723,33179.24
1767709525.866209,33077.633
1767709525.9675121,33196.57
1767709526.068834,33050.027
1767709526.169308,33201.504
1767709526.2706969,33141.875
1767709526.371642,33103.086
1767709526.472063,33191.633
1767709526.572474,33142.996
1767709526.673311,33040.04
1767709526.7739131,33063.84
1767709526.874325,33016.88
1767709526.975441,33101.79
1767709527.075804,33112.55
1767709527.1764522,33110.543
1767709527.277519,33110.926
1767709527.377974,32987.754
1767709527.479326,32971.207
1767709527.579863,33066.414
1767709527.681325,32986.56
1767709527.782708,33033.887
1767709527.884104,32920.54
1767709527.9848242,32948.73
1767709528.085929,32900.188
1767709528.186424,32973.062
1767709528.286929,32960.234
1767709528.4135811,32861.91
1767709528.514894,32950.555
1767709528.616262,32848.67
1767709528.716758,32886.805
1767709528.8173,32825.145
1767709528.91824,32895.027
1767709529.0189729,32787.688
1767709529.1202948,32852.75
1767709529.2207649,32795.637
1767709529.3221388,32786.723
1767709529.422622,32779.55
1767709529.523308,32779.723
1767709529.6246321,32774.68
1767709529.725201,32724.092
1767709529.8259032,32721.42,32692.12
1767709529.926264,32728.402
1767709530.027246,32645.328
1767709530.127573,32688.0
1767709530.328701,32666.564
1767709530.429605,32669.158,32698.941
1767709530.530647,32631.21
1767709530.6309812,32636.682
1767709530.732068,32690.402
1767709530.83282,32628.953
1767709530.9331892,32560.916
1767709531.033552,32611.162
1767709531.1339688,32649.625
1767709531.234336,32634.006
1767709531.335367,32594.256
1767709531.4361181,32548.324
1767709531.536903,32460.0
1767709531.6373918,32540.33
1767709531.7378821,32499.873
1767709531.838677,32496.65
1767709531.9398751,32527.512
1767709532.041245,32446.557
1767709532.141741,32421.89
1767709532.243094,32393.518
1767709532.343521,32425.598
1767709532.443948,32368.781
1767709532.544387,32399.219
1767709532.645133,32443.457
1767709532.7455528,32375.44
1767709532.84691,32368.934
1767709532.9474711,32364.146
1767709533.047924,32373.33
1767709533.1486988,32418.361
1767709533.2492049,32266.828
1767709533.350645,32329.879
1767709533.476553,32271.568
1767709533.5774121,32278.504
1767709533.67785,32264.797
1767709533.7790458,32378.27
1767709533.879431,32272.648
1767709533.980406,32252.322
1767709534.0808709,32195.506
1767709534.181601,32277.113
1767709534.2825458,32152.457
1767709534.384028,32148.86
1767709534.48466,32207.547
1767709534.585301,32193.83
1767709534.68573,32216.943
1767709534.7862122,32073.15
1767709534.886683,32091.84
1767709534.9871051,32193.49
1767709535.087512,32056.855
1767709535.188125,32114.354
1767709535.288645,32091.727
1767709535.389693,31994.066
1767709535.490088,32140.367
1767709535.591438,32017.643
1767709535.6926541,31990.209
1767709535.7932851,31919.137
1767709535.893724,31958.861
1767709535.9945211,31951.662
1767709536.094943,31984.725
1767709536.195454,31892.873
1767709536.295889,31915.775
1767709536.3962848,31948.61
1767709536.497758,31960.357
1767709536.598374,31938.475
1767709536.698768,31922.781
1767709536.799684,31981.615
1767709536.900106,31876.717
1767709537.001452,31772.06
1767709537.102825,31805.805
1767709537.204248,31905.285
1767709537.3049102,31825.236
1767709537.4053319,31752.205
1767709537.505777,31850.607
1767709537.607088,31729.195
1767709537.7084658,31758.62
1767709537.808838,31822.89
1767709537.9098198,31672.545
1767709538.0106728,31757.744
1767709538.111255,31759.828
1767709538.212132,31760.63
1767709538.312853,31734.482
1767709538.4132721,31702.281
1767709538.539604,31615.898,31632.982
1767709538.639963,31647.168
1767709538.740324,31633.295
1767709538.8411672,31671.695
1767709538.9425228,31608.572
1767709539.0430248,31584.436
1767709539.143499,31622.695
1767709539.24401,31620.623
1767709539.344272,31589.094
1767709539.445625,31505.418
1767709539.547078,31486.596
1767709539.6477592,31576.719
1767709539.7483578,31475.412
1767709539.848754,31590.023
1767709539.9492102,31459.125
1767709540.050613,31444.775
1767709540.1510851,31522.443
1767709540.2518132,31489.492
1767709540.352444,31448.53
1767709540.452866,31483.365
1767709540.5535061,31392.383
1767709540.653981,31318.777
1767709540.755355,31331.451
1767709540.856715,31359.443
1767709540.957948,31397.006
1767709541.0592792,31342.027
1767709541.160469,31341.793
1767709541.261199,31356.05
1767709541.361675,31372.848
1767709541.462813,31232.191
1767709541.563217,31218.719
1767709541.664441,31246.623
1767709541.765236,31156.41
1767709541.866591,31383.748
1767709541.9679732,31136.785
1767709542.0688179,31213.078
1767709542.169303,31100.28
1767709542.270848,31176.533
1767709542.371263,31151.367
1767709542.471926,31164.191
1767709542.5731719,31097.855
1767709542.67455,31038.154
1767709542.775846,31167.072
1767709542.876547,31079.307
1767709542.9769,31096.771
1767709543.077713,31068.643
1767709543.179136,31006.514
1767709543.279571,31088.38
1767709543.3806689,30971.963
1767709543.4813812,30973.97
1767709543.606186,30954.426
1767709543.706557,31036.828
1767709543.806912,31003.627
1767709543.9072158,30973.225
1767709544.007807,30954.486
1767709544.108216,30916.963
1767709544.2087529,30885.393
1767709544.309144,30856.316
1767709544.409633,30894.008
1767709544.510904,30858.709
1767709544.611259,30809.168
1767709544.712285,30812.115
1767709544.812581,30820.771
1767709544.913036,30803.037
1767709545.014017,30752.582
1767709545.115371,30787.766
1767709545.2167768,30773.91
1767709545.3181581,30814.078
1767709545.418813,30745.004
1767709545.5195992,30727.996
1767709545.621006,30732.256
1767709545.721344,30629.682
1767709545.822012,30632.361
1767709545.923121,30675.508
1767709546.0234041,30565.266
1767709546.1237912,30640.426
1767709546.2241018,30562.973
1767709546.3250508,30666.924,30573.861
1767709546.426304,30652.852
1767709546.527602,30586.166
1767709546.728775,30541.973
1767709546.830053,30488.062
1767709546.930414,30564.576,30572.102
1767709547.0310762,30426.203
1767709547.1324239,30388.307
1767709547.23344,30460.873
1767709547.334341,30526.27
1767709547.4353092,30443.305
1767709547.53597,30402.621
1767709547.636428,30372.027
1767709547.737642,30385.203
1767709547.8383172,30341.834
1767709547.939502,30370.535
1767709548.040006,30381.969
1767709548.1407418,30352.969
1767709548.241097,30405.277
1767709548.3414788,30303.686
1767709548.442791,30351.963
1767709548.543211,30220.887
1767709548.66952,30259.547
1767709548.770012,30183.16
1767709548.870423,30210.178
1767709548.970901,30175.676
1767709549.071884,30183.809
1767709549.172277,30119.863
1767709549.272525,30145.338
1767709549.37345,30157.979
1767709549.474167,30176.92
1767709549.574978,30046.785
1767709549.676337,30146.33
1767709549.776957,30120.617
1767709549.877323,30024.977
1767709549.977772,30101.951
1767709550.078367,30096.955
1767709550.1788878,29976.617
1767709550.280128,30039.336
1767709550.3807309,30023.092
1767709550.481212,30057.621
1767709550.581606,29929.955
1767709550.682986,29910.447
1767709550.783621,29926.014
1767709550.884298,29905.71
1767709550.9854789,29869.766
1767709551.08588,29843.379
1767709551.1872058,29928.943
1767709551.28762,29960.729
1767709551.389011,29830.586
1767709551.489931,29853.578
1767709551.5906172,29805.508
1767709551.6914308,29900.326
1767709551.791788,29780.19
1767709551.892784,29764.258
1767709551.993183,29712.336
1767709552.0942478,29701.8
1767709552.195141,29677.31
1767709552.295553,29660.42
1767709552.396965,29731.818
1767709552.497364,29712.17
1767709552.5986161,29719.47
1767709552.699848,29670.5
1767709552.8012211,29619.285
1767709552.901589,29526.695
1767709553.00236,29646.18
1767709553.102813,29558.016
1767709553.2032058,29606.117
1767709553.303793,29617.025
1767709553.4047968,29600.875
1767709553.505522,29608.863
1767709553.605933,29430.824
1767709553.731647,29472.64,29493.879
1767709553.832265,29426.887
1767709553.9327,29372.777
1767709554.033259,29437.232
1767709554.13461,29395.793
1767709554.235329,29389.914
1767709554.335704,29353.785
1767709554.437195,29390.17
1767709554.538074,29346.12
1767709554.638449,29390.025
1767709554.738965,29315.389
1767709554.839345,29214.979
1767709554.940395,29254.896
1767709555.0417302,29270.457
1767709555.142085,29243.018
1767709555.243468,29237.771
1767709555.344787,29279.797
1767709555.445525,29243.59
1767709555.5458019,29248.459
1767709555.6470861,29157.275
1767709555.747498,29184.36
1767709555.848872,29171.908
1767709555.949826,29127.537
1767709556.050171,29100.51
1767709556.151466,29042.996
1767709556.251901,29065.236
1767709556.352632,29049.717
1767709556.453803,28997.895
1767709556.554214,29050.34
1767709556.654966,29064.041
1767709556.756342,28992.893
1767709556.856846,28946.564
1767709556.9574451,29012.8
1767709557.0587862,28992.283
1767709557.159425,28951.951
1767709557.26009,28866.97
1767709557.360367,28957.89
1767709557.4607072,28837.406
1767709557.56192,28938.752
1767709557.6622348,28888.695
1767709557.762608,28865.576
1767709557.863445,28841.148
1767709557.964855,28662.762
1767709558.065241,28804.645
1767709558.16572,28796.36
1767709558.267065,28749.361
1767709558.367436,28699.434
1767709558.467799,28729.145
1767709558.5686731,28732.596
1767709558.670028,28657.633
1767709558.796777,28596.719
1767709558.89808,28648.941
1767709558.998462,28629.854
1767709559.099066,28679.537
1767709559.199887,28691.578
1767709559.301445,28635.258
1767709559.4019158,28650.02
1767709559.503239,28479.967
1767709559.603576,28532.625
1767709559.704844,28548.793
1767709559.805186,28538.297
1767709559.906411,28537.883
1767709560.007765,28484.057
1767709560.1091142,28458.06
1767709560.2097988,28478.693
1767709560.310261,28428.506
1767709560.410639,28430.383
1767709560.5111098,28349.47
1767709560.612124,28351.836
1767709560.713465,28261.926
1767709560.814802,28310.018
1767709560.915285,28328.889
1767709561.0160909,28264.375
1767709561.117198,28297.125
1767709561.2184289,28199.521
1767709561.31876,28294.256
1767709561.419295,28223.367
1767709561.5208452,28245.727
1767709561.621734,28233.756
1767709561.722742,28113.328
1767709561.8232949,28163.934
1767709561.924426,28105.76,28177.656
1767709562.0254998,28113.385
1767709562.226569,27953.523
1767709562.3269901,28134.254
1767709562.427837,27951.006,28034.39
1767709562.5283751,27968.67
1767709562.6292732,27968.06
1767709562.7306519,27932.91
1767709562.8316622,27989.994
1767709562.9323468,28002.285
1767709563.032896,27841.639
1767709563.1336021,27823.645
1767709563.2339299,27909.344
1767709563.335147,27868.46
1767709563.435932,27831.309
1767709563.536426,27798.99
1767709563.6369889,27847.506
1767709563.7374852,27800.89
1767709563.863598,27795.914
1767709563.9648561,27784.824
1767709564.066179,27672.46
1767709564.167564,27748.441
1767709564.268575,27830.947
1767709564.3689442,27708.371
1767709564.469794,27615.602
1767709564.5703402,27667.2
1767709564.671574,27715.53
1767709564.7721999,27532.436
1767709564.8735611,27732.104
1767709564.974936,27571.865
1767709565.076291,27594.938
1767709565.176687,27516.113
1767709565.277138,27567.875
1767709565.37752,27512.936
1767709565.477995,27535.58
1767709565.57878,27471.443
1767709565.6792378,27493.385
1767709565.780328,27426.408
1767709565.881166,27432.943
1767709565.981594,27426.129
1767709566.083022,27339.28
1767709566.184543,27414.977
1767709566.285192,27344.938
1767709566.3859541,27375.975
1767709566.486634,27358.54
1767709566.586941,27328.227
1767709566.687548,27249.863
1767709566.7882218,27271.395
1767709566.8886578,27313.195
1767709566.990033,27211.545
1767709567.0912158,27241.973
1767709567.191658,27287.152
1767709567.2929611,27062.342
1767709567.393321,27225.729
1767709567.494455,27183.502
1767709567.594971,27135.602
1767709567.695363,27086.207
1767709567.795798,27053.691
1767709567.89715,27103.941
1767709567.9975061,26974.88
1767709568.098211,27001.33
1767709568.1987011,26996.953
1767709568.3001,26978.549
1767709568.4006028,26953.719
1767709568.501413,26953.307
1767709568.6019552,26934.22
1767709568.7023811,26931.656
1767709568.8038552,26846.215
1767709568.9303198,26925.545
1767709569.031395,26903.426,26772.299
1767709569.132729,26841.22
1767709569.233044,26788.262
1767709569.333395,26789.33
1767709569.433755,26686.668
1767709569.534035,26756.611
1767709569.635173,26690.924
1767709569.735561,26705.695
1767709569.8361568,26672.371
1767709569.937537,26594.17
1767709570.037994,26640.336
1767709570.1393018,26629.248
1767709570.2398038,26587.598
1767709570.341131,26621.053
1767709570.44172,26548.68
1767709570.5430698,26572.654
1767709570.643457,26520.84
1767709570.743875,26546.76
1767709570.844606,26500.027
1767709570.945821,26486.732
1767709571.04704,26410.309
1767709571.148444,26425.232
1767709571.2494988,26431.842
1767709571.349858,26373.672
1767709571.45031,26349.113
1767709571.551101,26267.953
1767709571.65185,26373.867
1767709571.752171,26210.172
1767709571.85273,26279.914
1767709571.9540422,26200.469
1767709572.055257,26262.428
1767709572.1555042,26255.021
1767709572.256243,26216.465
1767709572.357588,26190.05
1767709572.458048,26140.803
1767709572.558374,26171.88
1767709572.659712,26157.95
1767709572.7600691,26110.43
1767709572.8604841,26129.61
1767709572.96117,26116.791
1767709573.061826,25997.357
1767709573.163253,25931.438
1767709573.263726,26004.104
1767709573.3651881,26014.094
1767709573.465568,25976.516
1767709573.566134,25991.836
1767709573.666523,25979.908
1767709573.767025,25909.666
1767709573.868425,25800.416
1767709573.9946308,25877.879
1767709574.0957818,25813.809
1767709574.196501,25848.98
1767709574.2970529,25764.11
1767709574.398519,25831.045
1767709574.49951,25722.213
1767709574.600845,25912.004
1767709574.701233,25756.904
1767709574.802537,25676.242
1767709574.9032362,25745.93
1767709575.00466,25643.604
1767709575.105494,25740.545
1767709575.205761,25562.25
1767709575.3070369,25631.525
1767709575.4084039,25618.87
1767709575.509645,25576.504
1767709575.610283,25564.748
1767709575.7106318,25540.383
1767709575.811477,25431.373
1767709575.911789,25384.21
1767709576.012409,25402.494
1767709576.113415,25444.367
1767709576.213898,25332.496
1767709576.314982,25419.922
1767709576.4153988,25412.766
1767709576.516544,25334.428
1767709576.617884,25302.26
1767709576.718261,25331.674
1767709576.818696,25270.584
1767709576.919084,25307.676
1767709577.0196,25149.44
1767709577.1209002,25293.355
1767709577.22205,25235.818
1767709577.3223412,25137.055
1767709577.423692,25203.615,25253.951
1767709577.6244109,25063.635
1767709577.7250109,25200.488
1767709577.8263218,25198.85
1767709577.926653,25085.654
1767709578.027642,25114.621,25007.518
1767709578.128567,24989.297
1767709578.228965,25035.793
1767709578.3300312,24989.916
1767709578.43045,24920.861
1767709578.5310369,24913.81
1767709578.631666,24891.176
1767709578.732215,24852.834
1767709578.832578,24782.895
1767709578.9331388,24846.533
1767709579.058922,24771.127
1767709579.15929,24762.322
1767709579.260015,24769.06
1767709579.360992,24794.13
1767709579.462616,24757.137
1767709579.563055,24704.406
1767709579.663491,24682.809
1767709579.764021,24669.975
1767709579.8654451,24711.209
1767709579.965902,24620.035
1767709580.066338,24628.14
1767709580.166786,24627.473
1767709580.2671611,24607.217
1767709580.367668,24491.297
1767709580.468987,24512.396
1767709580.570475,24547.53
1767709580.670887,24509.553
1767709580.7715368,24481.07
1767709580.8720791,24443.695
1767709580.972349,24398.648
1767709581.072856,24354.756
1767709581.173234,24427.4
1767709581.273599,24342.088
1767709581.374282,24294.242
1767709581.475633,24322.953
1767709581.5760572,24299.162
1767709581.676585,24336.11
1767709581.777338,24290.004
1767709581.8782852,24216.316
1767709581.979472,24243.236
1767709582.08003,24168.535
1767709582.1814551,24090.363
1767709582.282194,24244.568
1767709582.383395,24103.861
1767709582.484768,23996.713
1767709582.586176,24019.527
1767709582.686903,24025.768
1767709582.787315,23989.105
1767709582.88764,23950.75
1767709582.98805,23935.088
1767709583.08865,23887.81
1767709583.189502,23890.44
1767709583.2908711,23914.53
1767709583.39222,23795.941
1767709583.492757,23914.988
1767709583.593139,23796.35
1767709583.6936479,23803.83
1767709583.7949991,23792.45
1767709583.896379,23782.12
1767709583.997988,23757.766
1767709584.122785,23763.973,23718.818
1767709584.224122,23625.836
1767709584.4259672,23610.553
1767709584.526345,23639.197
1767709584.626761,23644.936
1767709584.727787,23572.088,23518.604
1767709584.828612,23546.63
1767709584.929518,23537.395
1767709585.0300002,23479.33
1767709585.130441,23491.508
1767709585.2312992,23437.88
1767709585.3321862,23284.992
1767709585.4335349,23418.43
1767709585.53487,23441.744
1767709585.6362329,23377.256
1767709585.737664,23338.875
1767709585.838201,23333.773
1767709585.939442,23354.414
1767709586.040809,23334.316
1767709586.141172,23272.387
1767709586.2425401,23208.062
1767709586.3429859,23140.16
1767709586.443338,23162.75
1767709586.543643,23123.56
1767709586.643939,23175.197
1767709586.744286,23101.484
1767709586.845684,23057.352
1767709586.946059,22974.611
1767709587.047261,23007.957
1767709587.148622,22973.938
1767709587.249126,22995.533
1767709587.35024,22954.1
1767709587.4507341,22948.36
1767709587.551706,22885.168
1767709587.652071,22915.82
1767709587.7532558,22871.98
1767709587.853518,22862.898
1767709587.9538019,22876.188
1767709588.054841,22755.21
1767709588.156009,22736.66
1767709588.256434,22834.273
1767709588.357144,22733.406
1767709588.457917,22657.904
1767709588.5589252,22649.893
1767709588.659248,22679.291
1767709588.759618,22563.133
1767709588.85994,22510.264
1767709588.96032,22560.012
1767709589.060768,22582.18
1767709589.1836731,22451.645
1767709589.2840571,22456.607
1767709589.385428,22478.607
1767709589.485739,22412.54
1767709589.587086,22420.756
1767709589.68753,22380.736
1767709589.7880142,22347.334
1767709589.888287,22376.0
1767709589.989304,22375.229
1767709590.090652,22272.953
1767709590.191221,22364.059
1767709590.291958,22305.326
1767709590.3931441,22273.951
1767709590.4935691,22174.371
1767709590.59411,22140.973
1767709590.694575,22133.275
1767709590.795615,22190.875
1767709590.8960168,22206.854
1767709590.996692,22133.475
1767709591.098115,22071.72
1767709591.198951,22046.932
1767709591.299391,21988.844
1767709591.4004748,22011.791
1767709591.5018141,22044.492
1767709591.602245,21925.416
1767709591.702971,21918.166
1767709591.803786,21893.732
1767709591.904974,21914.445
1767709592.005558,21854.111
1767709592.106913,21796.586
1767709592.2073028,21792.645
1767709592.3077362,21815.658
1767709592.408182,21767.555
1767709592.5092852,21793.502
1767709592.610141,21665.994
1767709592.710576,21721.996
1767709592.811913,21706.75
1767709592.91229,21642.371
1767709593.013392,21616.219
1767709593.1147141,21597.424
1767709593.215969,21555.04
1767709593.316364,21457.53
1767709593.4168699,21522.969
1767709593.518206,21507.068
1767709593.618624,21478.79
1767709593.7190342,21445.363
1767709593.8194408,21443.809
1767709593.920746,21362.1
1767709594.022142,21361.969
1767709594.122505,21328.18
1767709594.2482529,21245.672,21249.938
1767709594.349071,21247.35
1767709594.449677,21208.92
1767709594.551039,21276.838
1767709594.651648,21209.78
1767709594.752231,21235.193
1767709594.8526342,21101.107
1767709594.952949,21093.445
1767709595.0542789,21114.521
1767709595.1556659,21083.9
1767709595.256036,20975.152
1767709595.3565261,20994.06
1767709595.4570408,20991.363
1767709595.557871,20920.66
1767709595.658655,20983.65
1767709595.7591412,20947.871
1767709595.859638,20831.525
1767709595.9602602,20898.156
1767709596.060784,20856.896
1767709596.1612742,20666.762
1767709596.2627058,20707.566
1767709596.3636239,20693.486
1767709596.46424,20608.244
1767709596.565629,20694.08
1767709596.666023,20610.725
1767709596.766426,20690.473
1767709596.867319,20712.87
1767709596.96845,20574.246
1767709597.069153,20521.553
1767709597.169857,20531.287
1767709597.270763,20478.559
1767709597.371244,20400.922
1767709597.471762,20517.316
1767709597.5720088,20387.674
1767709597.672462,20371.877
1767709597.773847,20380.898
1767709597.874202,20236.395
1767709597.975563,20381.273
1767709598.076926,20302.912
1767709598.177363,20230.447
1767709598.2778492,20195.564
1767709598.3782542,20189.07
1767709598.478703,20213.016
1767709598.579165,20232.887
1767709598.679622,20128.443
1767709598.882297,20122.049
1767709598.982712,20073.898
1767709599.083144,20100.094
1767709599.183661,19955.656
1767709599.308345,20001.465,19986.666
1767709599.408799,19977.297
1767709599.5101461,19901.568
1767709599.610851,19915.549
1767709599.7111738,19839.459
1767709599.812098,19848.805
1767709599.9127731,19792.11
1767709600.013792,19744.742
1767709600.1151621,19747.516
1767709600.216502,19659.178
1767709600.3171918,19730.697
1767709600.417613,19544.55
1767709600.518134,19595.684
1767709600.618591,19548.664
1767709600.719933,19618.08
1767709600.820513,19588.037
1767709600.9212742,19558.418
1767709601.021782,19463.818
1767709601.1222138,19556.568
1767709601.222569,19399.732
1767709601.323093,19378.428
1767709601.423446,19413.707
1767709601.524482,19314.807
1767709601.625086,19233.34
1767709601.725742,19352.35
1767709601.826315,19245.967
1767709601.92686,19235.543
1767709602.0272021,19238.395
1767709602.1276128,19218.494
1767709602.2280772,19255.914
1767709602.329524,19114.451
1767709602.430075,19132.332
1767709602.5315468,19030.195
1767709602.632948,19089.895
1767709602.733415,19091.443
1767709602.834545,18949.207
1767709602.9349198,18927.998
1767709603.035871,18859.662
1767709603.136575,19000.658
1767709603.237309,18887.822
1767709603.3375978,18840.43
1767709603.438981,18853.559
1767709603.5402439,18840.66
1767709603.640626,18755.404
1767709603.74101,18674.773
1767709603.8418949,18636.625
1767709603.9432268,18713.713
1767709604.044541,18629.24
1767709604.144914,18682.367
1767709604.245999,18584.03
1767709604.36941,18602.014,18524.902
1767709604.469895,18537.371
1767709604.571279,18524.092
1767709604.6717,18514.633
1767709604.773091,18414.758
1767709604.874075,18398.914
1767709604.9744298,18368.799
1767709605.075011,18293.543
1767709605.175812,18360.121
1767709605.2769248,18313.91
1767709605.377818,18212.977
1767709605.478622,18225.0
1767709605.5797708,18221.676
1767709605.6804621,18152.467
1767709605.780701,18185.916
1767709605.8811772,18217.93
1767709605.981772,18142.928
1767709606.083155,18057.55
1767709606.184065,17934.223
1767709606.284401,17993.957
1767709606.38511,17920.994
1767709606.485507,17932.838
1767709606.586973,17931.773
1767709606.6883788,17916.615
1767709606.789758,17861.016
1767709606.89042,17837.94
1767709606.991033,17814.045
1767709607.0915682,17814.623
1767709607.192707,17771.844
1767709607.293482,17762.719
1767709607.3937988,17765.975
1767709607.494229,17681.27
1767709607.595374,17615.697
1767709607.696633,17598.123
1767709607.7970932,17524.768
1767709607.898565,17577.97
1767709608.000074,17519.486
1767709608.101542,17539.21
1767709608.201909,17544.307
1767709608.303273,17436.63
1767709608.403712,17369.941
1767709608.504847,17397.17
1767709608.606229,17280.078
1767709608.707041,17289.537
1767709608.808383,17258.877
1767709608.908834,17272.426
1767709609.009148,17167.64
1767709609.110433,17163.475
1767709609.211144,17200.107
1767709609.312505,17128.26
1767709609.43578,17065.555
1767709609.536449,17044.203
1767709609.637771,17101.318
1767709609.738234,16983.523
1767709609.838614,16961.242
1767709609.938952,16932.424
1767709610.039372,16910.916
1767709610.140245,16933.348
1767709610.241118,16930.006
1767709610.3424919,16899.215
1767709610.44288,16845.785
1767709610.54397,16746.295
1767709610.644623,16681.184
1767709610.74595,16692.447
1767709610.846695,16645.855
1767709610.947693,16566.959
1767709611.0490618,16592.691
1767709611.1494431,16597.93
1767709611.250151,16570.084
1767709611.350614,16567.719
1767709611.4519858,16501.14
1767709611.552455,16421.281
1767709611.653883,16419.523
1767709611.754432,16476.168
1767709611.8547132,16404.05
1767709611.954988,16270.959,16422.854
1767709612.055221,16355.665
1767709612.155873,16248.963
1767709612.2563488,16251.162
1767709612.357682,16135.312
1767709612.459014,16185.346
1767709612.560166,16094.533
1767709612.6604621,16022.968
1767709612.760972,15974.277
1767709612.861333,16014.372
1767709612.9618309,16023.292
1767709613.0633018,15918.379
1767709613.163698,15893.51
1767709613.265072,15846.748
1767709613.3660889,15815.868
1767709613.4675531,15751.912
1767709613.568467,15818.834
1767709613.669206,15728.007
1767709613.7697768,15772.356
1767709613.870094,15713.304
1767709613.9705112,15737.943
1767709614.070818,15641.666
1767709614.17156,15609.515
1767709614.2729259,15607.607
1767709614.373329,15666.158
1767709614.497511,15559.841
1767709614.598946,15640.223
1767709614.6999822,15492.817
1767709614.800873,15415.455
1767709614.901555,15475.993
1767709615.002155,15410.852
1767709615.1027908,15321.1045
1767709615.203542,15388.9
1767709615.303958,15377.779
1767709615.404348,15278.684
1767709615.505204,15220.828
1767709615.6062238,15136.244
1767709615.706613,15188.689
1767709615.8072278,15175.2295
1767709615.90825,15052.329
1767709616.009532,15091.417
1767709616.1106749,15041.9375
1767709616.2118442,14979.097
1767709616.3131452,14940.79
1767709616.4135911,14930.336
1767709616.514962,14876.573
1767709616.615329,14841.615
1767709616.716672,14806.803
1767709616.818052,14867.068
1767709616.918407,14745.547
1767709617.018937,14697.181
1767709617.11963,14742.36
1767709617.2210822,14687.826
1767709617.321474,14601.453
1767709617.422826,14694.023
1767709617.524102,14620.705
1767709617.625254,14522.293
1767709617.725738,14569.774
1767709617.82705,14522.954
1767709617.9278321,14516.684
1767709618.0289369,14437.772
1767709618.129996,14394.92
1767709618.23031,14372.404
1767709618.330799,14292.9
1767709618.431575,14345.795
1767709618.533062,14269.279
1767709618.634424,14228.719
1767709618.735585,14209.562
1767709618.836087,14068.778
1767709618.936414,14238.518
1767709619.037017,14117.962
1767709619.1374028,14066.336
1767709619.238515,14092.54
1767709619.339882,14044.76
1767709619.441034,13989.507
1767709619.5649788,13922.75,13910.513
1767709619.666336,13875.377
1767709619.767201,13834.163
1767709619.867508,13817.413
1767709619.967961,13788.678
1767709620.068803,13748.108
1767709620.1692219,13711.758
1767709620.270435,13700.797
1767709620.371565,13593.35
1767709620.47235,13620.036
1767709620.572952,13612.185
1767709620.673286,13531.27
1767709620.773632,13527.295
1767709620.874542,13539.937
1767709620.9759018,13398.424
1767709621.077239,13413.0205
1767709621.17776,13331.74
1767709621.278282,13331.813
1767709621.378668,13328.665
1767709621.479778,13351.814
1767709621.580329,13190.768
1767709621.681707,13227.728
1767709621.782484,13291.239
1767709621.883349,13135.855
1767709621.983721,13056.131
1767709622.084078,13123.212
1767709622.185198,13078.436
1767709622.285573,13059.376
1767709622.386559,12944.963
1767709622.4868748,12844.854
1767709622.5873148,12887.065
1767709622.688372,12939.543
1767709622.789114,12880.269
1767709622.889473,12774.538
1767709622.990824,12804.463
1767709623.091824,12683.657
1767709623.192624,12645.408
1767709623.2938979,12709.119
1767709623.394429,12587.712
1767709623.494802,12623.56
1767709623.595243,12601.318
1767709623.69552,12513.018
1767709623.796447,12504.376
1767709623.897429,12432.63
1767709623.998246,12461.565
1767709624.099603,12384.395
1767709624.199987,12339.608
1767709624.301357,12331.937
1767709624.401935,12189.211
1767709624.50234,12265.94
1767709624.603942,12161.794
1767709624.728989,12207.147
1767709624.8293781,12168.911
1767709624.929735,12099.735
1767709625.030165,12110.616
1767709625.1315851,12072.044
1767709625.233161,11999.964
1767709625.333653,12010.491
1767709625.434037,11954.492
1767709625.535131,11936.186
1767709625.635565,11937.788
1767709625.736019,11890.595
1767709625.837155,11809.184
1767709625.93824,11774.45
1767709626.039093,11758.909
1767709626.140463,11714.778
1767709626.241336,11719.965
1767709626.341773,11697.576
1767709626.443135,11612.332
1767709626.543762,11628.307
1767709626.64411,11462.119
1767709626.744556,11479.986
1767709626.844971,11490.681
1767709626.945559,11450.087
1767709627.0460129,11440.364
1767709627.1463308,11447.709
1767709627.2474508,11286.093
1767709627.3478668,11380.77
1767709627.448499,11189.126
1767709627.5490072,11219.286
1767709627.6494231,11189.409
1767709627.7498722,11130.76
1767709627.8505259,11076.727
1767709627.950906,11140.768
1767709628.051262,11091.239
1767709628.152676,11008.269
1767709628.2540338,10971.722
1767709628.3545952,10923.703,10906.753
1767709628.4550772,10853.594
1767709628.5564349,10826.753
1767709628.6567948,10815.084
1767709628.757139,10809.444
1767709628.857486,10712.225
1767709628.9585762,10669.835
1767709629.059417,10704.002
1767709629.1597838,10598.237
1767709629.260057,10607.4
1767709629.360783,10548.359
1767709629.462173,10584.34
1767709629.5633678,10549.84
1767709629.687522,10390.594
1767709629.788298,10423.303
1767709629.8893042,10327.202
1767709629.989741,10397.371
1767709630.0910752,10338.958
1767709630.1924238,10285.581
1767709630.292947,10156.019
1767709630.39343,10153.045
1767709630.49395,10232.548
1767709630.594503,10129.813
1767709630.695376,10038.14
1767709630.796142,10048.55
1767709630.897504,10055.908
1767709630.998466,10008.864
1767709631.0999181,9885.976
1767709631.200424,9912.052
1767709631.300877,9817.739
1767709631.402221,9858.714
1767709631.5026271,9753.84
1767709631.603552,9800.151
1767709631.7039628,9771.91
1767709631.80529,9720.794
1767709631.9055512,9640.047
1767709632.005911,9602.371
1767709632.1063192,9575.958
1767709632.207623,9505.783
1767709632.3079748,9520.178
1767709632.409319,9455.821
1767709632.509578,9401.049
1767709632.610558,9424.775
1767709632.7117991,9398.024
1767709632.812285,9431.153
1767709632.913244,9298.468
1767709633.014564,9261.166
1767709633.1152818,9214.012
1767709633.215764,9189.478
1767709633.316312,9090.897
1767709633.416648,9143.429
1767709633.517639,9032.15
1767709633.618229,9064.657
1767709633.719092,8984.537
1767709633.819523,8996.354
1767709633.920025,9021.151
1767709634.021369,8898.892
1767709634.122195,8842.229
1767709634.2231958,8817.682
1767709634.3244438,8861.429
1767709634.424833,8776.666
1767709634.525845,8761.825
1767709634.6270988,8633.98
1767709634.729293,8620.655
1767709634.853229,8548.3955
1767709634.954583,8582.631
1767709635.055288,8558.768,8431.334
1767709635.155665,8489.868
1767709635.2560709,8308.167
1767709635.3564968,8370.595
1767709635.456934,8295.167
1767709635.5581372,8313.807
1767709635.65925,8235.369
1767709635.7605069,8218.187
1767709635.861721,8177.799
1767709635.962365,8132.1606
1767709636.063715,8048.6616
1767709636.164104,8024.9106
1767709636.2646248,8065.6533
1767709636.366105,8047.396
1767709636.466474,7964.756
1767709636.5678332,7894.331
1767709636.668973,7910.3125
1767709636.769514,7890.87
1767709636.870042,7912.337
1767709636.970408,7791.5713
1767709637.071011,7712.978
1767709637.171299,7723.068
1767709637.272542,7607.7617
1767709637.3738508,7540.6133
1767709637.474226,7569.767
1767709637.5756001,7586.81
1767709637.67601,7491.469
1767709637.77706,7507.7173
1767709637.877538,7489.4287
1767709637.9789681,7341.939
1767709638.0798342,7408.869
1767709638.180325,7289.3867
1767709638.28102,7363.5283
1767709638.381512,7240.1816
1767709638.4830022,7116.128
1767709638.583617,7165.022
1767709638.684864,7189.457
1767709638.786229,7155.359
1767709638.8869388,7012.0806
1767709638.987363,7014.0015
1767709639.087839,6935.246
1767709639.1891332,6904.8433
1767709639.2895072,6964.0635
1767709639.389906,6806.7456
1767709639.490421,6798.28
1767709639.591808,6808.987
1767709639.692917,6764.9243
1767709639.794497,6748.8037
1767709639.918829,6728.5684
1767709640.019902,6644.9507
1767709640.1202781,6587.363
1767709640.220918,6551.4863
1767709640.321408,6521.3887
1767709640.422679,6447.9614
1767709640.523097,6432.214
1767709640.624427,6381.027
1767709640.725769,6427.4077
1767709640.826522,6342.408
1767709640.9277399,6224.9683
1767709641.028137,6285.2095
1767709641.129453,6327.79
1767709641.230856,6104.0986
1767709641.331868,6187.0537
1767709641.4322171,6055.573
1767709641.5335941,5975.1597
1767709641.6344728,5990.4365
1767709641.735538,5914.868
1767709641.8361,5852.815
1767709641.93647,5986.8105
1767709642.0367942,5829.27
1767709642.1372979,5804.164
1767709642.2381802,5804.8345
1767709642.3395898,5788.5864
1767709642.440951,5742.0933
1767709642.541599,5646.62
1767709642.642803,5672.8354
1767709642.743351,5582.129
1767709642.843792,5510.5103
1767709642.944748,5440.4297
1767709643.045134,5506.202
1767709643.146531,5388.0312
1767709643.24694,5508.09
1767709643.34778,5384.4087
1767709643.449176,5298.564,5198.139
1767709643.650198,5334.959
1767709643.751509,5260.4224
1767709643.851789,5157.0527
1767709643.95214,5096.0166
1767709644.052553,5017.331,5037.843
1767709644.1538801,5067.2964
1767709644.255327,4974.934
1767709644.356391,4951.431
1767709644.558718,4928.8467,4842.8667
1767709644.660036,4833.389
1767709644.761266,4776.373
1767709644.885994,4770.2007
1767709644.987274,4682.48
1767709645.087778,4659.5693
1767709645.188333,4612.0146
1767709645.2897122,4548.3066
1767709645.39012,4491.48
1767709645.4905338,4540.5317
1767709645.5918589,4396.4526
1767709645.6923141,4464.3306
1767709645.792642,4403.173
1767709645.893995,4312.461
1767709645.994551,4219.9214
1767709646.0952032,4250.317
1767709646.195572,4245.977
1767709646.295846,4084.6472
1767709646.396615,4042.7607
1767709646.497157,4125.0947
1767709646.5977972,4052.3015
1767709646.6990988,4025.0364
1767709646.800452,3944.83
1767709646.901763,3872.0881
1767709647.003111,3869.7053
1767709647.104485,3905.1367
1767709647.205878,3874.381
1767709647.307308,3813.7717
1767709647.407757,3749.4214
1767709647.508377,3681.298
1767709647.608727,3716.5674
1767709647.710057,3544.7773
1767709647.810358,3559.3213
1767709647.910825,3558.472
1767709648.011395,3516.1052
1767709648.1126468,3433.8176
1767709648.213151,3442.048
1767709648.314559,3297.5752
1767709648.415777,3362.4824
1767709648.51685,3337.396
1767709648.617223,3303.512
1767709648.717659,3244.3682
1767709648.8183649,3208.4414
1767709648.918964,3204.8027
1767709649.020428,3080.0354
1767709649.121094,3069.095
1767709649.2225,3076.1958
1767709649.3230789,2943.219
1767709649.4234428,2939.744
1767709649.524638,2871.4014
1767709649.625985,2955.562
1767709649.7268028,2810.6326
1767709649.827204,2788.087
1767709649.9518678,2721.6233
1767709650.052376,2683.335,2590.852
1767709650.1530938,2552.2136
1767709650.3547919,2552.1865
1767709650.4552672,2523.76
1767709650.5555909,2493.3894,2493.5364
1767709650.656932,2469.497
1767709650.7580879,2370.9358
1767709650.859319,2357.153
1767709650.959737,2323.7773
1767709651.060396,2282.3118
1767709651.160854,2225.9526
1767709651.261492,2176.2935
1767709651.36286,2144.2773
1767709651.463537,2102.5593
1767709651.564128,1989.5923
1767709651.6644962,2036.0018
1767709651.7655659,2035.7765
1767709651.866287,1894.157
1767709651.9667819,1914.1809
1767709652.068146,1856.4595
1767709652.169324,1748.1884
1767709652.270698,1727.5574
1767709652.371545,1754.4352
1767709652.471791,1620.0646
1767709652.572225,1668.9159
1767709652.673483,1580.359
1767709652.774844,1580.3263
1767709652.8761249,1535.981
1767709652.977202,1454.9412
1767709653.077825,1401.5172
1767709653.178792,1367.5803
1767709653.279352,1348.5117
1767709653.380773,1376.7792
1767709653.481866,1266.038
1767709653.583012,1264.5199
1767709653.6834319,1201.346
1767709653.784215,1227.6011
1767709653.884816,1124.4841
1767709653.9854798,1125.1565
1767709654.0863411,1084.5785
1767709654.1874502,1008.7055
1767709654.288498,918.1408
1767709654.388778,926.5975
1767709654.4891,858.2832
1767709654.589492,814.5598
1767709654.689829,811.6267
1767709654.7911801,684.6927
1767709654.892001,689.95374
1767709655.01702,626.3444
1767709655.1185012,556.9536
1767709655.219334,560.29736
1767709655.320449,503.1281
1767709655.4208379,522.1395
1767709655.521512,462.23352
1767709655.6228778,441.29547
1767709655.723156,369.95135
1767709655.8243752,307.37415
1767709655.925744,331.0159
1767709656.026145,101.401955
1767709656.1271539,166.24188
1767709656.2276852,199.52504
1767709656.329083,135.56238
1767709656.430476,38.967365
1767709656.531188,34.066883
1767709656.63264,-50.411186
1767709656.733191,-21.004608
1767709656.834541,-163.43282
1767709656.935484,-133.46172
1767709657.036268,-150.91551
1767709657.137372,-135.71527
1767709657.237773,-252.21523
1767709657.338198,-259.08038
1767709657.4392772,-384.11035
1767709657.540624,-352.47928
1767709657.641981,-425.99994
1767709657.743314,-459.00046
1767709657.84357,-466.24066
1767709657.943881,-550.0735
1767709658.0443149,-637.3447
1767709658.145238,-640.1332
1767709658.2466822,-671.08264
1767709658.347361,-741.81696
1767709658.447812,-755.51074
1767709658.549168,-802.19183
1767709658.649761,-875.39935
1767709658.750033,-840.5952
1767709658.8511958,-924.6473
1767709658.952281,-945.6094
1767709659.0536351,-1064.949
1767709659.154569,-1052.6083
1767709659.254904,-1089.2545
1767709659.355197,-1151.1204,-1160.7
1767709659.455435,-1171.5121
1767709659.5561879,-1242.2184
1767709659.657421,-1244.1322
1767709659.757956,-1293.5825
1767709659.859266,-1367.2052
1767709659.9606001,-1422.2465
1767709660.087887,-1560.0513
1767709660.189304,-1548.2466
1767709660.290142,-1538.9773
1767709660.3910432,-1647.5406
1767709660.492311,-1672.0896
1767709660.592719,-1706.2716
1767709660.6930299,-1662.1765
1767709660.793303,-1680.8542
1767709660.89359,-1850.483
1767709660.993809,-1822.3281
1767709661.094217,-1855.1771
1767709661.194599,-1900.3784
1767709661.295891,-2039.8578
1767709661.397272,-1925.6458
1767709661.4978938,-2068.0862
1767709661.599052,-2022.5525
1767709661.699462,-2078.4194
1767709661.800302,-2168.5833
1767709661.901651,-2262.788
1767709662.002107,-2273.796
1767709662.1026711,-2299.2244
1767709662.2031171,-2375.8843
1767709662.3033879,-2265.835
1767709662.404667,-2394.5876
1767709662.506092,-2416.2969
1767709662.606587,-2475.818
1767709662.707964,-2619.5635
1767709662.808567,-2614.7937
1767709662.909375,-2722.8274
1767709663.0105028,-2741.856
1767709663.111278,-2730.6318
1767709663.211663,-2700.123
1767709663.313117,-2856.8855
1767709663.41446,-2769.9683
1767709663.515744,-2830.6462
1767709663.616491,-3022.6692
1767709663.717768,-2974.388
1767709663.8191218,-3017.4446
1767709663.9206662,-3125.0544
1767709664.021076,-3095.7236
1767709664.121401,-3088.8591
1767709664.221801,-3208.2498
1767709664.3222241,-3190.453
1767709664.422596,-3285.7393
1767709664.5235252,-3211.3071
1767709664.624497,-3316.732
1767709664.724879,-3438.9575
1767709664.825342,-3410.5276
1767709664.9260118,-3488.0076
1767709665.026764,-3442.2993
1767709665.150901,-3566.3555
1767709665.251393,-3639.628
1767709665.352046,-3632.9858
1767709665.452897,-3652.6702,-3691.4963
1767709665.554295,-3830.866
1767709665.655651,-3884.879
1767709665.858227,-3831.8672,-3905.0217
1767709665.959462,-3950.5698
1767709666.059874,-4005.3137
1767709666.160191,-4057.7742
1767709666.2609909,-4093.589
1767709666.3619468,-4046.7996
1767709666.462232,-4188.091
1767709666.5634549,-4216.804
1767709666.663894,-4199.34
1767709666.764451,-4253.259
1767709666.865858,-4348.539
1767709666.9667158,-4369.4106
1767709667.067627,-4439.8936
1767709667.168979,-4424.354
1767709667.270195,-4501.2256
1767709667.370683,-4608.845
1767709667.471241,-4609.2676
1767709667.572622,-4657.5815
1767709667.6730182,-4803.8076
1767709667.773985,-4688.5723
1767709667.8743901,-4776.059
1767709667.974889,-4857.829
1767709668.076254,-4865.1772
1767709668.177155,-4899.2783
1767709668.277581,-4935.8657
1767709668.378719,-5039.268
1767709668.479145,-4982.36
1767709668.5795898,-5069.2334
1767709668.6801898,-5067.847
1767709668.781434,-5189.5205
1767709668.88275,-5176.8496
1767709668.983136,-5260.6016
1767709669.0844722,-5261.3936
1767709669.185071,-5316.5435
1767709669.285726,-5285.2803
1767709669.386341,-5405.1523
1767709669.4867918,-5387.05
1767709669.587977,-5519.4365
1767709669.689097,-5596.297
1767709669.790132,-5516.248
1767709669.890903,-5594.958
1767709669.9914932,-5612.4663
1767709670.09219,-5667.984
1767709670.21699,-5687.3125
1767709670.318151,-5711.618
1767709670.4189088,-5874.4844
1767709670.520375,-5853.179
1767709670.62177,-5963.909
1767709670.722181,-5927.496
1767709670.822582,-5993.3975
1767709670.923709,-6084.3564
1767709671.0241401,-6072.053
1767709671.1244779,-6149.534
1767709671.225822,-6152.222
1767709671.326387,-6218.884
1767709671.42676,-6330.507
1767709671.527172,-6373.601
1767709671.628572,-6353.2114
1767709671.729996,-6431.709
1767709671.831441,-6459.177
1767709671.931919,-6430.848
1767709672.032526,-6508.0874
1767709672.13396,-6506.921
1767709672.234446,-6633.8237
1767709672.335392,-6642.4175
1767709672.4368289,-6696.868
1767709672.538223,-6771.136
1767709672.6385999,-6777.7812
1767709672.73948,-6759.433
1767709672.840099,-6842.086
1767709672.940675,-6946.898
1767709673.0413451,-6924.7866
1767709673.14272,-7034.9834
1767709673.244087,-7006.1074
1767709673.345164,-7095.1167
1767709673.445738,-7167.4985
1767709673.546747,-7235.5
1767709673.647136,-7160.081
1767709673.748223,-7273.456
1767709673.849591,-7306.5645
1767709673.9504158,-7275.574
1767709674.051262,-7388.68
1767709674.152616,-7399.528
1767709674.2533178,-7410.766
1767709674.354671,-7521.307,-7528.21
1767709674.556215,-7537.072
1767709674.657103,-7677.8125,-7653.754
1767709674.757615,-7683.4136
1767709674.8579588,-7743.9814
1767709674.9583309,-7748.29
1767709675.0587032,-7825.0527
1767709675.1593862,-7929.8247
1767709675.283301,-7917.164
1767709675.384654,-7973.481
1767709675.4854221,-7971.817
1767709675.585877,-8098.1523
1767709675.686409,-8076.805
1767709675.786844,-8144.8267
1767709675.887257,-8183.6826
1767709675.987689,-8261.827
1767709676.088109,-8320.766
1767709676.189386,-8193.335
1767709676.290487,-8361.105
1767709676.391265,-8369.533
1767709676.491615,-8436.724
1767709676.59265,-8453.189
1767709676.693755,-8467.422
1767709676.794334,-8562.244
1767709676.895426,-8542.716
1767709676.996096,-8654.32
1767709677.096725,-8628.323
1767709677.197425,-8701.918
1767709677.29795,-8811.909
1767709677.399241,-8788.046
1767709677.500624,-8854.589
1767709677.601998,-8925.959
1767709677.7024431,-8963.828
1767709677.802944,-8957.663
1767709677.903185,-9044.025
1767709678.00451,-9062.634
1767709678.1048782,-9099.571
1767709678.206254,-9059.721
1767709678.307461,-9153.6455
1767709678.408194,-9228.114
1767709678.5090282,-9249.332
1767709678.610306,-9356.318
1767709678.7107048,-9443.819
1767709678.811116,-9373.76
1767709678.911907,-9479.991
1767709679.012328,-9509.937
1767709679.1127949,-9644.378
1767709679.214138,-9644.902
1767709679.314771,-9687.097
1767709679.4159439,-9675.672
1767709679.516871,-9609.404
1767709679.6176891,-9727.992
1767709679.718175,-9829.316
1767709679.818655,-9967.437
1767709679.919827,-9912.074
1767709680.020239,-9871.4795
1767709680.1207879,-9939.827
1767709680.221392,-10006.53
1767709680.3471859,-10130.068
1767709680.448559,-10140.568
1767709680.5489988,-10153.033
1767709680.650143,-10143.602
1767709680.75096,-10201.436
1767709680.8517818,-10256.727
1767709680.9529212,-10334.191,-10454.599
1767709681.0540469,-10291.265
1767709681.2559218,-10367.723
1767709681.35713,-10471.932
1767709681.45772,-10588.282,-10591.538
1767709681.558042,-10635.811
1767709681.6583622,-10667.453
1767709681.759679,-10647.096
1767709681.859961,-10727.017
1767709681.9602911,-10853.198
1767709682.061517,-10801.388
1767709682.16176,-10911.501
1767709682.263123,-10930.014
1767709682.363926,-10932.477
1767709682.464305,-10964.406
1767709682.565449,-10988.913
1767709682.666507,-11015.031
1767709682.76712,-11087.706
1767709682.8681579,-11099.561
1767709682.968629,-11180.351
1767709683.069568,-11245.282
1767709683.170086,-11284.974
1767709683.27157,-11326.884
1767709683.371961,-11387.085
1767709683.473195,-11341.725
1767709683.57456,-11421.922
1767709683.675933,-11537.914
1767709683.7770948,-11595.962
1767709683.8785548,-11642.016
1767709683.9797819,-11674.568
1767709684.080083,-11677.082
1767709684.1816058,-11742.5205
1767709684.282309,-11699.939
1767709684.3827379,-11736.529
1767709684.483915,-11871.5
1767709684.584312,-11912.228
1767709684.684871,-11836.932
1767709684.785344,-12037.669
1767709684.8858821,-11983.012
1767709684.9867032,-12066.093
1767709685.087917,-12142.755
1767709685.189163,-12205.03
1767709685.2900858,-12219.826
1767709685.414499,-12165.704
1767709685.5151749,-12230.846
1767709685.615608,-12320.067
1767709685.716036,-12338.099
1767709685.8169742,-12355.743
1767709685.917931,-12334.005
1767709686.018656,-12493.889
1767709686.119031,-12482.548
1767709686.219977,-12566.084
1767709686.3203561,-12622.292
1767709686.420597,-12733.867
1767709686.5214021,-12634.334
1767709686.622754,-12651.594
1767709686.723559,-12773.084
1767709686.8249102,-12750.539
1767709686.926229,-12903.013
1767709687.026963,-12881.765
1767709687.127176,-13005.473
1767709687.227701,-12948.518
1767709687.328497,-12972.65
1767709687.4288971,-12935.496
1767709687.530154,-13076.232
1767709687.6313322,-13119.351
1767709687.732726,-13205.192
1767709687.834103,-13206.832
1767709687.935561,-13286.347
1767709688.036466,-13279.247
1767709688.1378372,-13340.21
1767709688.238131,-13319.201
1767709688.338485,-13489.076
1767709688.4397209,-13539.282
1767709688.541091,-13631.5
1767709688.641442,-13542.139
1767709688.741805,-13605.131
1767709688.842541,-13746.588
1767709688.942919,-13667.341
1767709689.0437918,-13689.907
1767709689.1452029,-13816.786
1767709689.246604,-13803.794
1767709689.348012,-13922.813
1767709689.448724,-13908.252
1767709689.549678,-14010.219
1767709689.650645,-13998.058
1767709689.751311,-14046.516
1767709689.851617,-14016.591
1767709689.952107,-14146.481
1767709690.052706,-14116.539
1767709690.153136,-14154.753
1767709690.2534359,-14163.884
1767709690.353728,-14325.072
1767709690.4800808,-14331.593,-14277.105
1767709690.580547,-14416.156
1767709690.681824,-14443.706
1767709690.782301,-14478.4375
1767709690.882727,-14560.481
1767709690.9832478,-14589.114
1767709691.084386,-14624.904
1767709691.184793,-14773.67
1767709691.285225,-14675.877
1767709691.385768,-14785.558
1767709691.487135,-14791.914
1767709691.5885692,-14864.8
1767709691.689932,-14812.09
1767709691.791282,-14848.91
1767709691.891743,-14937.688
1767709691.992484,-14974.527
1767709692.0938392,-14954.756
1767709692.1943018,-15009.187
1767709692.295167,-15105.894
1767709692.395621,-15149.015
1767709692.495981,-15190.825
1767709692.596412,-15195.992
1767709692.696772,-15295.039
1767709692.798132,-15330.495
1767709692.89862,-15321.844
1767709693.0000598,-15316.991
1767709693.100408,-15354.363
1767709693.201157,-15395.59
1767709693.3016949,-15535.446
1767709693.402359,-15510.69
1767709693.502887,-15490.366
1767709693.603338,-15685.868
1767709693.70468,-15554.924
1767709693.805102,-15690.777
1767709693.905907,-15729.019
1767709694.006443,-15743.765
1767709694.1077912,-15792.6455
1767709694.208915,-15864.175
1767709694.309346,-15932.53
1767709694.4106839,-16003.501
1767709694.511528,-16009.202
1767709694.6120052,-15973.012
1767709694.713268,-16065.168
1767709694.813704,-16094.556
1767709694.915085,-16106.793
1767709695.015498,-16125.05
1767709695.11686,-16194.671
1767709695.2180521,-16291.844
1767709695.318448,-16273.307
1767709695.4190762,-16413.398
1767709695.54453,-16406.465
1767709695.6455061,-16441.49
1767709695.746798,-16511.932
1767709695.847761,-16501.068
1767709695.948239,-16592.396
1767709696.0496151,-16619.074
1767709696.150334,-16699.549
1767709696.251092,-16631.668
1767709696.351478,-16734.893
1767709696.4518201,-16847.791
1767709696.552244,-16831.12
1767709696.653153,-16852.799
1767709696.75352,-16834.453
1767709696.853794,-16887.213
1767709696.954155,-16961.754,-17081.82
1767709697.05493,-17113.746
1767709697.156283,-17082.414
1767709697.256823,-17186.932
1767709697.358149,-17262.156
1767709697.4590678,-17282.025
1767709697.5597088,-17294.645
1767709697.6605382,-17321.836
1767709697.761921,-17335.164
1767709697.862608,-17341.879
1767709697.963968,-17468.72
1767709698.064404,-17434.168
1767709698.165735,-17521.223
1767709698.266175,-17587.834
1767709698.367523,-17570.596
1767709698.468823,-17662.082
1767709698.56933,-17660.031
1767709698.670005,-17684.328
1767709698.771343,-17820.74
1767709698.872633,-17758.139
1767709698.973991,-17860.848
1767709699.0753632,-17835.783
1767709699.1757371,-17958.754
1767709699.27712,-17951.281
1767709699.3779469,-18000.318
1767709699.479209,-17918.613
1767709699.579796,-18034.678
1767709699.681217,-18019.13
1767709699.782589,-18116.4
1767709699.883989,-18175.92
1767709699.9845061,-18314.771
1767709700.0851488,-18265.613
1767709700.185567,-18328.053
1767709700.2860858,-18353.201
1767709700.3865752,-18370.475
1767709700.4870331,-18409.562
1767709700.6110668,-18500.783
1767709700.711433,-18475.963
1767709700.8123798,-18495.562
1767709700.913316,-18594.406
1767709701.01371,-18599.777
1767709701.114191,-18621.459
1767709701.214682,-18757.543
1767709701.31541,-18765.287
1767709701.416724,-18804.559
1767709701.517409,-18847.047
1767709701.6178482,-18951.922
1767709701.71883,-18893.13
1767709701.819297,-18910.031
1767709701.91972,-19059.268
1767709702.0200279,-18998.8
1767709702.120416,-18973.703
1767709702.221836,-19023.594
1767709702.322486,-19158.14
1767709702.4238248,-19212.844
1767709702.524221,-19183.312
1767709702.6252549,-19222.01
1767709702.725796,-19299.85
1767709702.826541,-19383.518
1767709702.927209,-19363.066
1767709703.02769,-19447.38
1767709703.129162,-19394.842
1767709703.22991,-19547.44
1767709703.331198,-19555.012
1767709703.4319081,-19585.78
1767709703.532251,-19683.69
1767709703.633613,-19631.713
1767709703.734755,-19751.424
1767709703.835219,-19675.268
1767709703.93604,-19742.451
1767709704.036872,-19802.475
1767709704.137279,-19809.244
1767709704.2377331,-19906.812
1767709704.338667,-19875.967
1767709704.439862,-20035.043
1767709704.540253,-20049.887
1767709704.640606,-20180.873
1767709704.741181,-20125.916
1767709704.842529,-20243.06
1767709704.943614,-20096.43
1767709705.044033,-20120.893
1767709705.145382,-20311.057
1767709705.246742,-20273.838
1767709705.3471081,-20283.99
1767709705.4479969,-20345.188
1767709705.549458,-20413.36
1767709705.675359,-20427.41,-20456.74
1767709705.776693,-20493.9
1767709705.876959,-20571.615
1767709705.9783301,-20616.775
1767709706.078773,-20688.62
1767709706.179133,-20732.904
1767709706.2796202,-20689.133
1767709706.380041,-20812.209
1767709706.481247,-20836.545
1767709706.582344,-20838.795
1767709706.683697,-20879.002
1767709706.7841852,-20861.285
1767709706.88482,-20843.943
1767709706.985177,-20961.055
1767709707.085782,-21064.05
1767709707.187192,-21095.527
1767709707.287649,-21038.863
1767709707.388145,-21155.992
1767709707.488534,-21211.627
1767709707.589298,-21186.455
1767709707.689663,-21164.77
1767709707.790029,-21243.053
1767709707.891028,-21281.553
1767709707.992307,-21357.432
1767709708.0929332,-21349.314
1767709708.193246,-21417.123
1767709708.293678,-21472.32
1767709708.394117,-21532.715
1767709708.495049,-21569.621
1767709708.595509,-21545.623
1767709708.695891,-21647.113
1767709708.7963362,-21691.318
1767709708.897275,-21715.281
1767709708.99874,-21814.809
1767709709.099112,-21740.596
1767709709.200491,-21778.87
1767709709.30186,-21937.543
1767709709.403241,-21865.941
1767709709.503668,-21912.402
1767709709.6041868,-22032.709
1767709709.705467,-21996.088
1767709709.8060071,-22027.186
1767709709.9073641,-22141.953
1767709710.008736,-22103.617
1767709710.109455,-22180.404
1767709710.209923,-22157.047
1767709710.310155,-22227.457
1767709710.410712,-22203.05
1767709710.511225,-22302.334
1767709710.6117902,-22354.7
1767709710.736873,-22365.822
1767709710.8379798,-22413.361
1767709710.9383879,-22413.434
1767709711.038825,-22501.719
1767709711.1391869,-22594.807
1767709711.2405388,-22609.805
1767709711.341085,-22737.111
1767709711.441432,-22643.71
1767709711.542797,-22590.299
1767709711.643761,-22773.541
1767709711.744261,-22627.336
1767709711.844852,-22742.291
1767709711.94625,-22843.273
1767709712.047549,-22829.145
1767709712.148941,-22978.88
1767709712.249341,-22931.5
1767709712.3501272,-22906.266
1767709712.450871,-23159.094
1767709712.551574,-23136.676
1767709712.6520162,-23142.82
1767709712.7532108,-23201.486
1767709712.853607,-23219.586,-23241.873
1767709712.9546292,-23197.49
1767709713.155287,-23288.855
1767709713.255868,-23340.963
1767709713.3563159,-23391.44,-23314.188
1767709713.4573429,-23347.562
1767709713.5581582,-23397.893
1767709713.65912,-23451.654
1767709713.7595189,-23467.69
1767709713.8604631,-23630.637
1767709713.9617999,-23647.947
1767709714.063058,-23679.582
1767709714.163918,-23755.549
1767709714.2643998,-23706.748
1767709714.3655128,-23811.92
1767709714.466563,-23775.293
1767709714.567243,-23886.646
1767709714.667653,-23843.127
1767709714.767999,-24002.06
1767709714.869324,-23968.59
1767709714.9699368,-23944.9
1767709715.0713768,-24063.78
1767709715.1721458,-24030.754
1767709715.272924,-24064.361
1767709715.374274,-24132.195
1767709715.4748669,-24157.07
1767709715.576222,-24178.47
1767709715.677127,-24141.977
1767709715.801156,-24286.443
1767709715.90147,-24298.611
1767709716.001833,-24390.174
1767709716.102323,-24401.926
1767709716.2031639,-24422.613
1767709716.303603,-24404.912
1767709716.403983,-24476.082
1767709716.5045528,-24539.1
1767709716.605919,-24530.406
1767709716.70652,-24615.1
1767709716.8069172,-24602.008
1767709716.907818,-24632.766
1767709717.008236,-24745.209
1767709717.10874,-24801.885
1767709717.2093172,-24832.97
1767709717.310264,-24747.82
1767709717.410908,-24870.912
1767709717.511246,-24926.451
1767709717.612607,-24979.217
1767709717.7130759,-25028.186
1767709717.8135622,-24989.041
1767709717.915393,-25132.828
1767709718.0158908,-25070.748
1767709718.116451,-25113.92
1767709718.216782,-25146.107
1767709718.317868,-25198.61
1767709718.418286,-25252.754
1767709718.518813,-25201.145
1767709718.61956,-25283.45
1767709718.7201312,-25287.49
1767709718.8208718,-25402.477
1767709718.923231,-25354.604
1767709719.024297,-25337.322
1767709719.1256819,-25472.396
1767709719.226024,-25432.676
1767709719.327614,-25646.11
1767709719.4286249,-25521.352
1767709719.529471,-25616.078
1767709719.630513,-25670.62
1767709719.730873,-25613.04
1767709719.831511,-25821.16
1767709719.932042,-25688.023
1767709720.033104,-25852.441
1767709720.133434,-25834.02
1767709720.2338822,-25903.12
1767709720.335404,-25902.484
1767709720.437048,-25916.238
1767709720.538313,-25872.75
1767709720.640666,-25995.57
1767709720.7410948,-26016.66
1767709720.867648,-26075.066,-26151.947
1767709720.968471,-26180.357
1767709721.069619,-26138.596
1767709721.170202,-26150.76
1767709721.270528,-26244.393
1767709721.372896,-26320.887
1767709721.4732459,-26279.893
1767709721.573663,-26302.44
1767709721.674007,-26314.363
1767709721.774812,-26437.375
1767709721.876235,-26469.674
1767709721.977034,-26539.732
1767709722.077426,-26549.12
1767709722.178185,-26511.39
1767709722.279636,-26512.746
1767709722.380314,-26603.83
1767709722.482668,-26680.203
1767709722.585057,-26661.67
1767709722.6857479,-26716.871
1767709722.7862852,-26776.98
1767709722.8885639,-26819.234
1767709722.989026,-26851.61
1767709723.0906749,-26827.088
1767709723.1915781,-26956.963
1767709723.292586,-26915.04
1767709723.3932118,-26974.664
1767709723.494415,-26905.643
1767709723.59477,-27081.299
1767709723.6959229,-27137.305
1767709723.797219,-27081.242
1767709723.8986409,-27088.557
1767709723.999131,-27150.018
1767709724.100588,-27289.553
1767709724.2020621,-27187.97
1767709724.303678,-27240.598
1767709724.4060748,-27269.14
1767709724.506457,-27353.383
1767709724.606834,-27387.521
1767709724.707229,-27441.387
1767709724.8077068,-27440.736
1767709724.908085,-27460.545
1767709725.0084789,-27536.111
1767709725.109005,-27557.285
1767709725.21024,-27564.81
1767709725.310691,-27565.459
1767709725.41127,-27679.488
1767709725.512257,-27647.291
1767709725.612719,-27721.664
1767709725.7131689,-27751.447
1767709725.815697,-27747.564
1767709725.9399612,-27794.805
1767709726.0403461,-27824.27
1767709726.140707,-27810.1
1767709726.240973,-27797.996
1767709726.341919,-27937.729
1767709726.4424021,-27935.596
1767709726.542729,-27969.336
1767709726.643575,-28018.977
1767709726.7438998,-28053.1
1767709726.844502,-28171.527
1767709726.946923,-28077.506
1767709727.048626,-28190.783
1767709727.14935,-28139.078
1767709727.2510211,-28266.73
1767709727.3527071,-28280.004,-28300.26
1767709727.453414,-28311.514
1767709727.6541471,-28387.94
1767709727.7550678,-28400.78
1767709727.8558679,-28386.104,-28445.973
1767709727.957847,-28572.664
1767709728.06003,-28547.736
1767709728.1603782,-28645.125
1767709728.260725,-28603.252
1767709728.361464,-28641.125
1767709728.461726,-28656.93
1767709728.562125,-28750.758
1767709728.663848,-28735.496
1767709728.7649128,-28805.393
1767709728.867394,-28749.082
1767709728.9686909,-28848.99
1767709729.069982,-28855.27
1767709729.171807,-28870.518
1767709729.27316,-28906.33
1767709729.3743072,-28975.28
1767709729.475661,-28978.146
1767709729.576416,-29015.398
1767709729.6772192,-29055.686
1767709729.777979,-28913.838
1767709729.879703,-29110.506
1767709729.98125,-29186.512
1767709730.0819001,-29155.89
1767709730.182554,-29300.854
1767709730.283353,-29221.543
1767709730.3843431,-29310.361
1767709730.4847538,-29275.31
1767709730.5854468,-29275.205
1767709730.68588,-29417.672
1767709730.787508,-29455.555
1767709730.8889,-29383.785
1767709731.014555,-29400.135
1767709731.115818,-29583.367
1767709731.216481,-29508.736
1767709731.316876,-29623.68
1767709731.417326,-29591.635
1767709731.5183308,-29579.48
1767709731.62081,-29552.83
1767709731.721537,-29618.473
1767709731.823911,-29730.627
1767709731.925699,-29745.12
1767709732.026345,-29758.06
1767709732.127553,-29782.328
1767709732.229036,-29893.07
1767709732.330626,-29893.191
1767709732.431689,-29918.783
1767709732.5325499,-29912.514
1767709732.6337001,-29925.707
1767709732.7343879,-29978.479
1767709732.836682,-30057.625
1767709732.937031,-30099.662
1767709733.0374038,-30063.414
1767709733.1397572,-30175.555
1767709733.242118,-30149.219
1767709733.34269,-30202.854
1767709733.443375,-30194.346
1767709733.5436218,-30185.988
1767709733.644054,-30331.057
1767709733.745412,-30304.604
1767709733.846118,-30449.326
1767709733.948566,-30382.707
1767709734.0499651,-30456.668
1767709734.150402,-30562.676
1767709734.252342,-30504.5,-30485.322
1767709734.45563,-30542.094
1767709734.556366,-30585.834,-30627.121
1767709734.65672,-30662.832
1767709734.7573051,-30652.629
1767709734.8583412,-30739.135
1767709734.959054,-30721.756
1767709735.059673,-30808.05
1767709735.160657,-30835.15
1767709735.261429,-30839.338
1767709735.363609,-30862.27
1767709735.465973,-30885.496
1767709735.567334,-30934.322
1767709735.667665,-31011.498
1767709735.768358,-30967.154
1767709735.86915,-31017.2
1767709735.9696782,-31064.484
1767709736.097356,-31019.02
1767709736.1993868,-31126.682
1767709736.300571,-31118.816
1767709736.4012349,-31162.256
1767709736.5018601,-31212.639
1767709736.602276,-31329.291
1767709736.7027578,-31293.912
1767709736.8032682,-31239.086
1767709736.9052649,-31321.686
1767709737.0076318,-31326.082
1767709737.107892,-31387.205
1767709737.208999,-31402.406
1767709737.309366,-31368.572
1767709737.4097972,-31414.611
1767709737.510367,-31531.115
1767709737.611702,-31481.465
1767709737.712106,-31532.807
1767709737.8133109,-31602.52
1767709737.913737,-31624.555
1767709738.015778,-31668.648
1767709738.116296,-31699.168
1767709738.218833,-31727.943
1767709738.321034,-31748.266
1767709738.4225018,-31746.033
1767709738.524835,-31775.488
1767709738.626081,-31807.332
1767709738.726576,-31774.658
1767709738.827049,-31887.285
1767709738.927497,-31874.615
1767709739.028849,-31942.367
1767709739.131124,-32055.055
1767709739.233189,-32035.994
1767709739.3353841,-32024.83
1767709739.435921,-31984.787
1767709739.537312,-32104.84
1767709739.637877,-32066.402
1767709739.739007,-32063.486
1767709739.8399308,-32143.91
1767709739.940286,-32220.443
1767709740.0407019,-32289.885
1767709740.141226,-32332.176
1767709740.242889,-32266.93
1767709740.343908,-32451.758
1767709740.444449,-32351.475
1767709740.545038,-32390.676
1767709740.646666,-32375.27
1767709740.7470028,-32395.578
1767709740.848775,-32459.049
1767709740.950725,-32509.281
1767709741.0530958,-32542.098
1767709741.180566,-32620.549,-32657.793
1767709741.282938,-32617.684
1767709741.383938,-32688.092
1767709741.6907341,-32634.77
1767709741.7922828,-32740.611
1767709741.894209,-32723.242
1767709741.9949892,-32776.703
1767709742.0972428,-32741.484
1767709742.197711,-32858.62
1767709742.2982268,-32899.91
1767709742.398785,-32865.676
1767709742.4993558,-32988.703
1767709742.5997598,-32948.895
1767709742.700182,-33018.812
1767709742.800698,-33011.977
1767709742.9021099,-33051.863
1767709743.0035079,-33162.727
1767709743.103893,-33096.984
1767709743.204628,-33081.33
1767709743.305077,-33212.152,-33240.1
1767709743.405789,-33175.945
1767709743.5081458,-33203.746
1767709743.610349,-33281.69
1767709743.7121658,-33350.973
1767709743.812603,-33394.664
1767709743.913387,-33360.24
1767709744.0137558,-33426.26
1767709744.114063,-33429.67
1767709744.215214,-33448.164
1767709744.315885,-33436.312
1767709744.4164412,-33549.977
1767709744.517036,-33525.344
1767709744.6175182,-33614.418
1767709744.718884,-33534.48
1767709744.8194659,-33619.773
1767709744.920005,-33629.457
1767709745.020498,-33670.848
1767709745.134188,-33692.445
1767709745.235714,-33768.62
1767709745.336548,-33742.133
1767709745.4378219,-33863.883
1767709745.538251,-33872.95
1767709745.6399329,-33872.617
1767709745.741293,-33812.043
1767709745.84654,-33762.875
1767709745.9508212,-33885.34
1767709746.052783,-33956.887
1767709746.153674,-34003.586
1767709746.282816,-33961.125
1767709746.383269,-34044.594
1767709746.483949,-34043.47
1767709746.584382,-34077.887
1767709746.68477,-34142.277
1767709746.789537,-34174.617
1767709746.890878,-34180.258
1767709746.991893,-34223.53
1767709747.092761,-34265.883
1767709747.193364,-34244.26
1767709747.293918,-34347.938
1767709747.3953831,-34303.06
1767709747.495818,-34369.176
1767709747.597172,-34345.17
1767709747.6982532,-34411.82
1767709747.798919,-34401.86
1767709747.9002502,-34504.984
1767709748.0008352,-34445.41
1767709748.1012402,-34532.582
1767709748.201571,-34542.418
1767709748.302036,-34590.688
1767709748.4023979,-34665.445
1767709748.5031629,-34608.15
1767709748.6043131,-34657.293,-34715.83
1767709748.7057002,-34676.395
1767709748.906415,-34783.11
1767709749.006963,-34683.01
1767709749.107297,-34719.86,-34846.285
1767709749.207615,-34879.113
1767709749.3088682,-34870.312
1767709749.409209,-34861.402
1767709749.510303,-34907.168
1767709749.610639,-34918.35
1767709749.711359,-35012.395
1767709749.812683,-34919.402
1767709749.914068,-35018.582
1767709750.015436,-35026.137
1767709750.1159182,-35058.84
1767709750.217037,-35011.863
1767709750.317426,-35171.125
1767709750.417716,-35128.49
1767709750.518827,-35190.87
1767709750.620013,-35239.74
1767709750.720886,-35201.23
1767709750.822294,-35269.902
1767709750.92366,-35245.227
1767709751.0245361,-35277.12
1767709751.12494,-35302.95
1767709751.225547,-35343.652
1767709751.350826,-35384.613
1767709751.4521532,-35348.938
1767709751.5535831,-35396.0
1767709751.655017,-35405.684
1767709751.7564118,-35448.445
1767709751.857783,-35544.008
1767709751.9590971,-35559.727
1767709752.059965,-35553.45
1767709752.160405,-35520.496
1767709752.261846,-35656.14
1767709752.362582,-35692.402
1767709752.463926,-35695.203
1767709752.565073,-35634.016
1767709752.6655428,-35698.11
1767709752.7667148,-35723.977
1767709752.868097,-35779.344
1767709752.9687061,-35809.082
1767709753.0695958,-35786.6
1767709753.169817,-35830.15
1767709753.2707741,-35942.754
1767709753.3711581,-35961.32
1767709753.4725492,-35858.902
1767709753.5739038,-35860.426
1767709753.674538,-36032.04
1767709753.7750149,-36003.656
1767709753.875625,-36003.3
1767709753.9764538,-36049.08
1767709754.076992,-36085.71
1767709754.178317,-36104.246
1767709754.278902,-36121.746
1767709754.3802502,-36171.297
1767709754.481293,-36171.234
1767709754.581717,-36269.92
1767709754.6831381,-36202.094
1767709754.783872,-36297.17
1767709754.8850718,-36232.516
1767709754.985431,-36281.953
1767709755.086485,-36387.26
1767709755.186761,-36335.703
1767709755.2874491,-36398.195
1767709755.388852,-36379.82
1767709755.489384,-36446.766
1767709755.590753,-36491.66
1767709755.691385,-36460.938
1767709755.79171,-36551.79
1767709755.8923678,-36541.957
1767709755.993236,-36560.727
1767709756.093697,-36537.875
1767709756.1950688,-36541.562
1767709756.2957351,-36637.664
1767709756.421427,-36625.832,-36668.45
1767709756.522774,-36651.49
1767709756.623735,-36657.586
1767709756.725054,-36654.02
1767709756.8260071,-36812.047
1767709756.92688,-36737.066
1767709757.027135,-36836.312
1767709757.127893,-36815.17
1767709757.229373,-36786.188
1767709757.329818,-36851.67
1767709757.430272,-36977.42
1767709757.530606,-36889.816
1767709757.6309388,-36934.79
1767709757.7314198,-36959.953
1767709757.8323772,-36932.234
1767709757.933588,-37026.504
1767709758.0349178,-37144.535
1767709758.1355178,-37026.816
1767709758.235955,-37109.812
1767709758.336362,-37130.484
1767709758.437967,-37160.582
1767709758.538363,-37154.652
1767709758.638814,-37204.387
1767709758.73935,-37234.81
1767709758.839948,-37350.652
1767709758.940344,-37248.027
1767709759.041767,-37274.79
1767709759.1421409,-37329.438
1767709759.242562,-37290.348
1767709759.342921,-37389.516
1767709759.443381,-37357.3
1767709759.543651,-37402.1
1767709759.644619,-37395.855
1767709759.74617,-37413.93
1767709759.846742,-37468.684
1767709759.9481149,-37546.81
1767709760.049587,-37487.91
1767709760.1499789,-37625.87
1767709760.25136,-37614.938
1767709760.351784,-37600.746
1767709760.453022,-37613.15
1767709760.55441,-37606.86
1767709760.654666,-37653.97
1767709760.75509,-37665.34
1767709760.855445,-37670.535
1767709760.956743,-37770.773
1767709761.0580878,-37760.637
1767709761.1584709,-37821.035
1767709761.2587478,-37874.44
1767709761.3593888,-37823.84
1767709761.484375,-37847.78
1767709761.585784,-37813.098
1767709761.6862662,-37865.38
1767709761.786551,-37973.543
1767709761.886841,-37988.484
1767709761.988112,-37980.285
1767709762.089529,-37994.63
1767709762.190878,-38124.145
1767709762.291232,-38011.957
1767709762.39181,-38089.23
1767709762.492675,-38072.61
1767709762.5938072,-38128.69
1767709762.694221,-38121.22
1767709762.7946072,-38181.81
1767709762.894958,-38195.21
1767709762.995934,-38181.027
1767709763.0969338,-38294.016
1767709763.197314,-38185.016
1767709763.29859,-38290.08
1767709763.399767,-38347.945
1767709763.5010402,-38336.582
1767709763.601971,-38323.285
1767709763.702406,-38382.805
1767709763.8028889,-38380.844,-38444.49
1767709763.904127,-38456.613
1767709764.004555,-38431.61
1767709764.1057842,-38479.75
1767709764.206819,-38471.336
1767709764.408396,-38496.492,-38521.625
1767709764.509686,-38546.785
1767709764.6107142,-38590.395
1767709764.7115562,-38662.03
1767709764.812895,-38589.406
1767709764.913485,-38664.957
1767709765.014037,-38715.777
1767709765.114561,-38766.95
1767709765.214989,-38757.543
1767709765.3164742,-38768.992
1767709765.416825,-38714.2
1767709765.51811,-38865.887
1767709765.618722,-38772.54
1767709765.719111,-38889.78
1767709765.8201542,-38850.555
1767709765.9205482,-38893.26
1767709766.021039,-38869.76
1767709766.122328,-38919.777
1767709766.2234921,-38873.062
1767709766.324755,-38943.832
1767709766.425441,-39004.47
1767709766.551361,-39015.055
1767709766.652021,-39038.23
1767709766.752515,-39006.83
1767709766.8539,-39098.867
1767709766.955302,-39099.0
1767709767.0566442,-39158.633
1767709767.157374,-39097.215
1767709767.258721,-39131.617
1767709767.359663,-39210.152
1767709767.460567,-39249.258
1767709767.561182,-39170.945
1767709767.661655,-39224.53
1767709767.762191,-39331.766
1767709767.863476,-39371.99
1767709767.963852,-39268.176
1767709768.064794,-39284.086
1767709768.165309,-39356.375
1767709768.2667148,-39424.02
1767709768.367384,-39312.996
1767709768.467833,-39428.535
1767709768.568195,-39504.59
1767709768.6687412,-39462.72
1767709768.769241,-39510.996
1767709768.8703098,-39530.94
1767709768.9708748,-39539.832
1767709769.071578,-39573.695
1767709769.1729128,-39639.387
1767709769.274186,-39596.13
1767709769.375354,-39573.254
1767709769.476738,-39569.594
1767709769.57743,-39698.617
1767709769.678124,-39689.703
1767709769.779297,-39753.055
1767709769.879921,-39704.242
1767709769.980169,-39756.027
1767709770.08054,-39807.074
1767709770.18194,-39741.613
1767709770.2833412,-39898.97
1767709770.383816,-39797.227
1767709770.484718,-39869.918
1767709770.585056,-39866.38
1767709770.686089,-39847.99
1767709770.787474,-39919.273
1767709770.887893,-39956.727
1767709770.989268,-39997.133
1767709771.0900638,-40032.887
1767709771.1908212,-40040.156
1767709771.291826,-40097.383
1767709771.3921752,-39934.93
1767709771.4925811,-40163.094
1767709771.6177018,-40055.09,-40114.71
1767709771.718552,-40067.22
1767709771.819565,-40102.035
1767709771.920942,-40173.223
1767709772.022342,-40126.902
1767709772.123604,-40112.68
1767709772.2242281,-40177.203
1767709772.325541,-40318.883
1767709772.426744,-40241.156
1767709772.527041,-40243.668
1767709772.62746,-40336.91
1767709772.727895,-40365.83
1767709772.82866,-40372.5
1767709772.929921,-40381.93
1767709773.03129,-40313.88
1767709773.131928,-40475.49
1767709773.232331,-40352.15
1767709773.333737,-40420.57
1767709773.434151,-40451.785
1767709773.534494,-40489.86
1767709773.634878,-40523.13
1767709773.735328,-40485.71
1767709773.835773,-40449.555
1767709773.937099,-40567.09
1767709774.037506,-40574.94
1767709774.138195,-40671.145
1767709774.238488,-40602.832
1767709774.33944,-40593.77
1767709774.4402392,-40683.523
1767709774.541594,-40664.688
1767709774.642945,-40705.3
1767709774.743244,-40717.684
1767709774.843518,-40674.953
1767709774.9440598,-40680.332
1767709775.045453,-40760.52
1767709775.145997,-40864.324
1767709775.2474098,-40807.094
1767709775.3477912,-40850.992
1767709775.4491441,-40772.652
1767709775.549613,-40868.785
1767709775.649973,-40924.965
1767709775.751231,-40897.02
1767709775.852553,-41010.26
1767709775.952971,-41003.062
1767709776.0534499,-41008.56
1767709776.15384,-41057.363
1767709776.254344,-40989.47
1767709776.355619,-41076.02
1767709776.456289,-41099.82
1767709776.556693,-41058.4
1767709776.681706,-41152.895
1767709776.783127,-41150.44
1767709776.8843598,-41193.85
1767709776.9849138,-41174.85
1767709777.085355,-41191.297
1767709777.18627,-41155.535
1767709777.2866418,-41245.062
1767709777.3873222,-41256.527
1767709777.487833,-41269.727
1767709777.589246,-41314.625
1767709777.689665,-41252.95
1767709777.791054,-41304.918
1767709777.891449,-41348.152
1767709777.9923651,-41358.543
1767709778.093633,-41297.61
1767709778.194005,-41378.21
1767709778.295191,-41335.94
1767709778.395906,-41406.87
1767709778.497117,-41420.91
1767709778.597861,-41501.805
1767709778.698244,-41500.49
1767709778.7990642,-41529.215
1767709778.9004369,-41448.15
1767709779.0018299,-41457.887
1767709779.102342,-41606.523
1767709779.202941,-41572.973
1767709779.3037682,-41612.23,-41699.13
1767709779.404192,-41622.17
1767709779.504728,-41626.934
1767709779.606081,-41729.45
1767709779.80813,-41702.684,-41664.8
1767709779.908679,-41756.19
1767709780.0099761,-41729.125
1767709780.111316,-41735.105
1767709780.212682,-41839.82
1767709780.313181,-41735.875
1767709780.4136279,-41866.53
1767709780.514117,-41906.273
1767709780.6155741,-41837.527
1767709780.716597,-41845.543
1767709780.817892,-41939.03
1767709780.918158,-41954.08
1767709781.018611,-41933.24
1767709781.119062,-41929.566
1767709781.2200801,-42028.344
1767709781.3204741,-41966.008
1767709781.420867,-42011.84
1767709781.5223339,-42005.754
1767709781.6231291,-42067.008
1767709781.7456992,-42090.656
1767709781.8470988,-42047.09
1767709781.948483,-42162.613
1767709782.048865,-42132.344
1767709782.149805,-42113.793
1767709782.251153,-42164.57
1767709782.351403,-42090.625
1767709782.451852,-42205.2
1767709782.5533261,-42215.516
1767709782.6542878,-42215.78
1767709782.7553961,-42204.387
1767709782.856749,-42178.85
1767709782.9570858,-42228.53
1767709783.057914,-42232.688
1767709783.158249,-42268.91
1767709783.2587168,-42367.23
1767709783.3591208,-42377.19
1767709783.459881,-42353.8
1767709783.560158,-42475.758
1767709783.660556,-42379.97
1767709783.7619278,-42398.992
1767709783.862947,-42383.992
1767709783.963774,-42497.58
1767709784.0649788,-42505.61
1767709784.165496,-42561.637
1767709784.2661161,-42487.023
1767709784.367149,-42484.363
1767709784.4685671,-42566.16
1767709784.5699809,-42599.156
1767709784.670424,-42569.297
1767709784.771054,-42522.363
1767709784.871348,-42563.098
1767709784.9715672,-42651.703
1767709785.072824,-42667.09
1767709785.173216,-42671.117
1767709785.27458,-42642.3
1767709785.375977,-42666.617
1767709785.476439,-42663.992
1767709785.576949,-42782.066
1767709785.67831,-42679.945
1767709785.778734,-42795.91
1767709785.879874,-42680.08
1767709785.9811652,-42754.363
1767709786.082484,-42848.03
1767709786.182859,-42826.42
1767709786.283069,-42854.13
1767709786.384036,-42963.965
1767709786.484431,-42927.484
1767709786.58488,-42963.992
1767709786.685767,-42946.633
1767709786.8094451,-42904.066,-42999.914
1767709786.9097779,-43017.8
1767709787.010315,-43055.367
1767709787.1107771,-42978.62
1767709787.211314,-43015.895
1767709787.3125792,-42998.062
1767709787.412976,-42990.453
1767709787.513514,-43065.39
1767709787.613878,-43100.82
1767709787.715133,-43111.37
1767709787.815576,-43128.824
1767709787.916994,-43155.812
1767709788.018495,-43258.95
1767709788.11989,-43190.984
1767709788.2212732,-43164.043
1767709788.322322,-43231.812
1767709788.422668,-43266.816
1767709788.524002,-43315.188
1767709788.6253178,-43327.137
1767709788.725733,-43315.855
1767709788.82705,-43308.773
1767709788.9273841,-43261.855
1767709789.02865,-43404.492
1767709789.1299899,-43328.727
1767709789.2303119,-43390.582
1767709789.3310149,-43395.344
1767709789.432267,-43319.426
1767709789.533139,-43397.887
1767709789.6344829,-43456.71
1767709789.734821,-43453.75
1767709789.8351412,-43446.035
1767709789.935503,-43413.836
1767709790.0360892,-43539.434
1767709790.1374772,-43494.227
1767709790.238127,-43513.094
1767709790.3387,-43587.105
1767709790.439727,-43576.242
1767709790.5405068,-43556.656
1767709790.641174,-43602.98
1767709790.74253,-43598.883
1767709790.8435771,-43606.77
1767709790.943957,-43641.504
1767709791.045332,-43660.656
1767709791.146038,-43712.004
1767709791.247512,-43744.45
1767709791.348632,-43686.395
1767709791.4494,-43698.887
1767709791.5499132,-43683.44
1767709791.6512132,-43783.27
1767709791.752162,-43741.86
1767709791.8755798,-43874.043
1767709791.976175,-43812.797
1767709792.077538,-43832.285
1767709792.17886,-43798.406
1767709792.27981,-43918.8
1767709792.381305,-43830.914
1767709792.481683,-43870.16
1767709792.5830898,-43869.645
1767709792.683661,-43987.176
1767709792.78419,-43889.746
1767709792.884919,-43966.09
1767709792.985472,-44018.004
1767709793.086922,-44056.54
1767709793.187413,-44008.15
1767709793.288785,-44031.324
1767709793.389149,-44053.316
1767709793.490145,-44065.613
1767709793.591491,-44003.97
1767709793.692854,-44061.027
1767709793.7931688,-44000.902
1767709793.8936388,-44090.793
1767709793.994047,-44102.156
1767709794.094594,-44166.875
1767709794.195271,-44081.473
1767709794.29666,-44093.395
1767709794.397135,-44200.81
1767709794.497547,-44169.96
1767709794.5982552,-44217.656
1767709794.699015,-44171.176
1767709794.7993758,-44278.223
1767709794.900718,-44265.715
1767709795.001099,-44300.92
1767709795.102201,-44376.785
1767709795.203648,-44285.055
1767709795.3042402,-44348.492
1767709795.404763,-44379.125
1767709795.5059142,-44373.273,-44344.81
1767709795.606833,-44382.55
1767709795.7081642,-44463.145
1767709795.8088949,-44421.555
1767709795.91023,-44506.72
1767709796.010645,-44421.656
1767709796.111382,-44466.727
1767709796.21183,-44537.3
1767709796.312306,-44522.38
1767709796.412797,-44544.92
1767709796.513258,-44507.402
1767709796.6136441,-44526.223
1767709796.7145312,-44604.02
1767709796.815455,-44554.64
1767709796.938496,-44673.938
1767709797.039307,-44602.266
1767709797.140366,-44620.59
1767709797.240921,-44611.633
1767709797.341333,-44637.086
1767709797.442466,-44708.42
1767709797.543828,-44667.395
1767709797.6442418,-44738.918
1767709797.7446342,-44691.4
1767709797.846112,-44752.297
1767709797.946628,-44790.99
1767709798.047518,-44741.773
1767709798.147894,-44828.64
1767709798.249287,-44753.004
1767709798.35071,-44773.418
1767709798.45121,-44846.727
1767709798.55196,-44793.57
1767709798.65237,-44846.26
1767709798.752768,-44757.48
1767709798.854187,-44866.43
1767709798.954759,-44882.812
1767709799.056135,-44825.008
1767709799.1574578,-44880.656
1767709799.258697,-44942.055
1767709799.3595688,-44945.785
1767709799.460983,-44989.81
1767709799.561444,-45009.438
1767709799.661978,-44971.008
1767709799.763226,-45037.305
1767709799.863799,-45048.504
1767709799.9650838,-45007.67
1767709800.066472,-45044.26
1767709800.1677928,-45129.062
1767709800.26815,-45132.81
1767709800.368684,-45056.7
1767709800.470061,-45099.59
1767709800.570694,-45114.48
1767709800.672073,-45233.84
1767709800.773376,-45222.625
1767709800.87375,-45191.28
1767709800.9741461,-45174.18
1767709801.075155,-45179.81
1767709801.1755872,-45249.63
1767709801.275955,-45174.35
1767709801.377078,-45265.883
1767709801.4774542,-45222.285
1767709801.57892,-45276.297
1767709801.67965,-45316.117
1767709801.779882,-45312.94
1767709801.880744,-45343.223
1767709802.0042372,-45330.652
1767709802.1052852,-45363.984
1767709802.2056892,-45463.707
1767709802.3062909,-45303.113
1767709802.406663,-45371.72
1767709802.507054,-45385.016,-45383.625
1767709802.6084769,-45388.01
1767709802.7088242,-45491.008
1767709802.809269,-45454.797
1767709802.909674,-45521.574
1767709803.0100648,-45456.473
1767709803.110272,-45587.027
1767709803.210716,-45491.41
1767709803.312078,-45537.434
1767709803.4124632,-45537.53
1767709803.512971,-45575.707
1767709803.6133618,-45527.855
1767709803.7137668,-45557.855
1767709803.8150039,-45606.35
1767709803.9155369,-45569.164
1767709804.016045,-45649.363
1767709804.1164281,-45590.953
1767709804.21758,-45573.727
1767709804.3187609,-45640.562
1767709804.419117,-45616.734
1767709804.519983,-45662.098
1767709804.621383,-45727.38
1767709804.7222679,-45747.395
1767709804.823624,-45721.594
1767709804.924944,-45804.953
1767709805.025376,-45800.504
1767709805.125901,-45793.555
1767709805.226182,-45787.926
1767709805.3272152,-45781.355
1767709805.4276311,-45851.04
1767709805.528532,-45868.09
1767709805.629859,-45801.74
1767709805.7302458,-45914.15
1767709805.8306549,-45851.957
1767709805.93202,-45886.723
1767709806.032686,-45949.406
1767709806.133151,-45967.53
1767709806.2335181,-45897.676
1767709806.334097,-45913.176
1767709806.434858,-45941.234
1767709806.535331,-45983.816
1767709806.6358452,-46017.84
1767709806.736212,-45990.49
1767709806.83764,-45985.15
1767709806.938038,-46038.953
1767709807.062651,-46011.117
1767709807.164038,-45976.754
1767709807.265186,-46070.695
1767709807.365657,-46048.863
1767709807.466154,-46045.04
1767709807.566538,-46055.555
1767709807.667806,-46079.63
1767709807.768102,-46131.21
1767709807.8684428,-46194.473
1767709807.969086,-46091.727
1767709808.069471,-46212.785
1767709808.1697679,-46164.652
1767709808.270066,-46250.977
1767709808.371159,-46229.305
1767709808.4716191,-46205.246
1767709808.5729952,-46229.18
1767709808.673368,-46208.43
1767709808.774011,-46283.305
1767709808.874829,-46358.77
1767709808.975596,-46310.34
1767709809.0759401,-46299.773
1767709809.1762948,-46308.465
1767709809.276638,-46321.004
1767709809.37698,-46346.332
1767709809.477414,-46374.637
1767709809.5787609,-46389.47
1767709809.680049,-46414.05
1767709809.781446,-46348.36
1767709809.882874,-46427.18
1767709809.983257,-46405.277
1767709810.084152,-46418.61
1767709810.185461,-46516.12
1767709810.285833,-46454.773
1767709810.386299,-46495.223
1767709810.487707,-46462.004
1767709810.589154,-46420.64
1767709810.690442,-46490.254
1767709810.790876,-46509.12
1767709810.892128,-46528.812
1767709810.992487,-46506.33
1767709811.093604,-46525.234
1767709811.19413,-46547.88
1767709811.294875,-46589.562
1767709811.3962848,-46610.965
1767709811.496885,-46578.688
1767709811.5982468,-46642.723
1767709811.698837,-46627.19
1767709811.79922,-46593.633
1767709811.899759,-46670.188
1767709812.0005288,-46711.97
1767709812.1233659,-46686.51,-46725.18
1767709812.2245271,-46748.15
1767709812.3248482,-46734.234
1767709812.426165,-46771.883
1767709812.526672,-46684.96
1767709812.627152,-46720.32
1767709812.728232,-46790.01
1767709812.8290062,-46829.375
1767709812.9295099,-46830.188
1767709813.030897,-46808.508
1767709813.1314812,-46806.56
1767709813.232048,-46781.367
1767709813.332693,-46834.37
1767709813.4339359,-46836.066
1767709813.53472,-46866.273
1767709813.6352582,-46844.9
1767709813.735967,-46919.25
1767709813.836471,-46892.36
1767709813.936905,-46966.984
1767709814.038239,-46926.344
1767709814.139605,-46926.34
1767709814.241,-46952.895
1767709814.342348,-46954.617
1767709814.4431202,-46984.504
1767709814.543967,-46978.137
1767709814.6447518,-46963.527
1767709814.745165,-47042.242
1767709814.84664,-47006.902
1767709814.947219,-47022.285
1767709815.048386,-47087.33
1767709815.149738,-47036.54
1767709815.250255,-47080.227
1767709815.351169,-47167.254
1767709815.4515111,-47056.207
1767709815.551865,-47122.74
1767709815.652837,-47122.0
1767709815.753222,-47191.797
1767709815.853575,-47136.832
1767709815.953967,-47211.18
1767709816.0545652,-47189.51
1767709816.155942,-47169.41
1767709816.25732,-47192.562
1767709816.3585448,-47210.938
1767709816.4592588,-47188.23
1767709816.559638,-47143.246
1767709816.660779,-47247.48
1767709816.761583,-47292.633
1767709816.862623,-47223.68
1767709816.963748,-47297.293
1767709817.06411,-47328.258
1767709817.18716,-47323.477
1767709817.28772,-47401.547
1767709817.388154,-47325.527
1767709817.48926,-47375.816
1767709817.5898209,-47365.574
1767709817.690645,-47322.645
1767709817.791256,-47378.93
1767709817.892035,-47368.754
1767709817.992882,-47389.844
1767709818.093191,-47444.38
1767709818.19384,-47386.95
1767709818.2945752,-47492.816
1767709818.395231,-47477.016
1767709818.495889,-47362.29
1767709818.596446,-47446.72
1767709818.69706,-47456.594
1767709818.798335,-47480.54
1767709818.899221,-47545.684
1767709819.0000901,-47469.293
1767709819.100959,-47469.426
1767709819.201992,-47533.66
1767709819.3034399,-47527.344
1767709819.403848,-47539.73
1767709819.5051289,-47559.637
1767709819.6057081,-47606.055,-47593.38
1767709819.706667,-47582.066
1767709819.808013,-47683.855
1767709819.9093592,-47601.543
1767709820.010355,-47689.55
1767709820.110728,-47671.406
1767709820.212132,-47642.285
1767709820.313521,-47644.72
1767709820.414927,-47692.273
1767709820.515368,-47684.32
1767709820.616692,-47767.445
1767709820.7179751,-47767.66
1767709820.818718,-47717.48
1767709820.919308,-47809.062
1767709821.0206778,-47787.574
1767709821.121061,-47778.02
1767709821.222454,-47755.582
1767709821.322829,-47780.637
1767709821.424184,-47809.848
1767709821.524538,-47834.473
1767709821.6249049,-47756.03
1767709821.725417,-47794.555
1767709821.82578,-47759.566
1767709821.9261281,-47790.33
1767709822.027053,-47792.75
1767709822.128287,-47907.83
1767709822.251798,-47853.914
1767709822.352201,-47978.293
1767709822.452815,-47913.04
1767709822.553251,-47923.98
1767709822.6537988,-47942.773
1767709822.754551,-47898.62
1767709822.854914,-47918.48
1767709822.956301,-47992.016
1767709823.0576682,-48045.215
1767709823.158038,-47998.496
1767709823.259359,-47978.98
1767709823.359701,-48036.85
1767709823.461012,-47974.977
1767709823.561522,-48080.637
1767709823.6619961,-48049.855
1767709823.763353,-48042.312
1767709823.8637319,-48063.137
1767709823.964849,-48031.312
1767709824.066206,-48105.203
1767709824.167574,-48098.695
1767709824.26898,-48128.387
1767709824.3704152,-48035.375
1767709824.4715252,-48128.008
1767709824.571786,-48131.605
1767709824.672161,-48194.793
1767709824.77351,-48173.605
1767709824.87477,-48112.266
1767709824.975142,-48215.004
1767709825.075927,-48223.01
1767709825.176939,-48235.207
1767709825.277737,-48246.258
1767709825.3785799,-48267.24
1767709825.4799218,-48241.223
1767709825.5803509,-48314.625
1767709825.6815832,-48169.633
1767709825.782739,-48244.043
1767709825.883111,-48270.516
1767709825.984512,-48259.125
1767709826.08512,-48314.547
1767709826.185672,-48303.848
1767709826.2860138,-48390.582
1767709826.386291,-48298.57
1767709826.4865532,-48324.953
1767709826.58783,-48320.59
1767709826.6882958,-48341.5
1767709826.789536,-48468.348
1767709826.8898802,-48410.227
1767709826.9901361,-48450.984
1767709827.090508,-48398.016
1767709827.190871,-48391.74
1767709827.292703,-48413.7
1767709827.414936,-48419.13,-48445.35
1767709827.515559,-48455.88
1767709827.616443,-48521.312
1767709827.717791,-48408.973
1767709827.819121,-48522.406
1767709827.919845,-48579.887
1767709828.0209038,-48496.215
1767709828.12149,-48511.184
1767709828.221717,-48575.14
1767709828.322151,-48507.156
1767709828.4224498,-48572.52
1767709828.523129,-48526.363
1767709828.6242208,-48585.957
1767709828.72479,-48563.86
1767709828.82565,-48566.06
1767709828.925953,-48668.926
1767709829.0273259,-48626.01
1767709829.1281989,-48661.28
1767709829.229473,-48581.484
1767709829.3308852,-48651.78
1767709829.432066,-48710.08
1767709829.5331469,-48592.594
1767709829.633611,-48794.305
1767709829.734006,-48717.973
1767709829.8344262,-48641.715
1767709829.935153,-48770.242
1767709830.035669,-48744.863
1767709830.136511,-48792.84
1767709830.236848,-48672.703
1767709830.337307,-48696.12
1767709830.438217,-48765.34
1767709830.539152,-48714.64
1767709830.640512,-48757.207
1767709830.7408938,-48817.297
1767709830.841297,-48827.92
1767709830.942013,-48817.68
1767709831.042667,-48841.95
1767709831.143486,-48867.344
1767709831.24398,-48797.082
1767709831.3450508,-48804.46
1767709831.445737,-48895.89
1767709831.5462348,-48789.96
1767709831.646632,-48823.816
1767709831.746867,-48902.473
1767709831.84817,-48820.008
1767709831.9496288,-48859.418
1767709832.0508428,-48974.387
1767709832.151825,-48916.87
1767709832.252383,-48987.926
1767709832.376044,-48915.3
1767709832.477317,-49001.973
1767709832.57867,-48952.914
1767709832.680021,-49029.18
1767709832.780315,-48965.098
1767709832.880807,-49005.73
1767709832.9822972,-48973.035
1767709833.0827572,-48998.773
1767709833.184103,-49025.61
1767709833.285405,-48997.297
1767709833.3867211,-49000.816
1767709833.4873972,-49016.97
1767709833.5878432,-49048.246
1767709833.689224,-49116.227
1767709833.78958,-48961.57
1767709833.890046,-49130.992
1767709833.990738,-49169.227
1767709834.091425,-49112.133
1767709834.1917639,-49096.215
1767709834.293025,-49059.14
1767709834.393558,-49141.832
1767709834.494459,-49152.305
1767709834.5958169,-49224.76
1767709834.6969988,-49180.203
1767709834.79846,-49123.785
1767709834.8991702,-49222.6
1767709835.000509,-49218.125
1767709835.1018188,-49212.645
1767709835.202513,-49276.582
1767709835.302956,-49211.375,-49201.113
1767709835.4039521,-49259.92
1767709835.504658,-49244.875
1767709835.605045,-49267.246
1767709835.7054248,-49307.188
1767709835.9070468,-49340.117
1767709836.0083761,-49281.73,-49322.03
1767709836.109694,-49279.816
1767709836.2101052,-49364.758
1767709836.310668,-49410.977
1767709836.4114208,-49283.965
1767709836.5119958,-49310.203
1767709836.6124759,-49300.645
1767709836.713204,-49381.45
1767709836.814265,-49370.76
1767709836.915642,-49420.426
1767709837.016563,-49358.73
1767709837.11691,-49356.066
1767709837.218225,-49420.953
1767709837.318725,-49426.973
1767709837.443149,-49371.305
1767709837.5444212,-49455.414
1767709837.64522,-49495.062
1767709837.7465558,-49428.887
1767709837.847915,-49567.633
1767709837.949346,-49506.918
1767709838.0506399,-49504.406
1767709838.1518452,-49404.12
1767709838.2524061,-49473.855
1767709838.352872,-49421.355
1767709838.453801,-49554.29
1767709838.554262,-49519.285
1767709838.6548889,-49558.023
1767709838.7557619,-49616.953
1767709838.856915,-49534.36
1767709838.9582489,-49574.73
1767709839.0595882,-49597.824
1767709839.160247,-49607.83
1767709839.2616162,-49559.86
1767709839.362527,-49527.285
1767709839.463406,-49620.617
1767709839.564127,-49665.83
1767709839.664547,-49615.656
1767709839.7650611,-49657.785
1767709839.865679,-49633.49
1767709839.966045,-49656.348
1767709840.066509,-49693.355
1767709840.166852,-49668.8
1767709840.267262,-49703.625
1767709840.367716,-49669.047
1767709840.4684532,-49719.27
1767709840.568956,-49652.926
1767709840.669566,-49691.215
1767709840.7704,-49741.16
1767709840.8706958,-49712.027
1767709840.971935,-49771.758
1767709841.0732532,-49795.75
1767709841.1736162,-49787.67
1767709841.273983,-49804.832
1767709841.3750012,-49785.848
1767709841.475342,-49813.465
1767709841.575792,-49723.26
1767709841.676464,-49844.473
1767709841.777132,-49814.477
1767709841.8785841,-49812.066
1767709841.979406,-49927.867
1767709842.080804,-49821.11
1767709842.18129,-49833.79
1767709842.2817721,-49940.055
1767709842.382284,-49874.664
1767709842.506686,-49932.527
1767709842.607081,-49846.535
1767709842.7078998,-49911.48,-49896.26
1767709842.808627,-49964.57
1767709842.908963,-49982.28
1767709843.00971,-49964.035
1767709843.110137,-49994.992
1767709843.211505,-49965.137
1767709843.312868,-49979.508
1767709843.413748,-49991.605
1767709843.5151,-50046.03
1767709843.616496,-49993.63
1767709843.71695,-49942.4
1767709843.8173928,-49944.08
1767709843.91814,-49976.254
1767709844.01859,-50004.1
1767709844.1189172,-50094.367
1767709844.219636,-49975.508
1767709844.3201861,-50017.688
1767709844.421241,-50056.777
1767709844.522652,-49964.85
1767709844.623023,-50051.09
1767709844.7236621,-49989.5
1767709844.8249972,-50119.65
1767709844.925639,-50071.902
1767709845.026036,-50142.53
1767709845.126349,-50085.656
1767709845.226885,-50172.94
1767709845.3273401,-50076.72
1767709845.428756,-50052.574
1767709845.53013,-50133.14
1767709845.6311371,-50147.914
1767709845.7316532,-50087.73
1767709845.83248,-50102.35
1767709845.933023,-50189.82
1767709846.033501,-50176.926
1767709846.133822,-50186.844
1767709846.234281,-50168.97
1767709846.335171,-50250.582
1767709846.435711,-50219.133
1767709846.536394,-50220.332
1767709846.637682,-50225.707
1767709846.739032,-50268.957
1767709846.840441,-50266.395
1767709846.941186,-50330.02
1767709847.0425448,-50263.93
1767709847.143816,-50201.9
1767709847.244373,-50275.707
1767709847.344692,-50246.703
1767709847.446052,-50389.746
1767709847.5705972,-50362.098
1767709847.671181,-50299.266
1767709847.7721238,-50259.957
1767709847.873438,-50288.54
1767709847.974253,-50372.215
1767709848.074532,-50350.26
1767709848.175898,-50387.7
1767709848.2768378,-50371.688
1767709848.378182,-50348.848
1767709848.479608,-50339.03
1767709848.581013,-50397.08
1767709848.6813881,-50382.4
1767709848.781775,-50405.824
1767709848.882486,-50412.91
1767709848.98298,-50359.133
1767709849.0835211,-50443.418
1767709849.183894,-50502.188
1767709849.285158,-50492.406
1767709849.386563,-50436.59
1767709849.487585,-50478.7
1767709849.5879328,-50439.375
1767709849.688171,-50439.35
1767709849.788543,-50457.195
1767709849.8897998,-50487.566
1767709849.9909089,-50439.21
1767709850.092235,-50507.22
1767709850.19247,-50529.016
1767709850.292981,-50511.863
1767709850.393578,-50584.29
1767709850.494318,-50572.11
1767709850.595049,-50578.938
1767709850.6955829,-50512.47
1767709850.796173,-50614.883
1767709850.897001,-50553.55
1767709850.99754,-50670.836
1767709851.098859,-50505.586
1767709851.200205,-50597.89
1767709851.301007,-50592.79
1767709851.401974,-50697.43
1767709851.502679,-50609.3
1767709851.6040661,-50631.324,-50642.86
1767709851.7053492,-50661.32
1767709851.8056881,-50607.824
1767709851.906911,-50631.78
1767709852.007261,-50682.793
1767709852.107618,-50675.133
1767709852.208817,-50660.95
1767709852.309311,-50775.062
1767709852.41016,-50700.363
1767709852.511025,-50662.242
1767709852.6347132,-50748.02
1767709852.735745,-50728.344
1767709852.836114,-50710.0
1767709852.9365718,-50748.223
1767709853.036958,-50658.41
1767709853.1382341,-50744.156
1767709853.2395,-50712.062
1767709853.340567,-50777.145
1767709853.440911,-50794.44
1767709853.5422661,-50793.527
1767709853.643475,-50812.18
1767709853.744295,-50825.94
1767709853.845792,-50860.387
1767709853.9463522,-50868.473
1767709854.046609,-50813.477
1767709854.148006,-50861.613
1767709854.249401,-50761.312
1767709854.350852,-50891.52
1767709854.452227,-50855.11
1767709854.553542,-50877.07
1767709854.653881,-50889.074
1767709854.7550342,-50961.664
1767709854.8554308,-50922.516
1767709854.956811,-50895.09
1767709855.058183,-50899.016
1767709855.1585789,-50869.88
1767709855.2590039,-50907.14
1767709855.35938,-50911.832
1767709855.460674,-50944.92
1767709855.561245,-50845.51
1767709855.661779,-50869.46
1767709855.762934,-50927.883
1767709855.8633978,-50945.836
1767709855.964643,-50940.465
1767709856.065514,-50960.94
1767709856.165888,-51021.375
1767709856.2662961,-50965.68
1767709856.366671,-50946.344
1767709856.4679308,-51013.906
1767709856.5683908,-50995.66
1767709856.6687958,-51018.074
1767709856.7693608,-50974.355
1767709856.870124,-51030.434
1767709856.9707048,-51034.28
1767709857.071295,-51093.68
1767709857.171896,-51101.305
1767709857.2724009,-51064.668
1767709857.372909,-51074.97
1767709857.4733481,-51080.785
1767709857.574741,-51076.25
1767709857.698654,-51189.99
1767709857.799329,-51101.34
1767709857.899683,-51137.055
1767709858.000353,-51106.977
1767709858.101713,-51171.03
1767709858.2021859,-51141.72
1767709858.3026161,-51151.64
1767709858.40292,-51165.46,-51107.91
1767709858.504159,-51161.492
1767709858.60456,-51175.1
1767709858.7049139,-51161.707
1767709858.805279,-51192.207
1767709859.006537,-51202.62
1767709859.1071732,-51234.94
1767709859.2081301,-51194.99,-51209.91
1767709859.309489,-51166.414
1767709859.4102201,-51167.07
1767709859.5112588,-51161.2
1767709859.611702,-51236.098
1767709859.712887,-51205.918
1767709859.8137972,-51236.375
1767709859.9143171,-51208.984
1767709860.015768,-51282.12
1767709860.117162,-51327.312
1767709860.2184598,-51193.492
1767709860.319057,-51322.367
1767709860.419592,-51342.973
1767709860.520844,-51406.406
1767709860.621654,-51242.402
1767709860.7230499,-51333.715
1767709860.824422,-51377.43
1767709860.92577,-51297.9
1767709861.026134,-51348.18
1767709861.126404,-51296.574
1767709861.227457,-51344.77
1767709861.3279831,-51362.258
1767709861.429087,-51395.914
1767709861.529526,-51384.67
1767709861.630136,-51393.9
1767709861.7312791,-51370.66
1767709861.832653,-51338.38
1767709861.933847,-51473.395
1767709862.035024,-51423.688
1767709862.1357272,-51395.523
1767709862.242135,-51360.734
1767709862.343476,-51415.258
1767709862.443983,-51382.207
1767709862.545408,-51459.938
1767709862.645853,-51441.27
1767709862.7711859,-51423.227
1767709862.872564,-51530.746
1767709862.972935,-51487.793
1767709863.073805,-51492.14
1767709863.175104,-51472.3
1767709863.275511,-51431.047
1767709863.3766642,-51551.707
1767709863.4771042,-51557.89
1767709863.577604,-51435.21
1767709863.67971,-51499.44
1767709863.780682,-51508.695
1767709863.881144,-51627.77
1767709863.983705,-51515.23
1767709864.084289,-51555.676
1767709864.1855528,-51628.734
1767709864.290387,-51537.652
1767709864.391527,-51536.992
1767709864.492255,-51546.305
1767709864.593177,-51677.742
1767709864.693584,-51547.902
1767709864.7949572,-51699.39
1767709864.896424,-51629.418
1767709864.996993,-51625.418
1767709865.098418,-51569.664
1767709865.1996381,-51583.6
1767709865.300958,-51544.27
1767709865.4014888,-51633.5
1767709865.502176,-51652.504,-51572.03
1767709865.6026938,-51700.652
1767709865.805283,-51627.1
1767709865.9056551,-51642.41
1767709866.006988,-51697.9,-51678.61
1767709866.108342,-51648.605
1767709866.2097752,-51695.43
1767709866.3104079,-51752.18
1767709866.411007,-51614.93
1767709866.5123641,-51811.594
1767709866.613694,-51727.95
1767709866.715061,-51628.613
1767709866.816384,-51723.84
1767709866.916768,-51782.035
1767709867.0172029,-51742.992
1767709867.117545,-51639.42
1767709867.218424,-51642.285
1767709867.319032,-51718.1
1767709867.419633,-51715.363
1767709867.520776,-51786.7
1767709867.622159,-51744.668
1767709867.7225459,-51892.84
1767709867.846879,-51760.465
1767709867.9483242,-51755.58
1767709868.049697,-51879.355
1767709868.150291,-51798.117
1767709868.250665,-51747.97
1767709868.352031,-51766.457
1767709868.452468,-51934.69
1767709868.553001,-51739.0
1767709868.654123,-51762.96
1767709868.754602,-51882.27
1767709868.85594,-51910.734
1767709868.95631,-51929.113
1767709869.057044,-51940.207
1767709869.157356,-51881.934
1767709869.258156,-51814.555
1767709869.3595,-51887.086
1767709869.460499,-51936.875
1767709869.5613692,-51867.363
1767709869.662378,-51914.89
1767709869.763653,-51870.62
1767709869.863955,-51986.81
1767709869.965248,-51945.973
1767709870.06569,-51929.598
1767709870.166278,-52020.027
1767709870.26664,-51837.266
1767709870.367127,-52065.99
1767709870.467678,-51906.375
1767709870.568608,-52079.316
1767709870.669078,-52047.75
1767709870.769633,-51863.914
1767709870.869961,-51993.69
1767709870.970291,-52005.977
1767709871.0715678,-52016.234
1767709871.1728241,-52115.473
1767709871.274167,-51996.45
1767709871.375531,-51995.46
1767709871.476078,-51992.074
1767709871.576523,-51967.047
1767709871.6767821,-51979.598
1767709871.777728,-52143.566
1767709871.879204,-52164.383
1767709871.979958,-52089.0
1767709872.080978,-51977.555
1767709872.1814458,-52038.25
1767709872.2819252,-52192.586
1767709872.382876,-52168.3
1767709872.4835122,-52203.35
1767709872.58423,-52024.582
1767709872.684624,-52037.957
1767709872.784977,-52171.188
1767709872.908351,-52157.777,-52226.53
1767709873.008723,-52120.027
1767709873.109569,-52047.164
1767709873.210201,-52007.63
1767709873.3106,-52150.805
1767709873.411128,-52169.38
1767709873.5120058,-52080.26
1767709873.6129138,-52101.03
1767709873.714392,-52136.434
1767709873.815756,-52135.73
1767709873.916094,-52265.08
1767709874.016879,-52252.82
1767709874.118291,-52163.867
1767709874.219153,-52153.566
1767709874.320381,-52150.332
1767709874.420824,-52273.336
1767709874.5219882,-52180.81
1767709874.6222541,-52103.145
1767709874.722605,-52217.543
1767709874.8239439,-52234.785
1767709874.9242449,-52344.04
1767709875.0255349,-52271.08
1767709875.126807,-52107.918
1767709875.227566,-52147.66
1767709875.328819,-52263.68
1767709875.429604,-52279.93
1767709875.5308712,-52338.0
1767709875.6311522,-52370.25
1767709875.731859,-52322.93
1767709875.839676,-52264.242
1767709875.9403598,-52295.816
1767709876.0409,-52275.562
1767709876.142245,-52368.254
1767709876.242642,-52199.562
1767709876.343271,-52255.81
1767709876.443682,-52348.88
1767709876.544815,-52263.54
1767709876.6462379,-52461.37
1767709876.747639,-52301.79
1767709876.84898,-52329.086
1767709876.9495628,-52370.668
1767709877.049935,-52345.13
1767709877.150246,-52296.03
1767709877.250783,-52448.55
1767709877.351573,-52400.11
1767709877.452199,-52351.38
1767709877.552783,-52305.242
1767709877.6533031,-52439.25
1767709877.754508,-52329.574
1767709877.855946,-52405.344
1767709877.980801,-52363.29
1767709878.081156,-52465.34
1767709878.182593,-52498.676
1767709878.283956,-52385.316
1767709878.384531,-52323.754
1767709878.4853382,-52539.215
1767709878.585788,-52461.637
1767709878.686151,-52481.242
1767709878.786416,-52497.523
1767709878.886699,-52519.473
1767709878.988021,-52426.1
1767709879.088449,-52542.547
1767709879.189098,-52439.742
1767709879.289618,-52419.47
1767709879.389997,-52542.27
1767709879.4910522,-52517.92
1767709879.5918841,-52346.45
1767709879.693196,-52655.04
1767709879.794084,-52523.492
1767709879.895527,-52445.57
1767709879.996326,-52308.688
1767709880.097597,-52614.906
1767709880.1980522,-52563.64
1767709880.298958,-52441.594
1767709880.399429,-52535.96
1767709880.5002089,-52536.78
1767709880.600992,-52584.277
1767709880.701633,-52301.227
1767709880.8029609,-52529.26,-52589.254
1767709880.9032938,-52666.27
1767709881.0037498,-52574.367
1767709881.104136,-52602.906
1767709881.305832,-52592.86
1767709881.406295,-52545.637,-52497.51
1767709881.507623,-52623.47
1767709881.608953,-52659.39
1767709881.710073,-52580.71
1767709881.810483,-52653.9
1767709881.910987,-52622.582
1767709882.011334,-52569.746
1767709882.111694,-52600.28
1767709882.212702,-52551.684
1767709882.313348,-52567.656
1767709882.4137118,-52687.297
1767709882.514646,-52576.543
1767709882.615838,-52617.027
1767709882.717149,-52671.49
1767709882.818431,-52666.27
1767709882.919849,-52691.926
1767709883.045578,-52597.28
1767709883.146504,-52597.953
1767709883.2479339,-52491.61
1767709883.3486788,-52857.72
1767709883.449228,-52700.934
1767709883.54982,-51548.348
1767709883.650486,-52843.273
1767709883.751264,-52735.63
1767709883.852119,-52627.426
1767709883.953485,-52693.89
1767709884.0548182,-52802.08
1767709884.156065,-52709.97
1767709884.2568572,-52791.184
1767709884.3572469,-52723.152
1767709884.4584892,-52662.68
1767709884.559752,-52706.555
1767709884.660136,-52627.797
1767709884.760479,-52881.664
1767709884.861286,-52740.49
1767709884.9625542,-52759.97
1767709885.062948,-52716.76
1767709885.164402,-52801.258
1767709885.264738,-52752.766
1767709885.3659499,-52731.41
1767709885.467034,-52496.684
1767709885.567699,-52865.92
1767709885.6680589,-52730.043
1767709885.7683818,-52874.11
1767709885.8688881,-52818.49
1767709885.9693198,-52745.96
1767709886.070901,-52804.38
1767709886.17152,-52846.29
1767709886.272034,-52787.24
1767709886.373239,-52843.633
1767709886.474606,-52916.66
1767709886.575964,-52845.285
1767709886.677092,-52778.01
1767709886.7776809,-52855.043
1767709886.8782122,-52850.207
1767709886.978679,-52899.168
1767709887.079957,-52883.098
1767709887.1808481,-52962.92
1767709887.282203,-52892.04
1767709887.3829901,-52771.293
1767709887.484344,-52984.234
1767709887.584699,-52915.457
1767709887.685786,-52976.39
1767709887.786321,-53012.188
1767709887.887601,-52926.086
1767709887.989084,-52923.434
1767709888.1130722,-52931.848,-53065.094
1767709888.214435,-52989.414
1767709888.314821,-52919.207
1767709888.415655,-53072.69
1767709888.5164192,-52858.098
1767709888.617779,-53040.273
1767709888.7190888,-52988.254
1767709888.819555,-52966.332
1767709888.9199739,-52984.004
1767709889.020536,-52887.668
1767709889.120817,-53047.684
1767709889.221832,-52949.883
1767709889.322796,-53130.273
1767709889.423285,-53037.816
1767709889.523608,-53042.5
1767709889.6241531,-52945.027
1767709889.7254488,-53045.086
1767709889.826211,-53063.094
1767709889.926686,-53004.875
1767709890.027362,-53050.45
1767709890.128182,-53099.9
1767709890.229035,-53114.742
1767709890.330122,-52959.23
1767709890.430468,-53136.75
1767709890.53075,-53009.043
1767709890.631126,-53115.016
1767709890.731897,-53110.266
1767709890.832845,-53134.74
1767709890.93368,-53182.29
1767709891.034034,-53127.652
1767709891.1345332,-53039.8
1767709891.2348359,-53092.293
1767709891.335595,-53102.438
1767709891.4359958,-53059.266
1767709891.5368881,-53164.83
1767709891.638318,-53127.625
1767709891.73871,-53153.844
1767709891.8396108,-53194.023
1767709891.940945,-53094.023
1767709892.041304,-53138.383
1767709892.142508,-53179.6
1767709892.243156,-53229.44
1767709892.3439329,-53203.23
1767709892.444355,-53212.76
1767709892.544777,-53128.95
1767709892.64529,-53122.613
1767709892.745584,-53145.824
1767709892.8463092,-53061.88
1767709892.947735,-53249.332
1767709893.0481331,-53077.766
1767709893.1732218,-53052.375
1767709893.2746098,-53234.805
1767709893.3759518,-53208.215
1767709893.476492,-53295.453
1767709893.577224,-53180.297
1767709893.677597,-53155.133
1767709893.777906,-53207.203
1767709893.8783581,-53190.395
1767709893.979428,-53157.24
1767709894.07983,-53259.57
1767709894.18116,-53283.305
1767709894.2824562,-53341.438
1767709894.38286,-53260.176
1767709894.484189,-53244.34
1767709894.5854862,-53270.332
1767709894.685884,-53147.098
1767709894.787338,-53270.234
1767709894.888133,-53276.98
1767709894.9885068,-53170.777
1767709895.089508,-53267.586
1767709895.190777,-53341.24
1767709895.292068,-53241.72
1767709895.392628,-53367.094
1767709895.49345,-53315.25
1767709895.593906,-53201.86
1767709895.69528,-53382.9
1767709895.7966878,-53261.105
1767709895.897967,-53279.316
1767709895.998728,-53308.965
1767709896.099519,-53272.99
1767709896.200234,-53303.574
1767709896.301117,-53305.668
1767709896.401603,-53479.14
1767709896.502038,-53447.58,-53431.164
1767709896.7026508,-53362.22
1767709896.8032901,-53338.598
1767709896.903538,-53424.324
1767709897.003941,-53394.69
1767709897.104167,-53392.6,-53306.176
1767709897.2054322,-53383.027
1767709897.3063009,-53365.223
1767709897.407657,-53352.08
1767709897.50897,-53434.07
1767709897.6100721,-53470.453
1767709897.710567,-53459.207
1767709897.810913,-53430.48
1767709897.911339,-53414.83
1767709898.011734,-53335.67
1767709898.113108,-53284.777
1767709898.2343569,-53433.984
1767709898.334751,-53479.918
1767709898.435863,-53313.055
1767709898.537297,-53421.895
1767709898.637697,-53319.836
1767709898.738268,-53447.87
1767709898.838586,-53529.17
1767709898.9389179,-53488.027
1767709899.040291,-53464.21
1767709899.141641,-53409.043
1767709899.24299,-53527.92
1767709899.343733,-53355.906
1767709899.444854,-53396.523
1767709899.545389,-53526.7
1767709899.6462731,-53477.74
1767709899.7475252,-53407.49
1767709899.8488472,-53490.2
1767709899.9501948,-53510.516
1767709900.050555,-53445.37
1767709900.151605,-53557.406
1767709900.252556,-53439.8
1767709900.3531651,-53494.094
1767709900.453716,-53485.203
1767709900.554869,-53533.164
1767709900.6551611,-53557.855
1767709900.756514,-53627.39
1767709900.856812,-53588.484
1767709900.957087,-53582.637
1767709901.05743,-53538.246
1767709901.157784,-53520.453
1767709901.258495,-53551.195
1767709901.3592331,-53458.215
1767709901.459564,-53624.08
1767709901.5605881,-53526.12
1767709901.6619341,-53602.04
1767709901.7632158,-53516.457
1767709901.864542,-53701.906
1767709901.9659038,-53628.367
1767709902.0672069,-53520.203
1767709902.167945,-53606.094
1767709902.2683241,-53642.523
1767709902.3693922,-53613.13
1767709902.470567,-53637.363
1767709902.571063,-53633.133
1767709902.672471,-53687.03
1767709902.7728262,-53578.785
1767709902.873226,-53584.957
1767709902.974606,-53664.188
1767709903.075983,-53607.805
1767709903.176967,-53687.2
1767709903.302185,-53719.426,-53681.33
1767709903.503158,-53717.926
1767709903.6034272,-53675.89
1767709903.703819,-53754.625
1767709903.804466,-53818.727,-53705.023
1767709903.905725,-53680.676
1767709904.006119,-53688.605
1767709904.107509,-53719.465
1767709904.207881,-53633.293
1767709904.4100611,-53781.6,-53698.42
1767709904.510646,-53617.867
1767709904.61182,-53735.16
1767709904.713194,-53660.816
1767709904.814052,-53682.457
1767709904.914637,-53742.43
1767709905.0156648,-53819.77
1767709905.116129,-53866.305
1767709905.217508,-53770.883
1767709905.3181,-53622.62
1767709905.418456,-53758.6
1767709905.519372,-53700.22
1767709905.62013,-53703.965
1767709905.720544,-53696.8
1767709905.8211148,-53741.746
1767709905.9215639,-53801.027
1767709906.0219672,-53821.016
1767709906.122347,-53807.004
1767709906.2234602,-53883.6
1767709906.323937,-53780.836
1767709906.4252632,-53844.906
1767709906.526517,-53731.69
1767709906.627601,-53758.2
1767709906.728634,-53878.55
1767709906.829458,-53687.72
1767709906.930249,-53825.14
1767709907.030805,-53699.94
1767709907.131131,-53909.613
1767709907.231615,-53838.703
1767709907.332095,-53874.03
1767709907.4324281,-53847.215
1767709907.533211,-53802.64
1767709907.633589,-53814.555
1767709907.7345111,-53904.863
1767709907.834843,-53924.027
1767709907.936287,-53773.293
1767709908.036659,-53752.547
1767709908.137409,-53831.402
1767709908.2379,-53932.227
1767709908.360747,-53702.39
1767709908.462136,-53753.25
1767709908.563086,-53892.152
1767709908.663427,-53896.406
1767709908.763933,-53773.082
1767709908.8644009,-53963.426
1767709908.9648588,-53918.938
1767709909.065248,-53962.484
1767709909.166645,-54018.43
1767709909.267704,-53915.902
1767709909.368476,-53839.203
1767709909.469142,-53903.1
1767709909.569547,-53992.863
1767709909.669926,-53975.668
1767709909.7705102,-53891.637
1767709909.87101,-53803.32
1767709909.971837,-53927.652
1767709910.072555,-54002.91
1767709910.172937,-54038.586
1767709910.27326,-53913.418
1767709910.3742468,-53975.605
1767709910.4748192,-53936.07
1767709910.575166,-53975.535
1767709910.676064,-54007.484
1767709910.776445,-53925.18
1767709910.876822,-53820.7
1767709910.9776452,-54021.812
1767709911.078262,-53974.97
1767709911.17854,-53926.812
1767709911.278949,-53981.875
1767709911.3793752,-54030.055
1767709911.479816,-53943.594
1767709911.580235,-54105.29
1767709911.681275,-54066.95
1767709911.782304,-54078.137
1767709911.883672,-53973.293
1767709911.984215,-54034.82
1767709912.0850601,-54031.777
1767709912.1856508,-54065.125
1767709912.286098,-54098.402
1767709912.387155,-53904.35
1767709912.487568,-53996.273
1767709912.5880451,-54028.504
1767709912.688451,-54090.082
1767709912.78979,-53994.17
1767709912.890825,-54051.76
1767709912.991188,-53990.227
1767709913.092263,-54027.41
1767709913.1929228,-54169.055
1767709913.29334,-54124.094
1767709913.4194539,-54163.273,-54081.266
1767709913.5197551,-54025.805
1767709913.62005,-54102.504
1767709913.721434,-54032.668
1767709913.822071,-54109.48
1767709913.923437,-54038.17
1767709914.024029,-54016.758
1767709914.124788,-54048.63
1767709914.225158,-54156.168
1767709914.3264792,-54091.55
1767709914.42728,-54053.44
1767709914.5276449,-54013.812
1767709914.6286972,-54220.195
1767709914.72965,-54002.008
1767709914.830098,-54040.727
1767709914.9304068,-54119.137
1767709915.031067,-54180.523
1767709915.131639,-54081.18
1767709915.23198,-54111.543
1767709915.3325691,-54146.684
1767709915.433205,-54243.938
1767709915.533799,-54085.816
1767709915.6344068,-54218.25
1767709915.735811,-54186.086
1767709915.836431,-54228.25
1767709915.936895,-54154.562
1767709916.037565,-54163.016
1767709916.138178,-54054.77
1767709916.238554,-54068.277
1767709916.339432,-54166.336
1767709916.440788,-54156.06
1767709916.54217,-54342.168
1767709916.643424,-54214.83
1767709916.7438688,-54227.668
1767709916.844478,-54187.6
1767709916.9447172,-54287.965
1767709917.0453389,-54259.133
1767709917.146268,-54226.258
1767709917.24712,-54152.15
1767709917.347509,-54309.426
1767709917.448409,-54159.117
1767709917.5490181,-54226.77
1767709917.649761,-54195.844
1767709917.750546,-54273.242
1767709917.851947,-54354.26
1767709917.953383,-54295.023
1767709918.054444,-54262.188
1767709918.154861,-54234.58
1767709918.255139,-54247.1
1767709918.3553889,-54343.45
1767709918.482074,-54325.06
1767709918.582837,-54189.375
1767709918.683197,-54353.082
1767709918.784418,-54247.367
1767709918.885789,-54271.848
1767709918.987139,-54210.527
1767709919.087656,-54170.73
1767709919.188111,-54133.863
1767709919.289412,-54305.04
1767709919.390369,-54345.383
1767709919.491018,-54288.918
1767709919.5915039,-54263.46
1767709919.6921222,-54308.73
1767709919.792684,-54273.543
1767709919.893627,-54350.953
1767709919.994648,-54274.34
1767709920.0957508,-54329.184
1767709920.1965492,-54394.46
1767709920.2971442,-54333.54
1767709920.397423,-54247.984
1767709920.498025,-54304.46
1767709920.598497,-54285.28
1767709920.69943,-54383.035
1767709920.799774,-54303.117
1767709920.901252,-54407.117
1767709921.0018618,-54364.258
1767709921.102496,-54413.34
1767709921.203004,-54363.65
1767709921.3043149,-54338.312
1767709921.4056692,-54287.223,-54273.36
1767709921.5068061,-54348.46
1767709921.6071072,-54420.938
1767709921.809037,-54364.742,-54397.633
1767709921.9093251,-54389.254
1767709922.010441,-54468.69
1767709922.110821,-54407.113
1767709922.211466,-54342.863
1767709922.311852,-54348.93
1767709922.412826,-54442.223
1767709922.514103,-54367.082
1767709922.61446,-54554.75
1767709922.715478,-54404.168
1767709922.815768,-54404.598
1767709922.916117,-54419.914
1767709923.016546,-54345.496
1767709923.117386,-54290.72
1767709923.217739,-54436.71
1767709923.318403,-54416.402
1767709923.418856,-54360.543
1767709923.543684,-54476.414
1767709923.6441128,-54528.33
1767709923.744444,-54384.164
1767709923.844938,-54511.6
1767709923.946014,-54440.617
1767709924.0474691,-54350.504
1767709924.1482089,-54448.953
1767709924.2487411,-54497.8
1767709924.34938,-54495.67
1767709924.450163,-54472.453
1767709924.550692,-54453.78
1767709924.65136,-54514.508
1767709924.7522109,-54558.89
1767709924.85268,-54531.168
1767709924.95325,-54423.484
1767709925.05357,-54470.77
1767709925.15387,-54509.73
1767709925.254271,-54570.523
1767709925.354969,-54465.94
1767709925.456407,-54511.414
1767709925.557208,-54396.824
1767709925.658549,-54468.59
1767709925.759392,-54441.887
1767709925.860123,-54507.78
1767709925.960568,-54537.273
1767709926.061307,-54493.41
1767709926.161881,-54594.664
1767709926.263059,-54468.316
1767709926.364444,-54540.58
1767709926.464889,-54592.473
1767709926.565313,-54544.098
1767709926.666734,-54563.133
1767709926.767127,-54571.758
1767709926.867847,-54530.504
1767709926.96813,-54563.832
1767709927.069098,-54529.258
1767709927.169861,-54481.688
1767709927.2712471,-54584.945
1767709927.372617,-54521.484
1767709927.474006,-54421.645
1767709927.574487,-54505.46
1767709927.674836,-54596.496
1767709927.775176,-54527.992
1767709927.8765519,-54576.375
1767709927.9770281,-54627.086
1767709928.0774221,-54515.164
1767709928.1779919,-54538.766
1767709928.278419,-54675.574
1767709928.379106,-54503.984
1767709928.4799092,-54580.926
1767709928.604969,-54722.746
1767709928.7061949,-54631.152
1767709928.806541,-54696.98
1767709928.907304,-54647.625,-54476.918
1767709929.008661,-54554.54
1767709929.110059,-54604.383
1767709929.210381,-54640.176
1767709929.310922,-54591.87
1767709929.411307,-54574.723
1767709929.511712,-54715.047
1767709929.612756,-54590.36
1767709929.713504,-54700.59
1767709929.8146272,-54604.18
1767709929.915929,-54609.26
1767709930.016386,-54624.805
1767709930.117099,-54609.43
1767709930.217809,-54754.215
1767709930.318444,-54538.21
1767709930.4189389,-54680.555
1767709930.5193229,-54702.17
1767709930.61971,-54559.043
1767709930.7200692,-54653.93
1767709930.8203678,-54630.152
1767709930.920973,-54627.39
1767709931.022347,-54689.45
1767709931.123029,-54766.36
1767709931.22415,-54705.0
1767709931.324466,-54589.586
1767709931.4247959,-54705.863
1767709931.5261068,-54664.22
1767709931.6264598,-54585.957
1767709931.727024,-54677.598
1767709931.827428,-54658.914
1767709931.927825,-54737.324
1767709932.029113,-54697.6
1767709932.129449,-54800.613
1767709932.230477,-54720.27
1767709932.330862,-54815.566
1767709932.431254,-54683.445
1767709932.531957,-54706.41
1767709932.6325681,-54696.656
1767709932.732924,-54675.406
1767709932.833601,-54761.62
1767709932.934592,-54709.098
1767709933.0350552,-54692.227
1767709933.1354408,-54819.938
1767709933.23684,-54598.867
1767709933.337993,-54680.22
1767709933.438375,-54806.184
1767709933.539714,-54790.613
1767709933.664064,-54778.94
1767709933.765365,-54704.56
1767709933.865642,-54770.074
1767709933.96607,-54870.367
1767709934.0663629,-54615.934
1767709934.1669881,-54805.52
1767709934.268356,-54742.19
1767709934.368854,-54751.6
1767709934.469496,-54741.406
1767709934.569731,-54786.645
1767709934.6699378,-54882.312
1767709934.770259,-54830.816
1767709934.870517,-54823.695
1767709934.970916,-54869.1
1767709935.071787,-54863.246
1767709935.1731021,-54878.137
1767709935.274016,-54754.527
1767709935.374748,-54692.01
1767709935.475022,-54831.656
1767709935.575284,-54845.746
1767709935.6760662,-54779.82
1767709935.776756,-54832.953
1767709935.877323,-54913.33
1767709935.977864,-54919.008
1767709936.0783842,-54883.426
1767709936.1796942,-54770.836
1767709936.280162,-54926.594
1767709936.381415,-54910.76
1767709936.482778,-54833.863
1767709936.584149,-54843.332
1767709936.786261,-54915.445
1767709936.887421,-54927.08
1767709936.988678,-54841.316,-54860.074
1767709937.089397,-54976.71
1767709937.189749,-54851.285
1767709937.29108,-54937.57
1767709937.391571,-54830.566
1767709937.4923892,-54890.656
1767709937.593389,-54743.12
1767709937.693687,-54795.664
1767709937.794153,-54888.97
1767709937.8946738,-54855.824
1767709937.995327,-54815.215
1767709938.0963452,-54827.27
1767709938.196662,-54962.418
1767709938.297195,-54854.043
1767709938.397665,-54849.58
1767709938.4985049,-54926.176
1767709938.598878,-54836.074
1767709938.7223449,-54863.195
1767709938.822876,-54870.438
1767709938.924227,-54859.973
1767709939.0249212,-55005.605
1767709939.125399,-54871.59
1767709939.22674,-54945.324
1767709939.327728,-54893.414
1767709939.429015,-54924.504
1767709939.529532,-54993.79
1767709939.6309912,-54863.133
1767709939.731589,-55039.074
1767709939.8321202,-54866.418
1767709939.932821,-54926.15
1767709940.0333571,-54928.08
1767709940.13386,-54934.426
1767709940.234349,-54921.992
1767709940.334659,-55091.387
1767709940.435107,-54960.09
1767709940.535475,-54980.28
1767709940.6362119,-54890.93
1767709940.736956,-54882.8
1767709940.837348,-54934.04
1767709940.93872,-55048.543
1767709941.040101,-54959.098
1767709941.140667,-55033.49
1767709941.241077,-54883.617
1767709941.3424451,-54888.934
1767709941.442841,-54941.414
1767709941.543572,-54980.43
1767709941.643946,-55023.95
1767709941.744749,-54988.03
1767709941.8451881,-55029.12
1767709941.946456,-55080.254
1767709942.0467358,-55068.023
1767709942.147957,-54939.383
1767709942.2482839,-55039.723
1767709942.348626,-54991.51
1767709942.449874,-54839.676
1767709942.55024,-54990.613
1767709942.650917,-55065.434
1767709942.751881,-54978.227
1767709942.853088,-54977.094
1767709942.953922,-55007.027
1767709943.0543659,-54971.52
1767709943.155178,-55166.773
1767709943.255469,-54977.156
1767709943.355715,-55037.23
1767709943.457066,-55050.844
1767709943.55743,-55027.83
1767709943.658422,-55094.453
1767709943.782888,-55126.09,-55065.152
1767709943.88411,-54991.41
1767709943.984669,-55049.01
1767709944.085953,-55178.637
1767709944.186475,-55103.277
1767709944.2871559,-55103.25
1767709944.387711,-55144.22
1767709944.4880269,-55044.867
1767709944.5883908,-55134.11
1767709944.689734,-55045.24
1767709944.7900858,-55112.51
1767709944.8907158,-55129.97
1767709944.991572,-55038.664
1767709945.092155,-54898.207
1767709945.19253,-54987.227
1767709945.293398,-55163.16
1767709945.394736,-55023.945
1767709945.495998,-55031.46
1767709945.59645,-55091.086
1767709945.696769,-55043.875
1767709945.797009,-55061.297
1767709945.8975072,-55042.758
1767709945.99866,-55128.984
1767709946.099693,-55143.207
1767709946.200015,-55142.06
1767709946.300519,-55189.953
1767709946.401288,-55115.363
1767709946.502327,-55115.42
1767709946.603678,-55245.895
1767709946.7040699,-55077.707
1767709946.804456,-55163.727
1767709946.905843,-55155.004
1767709947.007183,-55058.367
1767709947.1077912,-55163.613
1767709947.208153,-55148.105
1767709947.3083992,-55249.066
1767709947.4096901,-55066.0
1767709947.510108,-55231.242
1767709947.6105962,-55109.727
1767709947.711911,-55124.63
1767709947.812732,-55175.215
1767709947.913228,-55048.656
1767709948.014511,-55175.4
1767709948.115484,-55194.12
1767709948.216737,-55077.4
1767709948.318065,-55077.46
1767709948.418439,-55172.266
1767709948.5190122,-55152.504
1767709948.619294,-55222.42
1767709948.7198389,-55146.52
1767709948.843848,-55181.79
1767709948.944403,-55168.46
1767709949.0451589,-55187.2
1767709949.145707,-55222.75
1767709949.247065,-55137.207
1767709949.347434,-55207.594
1767709949.4487839,-55222.2
1767709949.549293,-55255.84
1767709949.649663,-55110.207
1767709949.749994,-55309.695
1767709949.851142,-55178.508
1767709949.951526,-55225.895
1767709950.052396,-55277.94
1767709950.152895,-55228.79
1767709950.253408,-55241.84
1767709950.354697,-55179.793
1767709950.4560719,-55304.39
1767709950.5573802,-55318.082
1767709950.657988,-55273.562
1767709950.758487,-55277.844
1767709950.8587892,-55138.312
1767709950.9591832,-55150.547
1767709951.060572,-55269.387
1767709951.1610591,-55185.98
1767709951.261846,-55255.945
1767709951.362516,-55356.914
1767709951.463831,-55263.28
1767709951.564616,-55179.98
1767709951.665463,-55394.04
1767709951.766229,-55287.9,-55682.42
1767709951.96789,-55149.832
1767709952.068177,-55258.875
1767709952.168525,-55356.75,-55273.484
1767709952.269346,-55286.348
1767709952.370404,-55359.918
1767709952.471361,-55320.816
1767709952.5720162,-55254.797
1767709952.6726348,-55279.05
1767709952.773122,-55342.504
1767709952.8735292,-55350.742
1767709952.974516,-55320.312
1767709953.0763671,-55456.098
1767709953.1768692,-55241.1
1767709953.277916,-55342.668
1767709953.383921,-55273.99
1767709953.485582,-55376.863
1767709953.5873349,-55299.387
1767709953.6879182,-55396.51
1767709953.788411,-55339.418
1767709953.918061,-55461.527
1767709954.01865,-55212.535
1767709954.119959,-55330.406
1767709954.220567,-55241.4
1767709954.32112,-55321.902
1767709954.4220119,-55305.492
1767709954.522304,-55217.734
1767709954.623754,-55387.227
1767709954.724684,-55276.05
1767709954.824942,-55418.28
1767709954.9253702,-55377.547
1767709955.026691,-55442.98
1767709955.12714,-55271.27
1767709955.228468,-55313.727
1767709955.3328938,-55470.67
1767709955.4330912,-55236.145
1767709955.533466,-55257.36
1767709955.634505,-55251.832
1767709955.735876,-55359.15
1767709955.836821,-55395.55
1767709955.9373682,-55503.984
1767709956.0382788,-55236.29
1767709956.1392078,-55352.277
1767709956.240376,-55177.816
1767709956.340596,-55262.684
1767709956.441789,-55466.965
1767709956.542163,-55413.555
1767709956.6434538,-55361.887
1767709956.744282,-55482.355
1767709956.845422,-55410.062
1767709956.946065,-55513.855
1767709957.047232,-55365.113
1767709957.1483562,-55368.44
1767709957.249505,-55310.406
1767709957.35067,-55324.656
1767709957.451773,-55350.695
1767709957.552935,-55370.816
1767709957.6534421,-55428.215
1767709957.753765,-55513.227
1767709957.854593,-55474.59
1767709957.9558442,-55296.55
1767709958.057216,-55292.047
1767709958.157529,-55442.164
1767709958.258292,-55496.508
1767709958.358829,-54506.56
1767709958.4593668,-56246.066
1767709958.559807,-55582.24
1767709958.660099,-53828.84
1767709958.760491,-54423.1
1767709958.8622131,-54578.39
1767709958.9883368,-54735.06,-54892.04
1767709959.089492,-54464.82
1767709959.190827,-56101.906
1767709959.291714,-55470.35
1767709959.391959,-54134.516
1767709959.492977,-53438.902
1767709959.5935419,-53297.52
1767709959.69485,-52582.137
1767709959.795894,-52537.59
1767709959.896266,-51995.516
1767709959.996806,-52873.34
1767709960.097354,-51482.406
1767709960.1978528,-51539.34
1767709960.298142,-49064.664
1767709960.398484,-48679.6
1767709960.4996438,-48419.473
1767709960.6010501,-46881.348
1767709960.702452,-46770.723
1767709960.803325,-45745.965
1767709960.904653,-44664.28
1767709961.005855,-44544.926
1767709961.10708,-44330.625
1767709961.208317,-44874.668
1767709961.308744,-44562.96
1767709961.409766,-45223.387
1767709961.509994,-44932.543
1767709961.610462,-43283.785
1767709961.7117782,-42596.094
1767709961.813021,-43689.25
1767709961.9132988,-43716.88
1767709962.0136058,-45122.4
1767709962.1138408,-45057.03
1767709962.214263,-44139.336
1767709962.314502,-43620.785
1767709962.415822,-42059.867
1767709962.516588,-40734.074
1767709962.617598,-38768.816
1767709962.7179189,-37628.19
1767709962.819158,-38148.457
1767709962.920317,-36726.91
1767709963.021517,-35937.402
1767709963.1228428,-37126.297
1767709963.2241468,-35975.13
1767709963.324458,-36618.562
1767709963.424769,-36959.402
1767709963.525842,-36397.598
1767709963.6270652,-35779.55
1767709963.7279449,-36009.41
1767709963.829211,-35322.05
1767709963.9304981,-33775.9
1767709964.0540018,-31998.564
1767709964.155326,-31045.93
1767709964.2566242,-31888.717
1767709964.357269,-31223.334
1767709964.4575229,-30378.676
1767709964.557945,-31235.164
1767709964.658189,-30502.893
1767709964.759444,-29523.352
1767709964.859615,-27405.99
1767709964.960086,-27561.922
1767709965.060479,-27232.146
1767709965.160946,-26720.463
1767709965.2618508,-26449.482
1767709965.363075,-25446.32
1767709965.464273,-28104.807
1767709965.565015,-28064.156
1767709965.665756,-27550.56
1767709965.766485,-28948.2
1767709965.8667572,-27680.883
1767709965.9669309,-25672.52
1767709966.0673769,-24647.055,-24417.959
1767709966.168596,-23601.252
1767709966.2699049,-22700.357
1767709966.47177,-22333.754,-21410.797
