timestamp,samples
1767711765.926103,1690.426
1767711766.075757,1013.4185,1684.4934
1767711766.175895,1052.1554
1767711766.2763,2127.7754
1767711766.376699,1167.9395
1767711766.4769979,1103.0845
1767711766.5779672,1044.9403
1767711766.678498,2160.079
1767711766.779397,992.8521
1767711766.880691,2276.5217
1767711766.9815948,994.85846
1767711767.0819578,1657.6167
1767711767.182684,1139.492
1767711767.284109,1742.3872
1767711767.385479,982.5751
1767711767.486783,1039.5696
1767711767.588035,855.11786
1767711767.6892989,944.8487
1767711767.790312,835.17334
1767711767.890511,1223.8794
1767711767.990705,909.5166
1767711768.0914361,1670.8314
1767711768.191929,852.2664
1767711768.2921422,878.18964
1767711768.393131,820.7899
1767711768.4935381,2047.8945
1767711768.594764,855.06836
1767711768.6963682,1669.0273
1767711768.797198,1107.4899
1767711768.897953,606.4847
1767711768.999201,744.65674
1767711769.1005921,1473.8942
1767711769.201982,802.17224
1767711769.303095,1734.8525
1767711769.404364,3250.9143
1767711769.5056121,6687.44
1767711769.606973,11430.647
1767711769.708304,16359.4
1767711769.809536,23775.576
1767711769.910778,25990.814
1767711770.011861,28119.945
1767711770.1128478,32653.84
1767711770.214296,36749.07
1767711770.3156428,44667.88
1767711770.416926,48627.76
1767711770.5183418,48639.242
1767711770.619881,48644.098
1767711770.721312,48614.348
1767711770.823861,48635.39
1767711770.924837,49200.977
1767711771.0262,48591.125
1767711771.12751,48177.348
1767711771.228844,48565.38
1767711771.329102,48569.598
1767711771.4303691,48556.344
1767711771.531691,48536.492
1767711771.633027,48506.64
1767711771.7339919,48489.684
1767711771.835325,48499.008
1767711771.936671,48493.344
1767711772.037931,48488.414
1767711772.139315,47986.605
1767711772.239965,48474.605
1767711772.341335,48335.195
1767711772.442441,48397.37
1767711772.543767,48423.86
1767711772.645045,48419.137
1767711772.7462568,48413.94
1767711772.846849,48413.35
1767711772.948302,49063.105
1767711773.0496058,48347.06
1767711773.150867,48388.535
1767711773.252218,48349.215
1767711773.353475,48299.7
1767711773.454101,48338.348
1767711773.555458,48378.305
1767711773.656779,48353.594
1767711773.758021,48318.723
1767711773.8593652,48273.875
1767711773.960659,48277.28
1767711774.062022,48276.797,47736.508
1767711774.163766,48246.24
1767711774.265048,48199.816
1767711774.3664482,48226.285
1767711774.4672582,48198.047
1767711774.5685928,48227.535
1767711774.669933,48154.508
1767711774.771071,48190.67
1767711774.8724768,48184.785
1767711774.9729228,48144.234
1767711775.074306,47958.203
1767711775.1756349,48146.234
1767711775.276854,48697.03
1767711775.378068,48136.844
1767711775.4793081,48082.066
1767711775.5806909,48079.344
1767711775.682066,48054.992
1767711775.7834811,48062.586
1767711775.883946,48733.78
1767711776.007539,48057.684
1767711776.10889,47992.285
1767711776.210271,48013.36
1767711776.31162,48582.59
1767711776.41302,48016.875
1767711776.514441,47962.81
1767711776.615808,47987.254
1767711776.716813,47949.1
1767711776.817569,47943.125
1767711776.918151,47915.914
1767711777.018843,47915.953
1767711777.1198761,47747.863
1767711777.221161,47908.652
1767711777.322525,47912.164
1767711777.423604,47859.15
1767711777.524918,47921.254
1767711777.626125,47880.04
1767711777.727366,47741.055
1767711777.828634,47829.93
1767711777.929966,47819.598
1767711778.030726,47806.637
1767711778.131652,47650.55
1767711778.2330408,47789.688
1767711778.334443,48225.2
1767711778.4357219,47775.285
1767711778.5370739,47750.574
1767711778.6382878,47734.758
1767711778.739286,47718.258
1767711778.840653,47733.918
1767711778.9420202,47683.316
1767711779.04336,47658.32
1767711779.144593,47644.867
1767711779.2458382,47705.383
1767711779.347122,47329.367
1767711779.4485161,47623.617
1767711779.549902,47614.63
1767711779.650343,47604.637
1767711779.751693,47619.664
1767711779.853028,47606.887
1767711779.954417,47639.37
1767711780.055739,47655.613
1767711780.156963,47948.17
1767711780.258118,47577.984
1767711780.3589041,47525.047
1767711780.459455,47544.715
1767711780.560807,47417.2
1767711780.66215,47517.992,47597.27
1767711780.762882,47530.566
1767711780.863486,47453.617
1767711780.9648461,47445.98
1767711781.090397,47263.543
1767711781.190838,47451.754
1767711781.3140092,47096.605
1767711781.415329,47396.406
1767711781.516754,47406.31
1767711781.6183722,47379.465
1767711781.719389,47377.92
1767711781.82063,47351.066
1767711781.921846,47395.426
1767711782.023177,47333.945
1767711782.124141,47344.582
1767711782.22469,47310.54
1767711782.325891,46964.094
1767711782.4272351,47345.168
1767711782.528268,47158.87
1767711782.629591,47218.207
1767711782.731006,47288.434
1767711782.832308,47263.113
1767711782.933663,47640.082
1767711783.0351732,47230.18
1767711783.136071,46933.355
1767711783.2373278,47205.89
1767711783.338642,47167.086
1767711783.440119,47171.613
1767711783.541486,47184.58
1767711783.6428359,47171.902
1767711783.744123,47113.715
1767711783.8454962,47083.105
1767711783.946965,47126.28
1767711784.0483809,47142.438
1767711784.1497788,47737.594
1767711784.251157,47080.574
1767711784.3524768,46911.074
1767711784.45372,47035.72
1767711784.554997,47015.867
1767711784.656354,47037.49
1767711784.757699,47063.12
1767711784.8590531,47028.84
1767711784.960377,46985.86
1767711785.061582,46946.277,46966.613
1767711785.162911,46933.414
1767711785.2642891,46564.82
1767711785.3656409,46915.844
1767711785.4666822,46880.02
1767711785.568091,46893.344
1767711785.669342,46844.363
1767711785.770606,46861.582
1767711785.871835,46920.57
1767711785.973133,46856.42
1767711786.09629,47436.613
1767711786.197657,46809.49
1767711786.298869,46499.88
1767711786.4002,46792.664
1767711786.501492,46586.07
1767711786.602577,46772.61
1767711786.703872,46778.49
1767711786.805224,46715.355
1767711786.906317,46746.984
1767711787.007712,46739.855
1767711787.1090188,46651.816
1767711787.210269,46720.03
1767711787.310855,46342.613
1767711787.411679,46633.582
1767711787.5132082,46612.87
1767711787.6145868,46667.82
1767711787.7154381,46693.266
1767711787.816536,46619.24
1767711787.9179032,46667.46
1767711788.019222,46595.63
1767711788.1204338,46592.754
1767711788.2217002,46613.93
1767711788.322923,46037.586
1767711788.424255,46536.79
1767711788.525593,46336.074
1767711788.6268978,46534.56
1767711788.727895,46483.215
1767711788.8291159,46486.99
1767711788.930401,46516.543
1767711789.03176,46471.195
1767711789.133149,45876.68
1767711789.234499,46465.17
1767711789.3348181,46408.695
1767711789.4361758,46439.28
1767711789.537434,46242.383
1767711789.6386912,46385.85
1767711789.7400599,46340.34
1767711789.841443,46363.17
1767711789.942493,46341.51
1767711790.0438058,46353.305
1767711790.145153,46914.434
1767711790.246558,46292.305
1767711790.347971,45937.4
1767711790.449357,46284.426
1767711790.550624,46247.07
1767711790.6514618,46258.06
1767711790.752841,46212.875
1767711790.8542259,46233.516
1767711790.955573,46263.348
1767711791.056886,46238.645
1767711791.159293,46227.367
1767711791.2836008,46188.64,45977.14
1767711791.384911,46154.887
1767711791.4863129,46488.844
1767711791.587672,46059.883
1767711791.688998,46148.406
1767711791.790345,46102.69
1767711791.8916721,46175.438
1767711791.992907,46171.34
1767711792.094229,46198.883
1767711792.195261,46011.08
1767711792.2965949,46017.406
1767711792.397829,46000.383
1767711792.499058,45733.547
1767711792.6003342,46000.664
1767711792.701803,45936.11
1767711792.80251,45995.93
1767711792.9039402,45974.883
1767711793.0052412,45872.5
1767711793.106456,45836.234
1767711793.2071621,45927.926
1767711793.308052,45702.4
1767711793.408423,45887.816
1767711793.5094469,45848.98
1767711793.610795,45850.496
1767711793.711618,45813.055
1767711793.812335,45821.207
1767711793.91379,45961.453
1767711794.014266,45805.85
1767711794.1151161,45782.195
1767711794.215915,45713.7
1767711794.31674,45546.582
1767711794.4178739,45770.113
1767711794.518909,45400.242
1767711794.619582,45698.094
1767711794.720105,45707.523
1767711794.820771,45677.035
1767711794.9211252,45770.402
1767711795.022031,45659.645
1767711795.122472,45340.97
1767711795.223398,45661.84
1767711795.3244128,45567.52
1767711795.42486,45620.715
1767711795.525249,45560.695
1767711795.626587,45591.79
1767711795.727686,45501.758
1767711795.828091,45530.71
1767711795.9284658,45493.953
1767711796.029126,45590.98
1767711796.1297998,45505.42
1767711796.2562718,45504.8
1767711796.357856,45364.902
1767711796.458896,45430.324
1767711796.55984,45437.04
1767711796.660149,45436.07
1767711796.760709,45355.73
1767711796.8614888,45402.938
1767711796.962788,45345.8,45347.805
1767711797.063244,45314.31
1767711797.1646662,45345.305
1767711797.265277,44927.145
1767711797.366595,45330.68
1767711797.467131,45292.527
1767711797.5679412,45326.95
1767711797.669002,45256.02
1767711797.7700522,45284.71
1767711797.870636,45225.363
1767711797.971046,45227.03
1767711798.0717068,45232.207
1767711798.1722162,45209.605
1767711798.272694,45143.676
1767711798.3738,45227.55
1767711798.4751801,45641.504
1767711798.576206,45152.67
1767711798.676438,45318.89
1767711798.777698,45121.457
1767711798.878089,45103.688
1767711798.979028,45104.07
1767711799.08051,45074.17
1767711799.1820009,45118.414
1767711799.282919,45182.76
1767711799.38365,45001.53
1767711799.484771,44958.35
1767711799.585314,45023.543
1767711799.685775,44938.32
1767711799.7864609,44985.355
1767711799.8868392,44650.707
1767711799.988065,44927.207
1767711800.088682,44932.645
1767711800.1890728,44890.527
1767711800.28952,45020.344
1767711800.389955,44897.465
1767711800.490766,45366.875
1767711800.591572,44853.38
1767711800.692011,44805.664
1767711800.792639,44854.84
1767711800.8936489,44795.85
1767711800.9940321,44807.848
1767711801.0944052,44730.28
1767711801.194863,44730.344
1767711801.317442,44729.066
1767711801.417772,44749.25
1767711801.518504,45362.484
1767711801.619179,44713.855
1767711801.71996,44461.625
1767711801.821219,44623.773
1767711801.922313,44655.035
1767711802.022683,44678.363
1767711802.123049,44673.75
1767711802.223556,44630.863
1767711802.324217,44721.625
1767711802.4255848,44573.86
1767711802.525928,44586.688
1767711802.6267781,44557.312
1767711802.72754,44359.168
1767711802.828021,44540.168
1767711802.928415,44516.332
1767711803.028897,44485.55
1767711803.129558,44482.73
1767711803.2309492,44484.37
1767711803.3312309,44910.703
1767711803.431628,44426.766
1767711803.5323799,44228.527
1767711803.633421,44379.758
1767711803.733815,44349.812
1767711803.834801,44383.758
1767711803.935773,44350.684
1767711804.036204,44369.367
1767711804.137207,44285.477
1767711804.238071,44318.05
1767711804.3388422,44301.863
1767711804.4395678,44284.86
1767711804.540246,44057.258
1767711804.6409411,44254.008
1767711804.741342,44014.54
1767711804.84176,44307.793
1767711804.942175,44195.695
1767711805.042597,44174.527
1767711805.143302,44194.195
1767711805.243773,44144.285
1767711805.3445451,44629.836
1767711805.445067,44110.637
1767711805.5464268,44102.387
1767711805.647039,44137.93
1767711805.748481,44045.355
1767711805.8498318,44081.23
1767711805.950597,44024.562
1767711806.051001,44047.367
1767711806.152222,44008.824
1767711806.253216,43955.69
1767711806.3785238,43916.418,43994.348
1767711806.4797492,43795.07
1767711806.580918,43935.25
1767711806.681537,43867.98
1767711806.782681,43906.945
1767711806.882932,43859.324
1767711806.9839969,43848.977
1767711807.0843709,43867.67
1767711807.184951,43854.99
1767711807.285936,43812.72
1767711807.386464,43791.57
1767711807.4876401,43641.76
1767711807.5878599,43769.137
1767711807.689003,43726.5
1767711807.789647,43732.21
1767711807.890889,43719.945
1767711807.99212,43734.938
1767711808.093478,43777.426
1767711808.193744,43685.562
1767711808.294077,43642.188
1767711808.394517,43626.07
1767711808.494931,43626.055
1767711808.5953002,43570.414
1767711808.696456,43565.65
1767711808.797394,43571.438
1767711808.897991,43545.426
1767711808.999268,43538.17
1767711809.100523,43528.547
1767711809.200935,43501.145
1767711809.301408,43489.46
1767711809.402098,43477.87
1767711809.502663,43439.54
1767711809.6030662,43448.2
1767711809.704371,43420.062
1767711809.8048089,43414.305
1767711809.905899,43388.184
1767711810.006293,43378.06
1767711810.107702,43335.684
1767711810.208343,43336.47
1767711810.309644,43318.21
1767711810.4103382,43309.727
1767711810.5113852,43303.625
1767711810.611698,43276.855
1767711810.71213,43244.613
1767711810.812653,43240.066
1767711810.913019,43205.984
1767711811.0136802,43189.535
1767711811.1143181,43192.69
1767711811.214845,43163.793
1767711811.31524,43242.83
1767711811.439774,43144.523
1767711811.540558,43128.42
1767711811.641493,43107.156
1767711811.741878,43092.133
1767711811.842678,43066.16
1767711811.944051,43041.23
1767711812.0451908,43033.23
1767711812.146008,43018.93
1767711812.2470138,43009.586
1767711812.3485708,42982.04
1767711812.449445,42961.062
1767711812.550688,42955.094
1767711812.651246,42946.324
1767711812.751592,42908.133
1767711812.852433,42909.23
1767711812.9530509,42876.72
1767711813.053366,42852.137
1767711813.1538408,42855.06
1767711813.2552068,42837.22
1767711813.3560362,42806.348
1767711813.456291,42814.35
1767711813.557363,42783.098
1767711813.657783,42754.227
1767711813.75828,42744.68
1767711813.858712,42729.78
1767711813.959042,42682.402
1767711814.059817,42709.555
1767711814.160337,42680.066
1767711814.260719,42665.28
1767711814.362068,42632.492,42615.36
1767711814.46302,42619.977
1767711814.664503,42595.047
1767711814.764849,42578.19,42565.977
1767711814.865427,42539.52
1767711814.966325,42512.977
1767711815.067063,42509.305
1767711815.274036,42494.957,42533.89
1767711815.374644,42471.855
1767711815.476498,42443.844
1767711815.589077,42414.785
1767711815.690194,42396.605
1767711815.7916968,42383.555
1767711815.892899,42342.793
1767711815.994169,42339.586
1767711816.094898,42314.78
1767711816.196008,42300.19
1767711816.3024168,42292.152
1767711816.40447,42272.695
1767711816.5357382,42250.22
1767711816.638561,42249.953
1767711816.739257,42216.152
1767711816.8409789,42207.22
1767711816.963059,42180.367,42158.164
1767711817.065695,42147.14
1767711817.166543,42140.605
1767711817.2678459,42081.453
1767711817.368876,42083.848
1767711817.4696681,42083.508
1767711817.570357,42056.203
1767711817.671695,42018.273
1767711817.772021,42039.285
1767711817.872372,41942.65
1767711817.974124,41986.36
1767711818.074503,41973.152
1767711818.175355,41937.945
1767711818.27612,41935.258
1767711818.376447,41911.223
1767711818.477814,41901.043
1767711818.578292,41885.473
1767711818.679063,41852.6
1767711818.7803059,41846.797
1767711818.8816159,41817.496
1767711818.982635,41796.34
1767711819.083256,41764.99
1767711819.184134,41776.023
1767711819.285393,41742.883
1767711819.385707,41726.438
1767711819.486754,41712.613
1767711819.587241,41697.254
1767711819.688548,41674.676
1767711819.7895381,41653.883
1767711819.889909,41625.88
1767711819.990241,41627.13
1767711820.090862,41610.438
1767711820.1911979,41587.68
1767711820.2915359,41552.234
1767711820.3928561,41542.656
1767711820.494279,41524.68
1767711820.5946949,41512.04
1767711820.694976,41500.64
1767711820.7956219,41464.598
1767711820.896485,41448.04
1767711820.9974241,41413.2
1767711821.098757,41408.008
1767711821.200114,41385.777
1767711821.300631,41371.77
1767711821.401218,41342.383
1767711821.50167,41331.56
1767711821.627678,41311.14
1767711821.728346,41288.965
1767711821.829744,41301.215
1767711821.930188,41258.93
1767711822.030775,41235.094
1767711822.13198,41232.043
1767711822.233294,41209.11
1767711822.333612,41189.73
1767711822.434237,41179.156
1767711822.534626,41161.23
1767711822.634999,41126.633
1767711822.735381,41117.758
1767711822.8359308,41102.258
1767711822.936332,41065.79
1767711823.0366411,41059.637
1767711823.137603,41039.434
1767711823.2379751,41011.72
1767711823.338995,40999.582
1767711823.4394429,40974.223
1767711823.540809,40956.465
1767711823.641186,40950.67
1767711823.7417731,40913.727
1767711823.84235,40876.152
1767711823.943718,40890.984
1767711824.044587,40853.56
1767711824.1449459,40831.15
1767711824.245334,40842.535
1767711824.345736,40785.453
1767711824.446024,40785.566
1767711824.5463948,40760.797
1767711824.64718,40739.72
1767711824.748564,40732.348
1767711824.849351,40712.754
1767711824.9501061,40678.484
1767711825.051043,40671.195
1767711825.151592,40633.98
1767711825.252291,40617.57
1767711825.3527381,40608.082
1767711825.453142,40598.938
1767711825.5541382,40555.72
1767711825.6546922,40554.418
1767711825.7550411,40521.41
1767711825.8557801,40506.617
1767711825.9570901,40501.152
1767711826.057715,40469.23
1767711826.1590312,40442.664
1767711826.259446,40444.62
1767711826.360787,40387.08
1767711826.461157,40387.77
1767711826.5622258,40381.215
1767711826.687249,40356.56,40323.523
1767711826.788374,40324.074
1767711826.88877,40274.992
1767711826.9900632,40262.008
1767711827.09061,40259.43
1767711827.1919549,40231.914
1767711827.293244,40259.344
1767711827.3936121,40200.566
1767711827.494209,40169.332
1767711827.59509,40139.508
1767711827.6955361,40147.906
1767711827.795906,40111.195
1767711827.896524,40096.523
1767711827.997616,40068.38
1767711828.09895,40040.87
1767711828.2,40034.105
1767711828.300371,40013.37
1767711828.400887,39987.07
1767711828.502302,39964.96
1767711828.602688,39955.57
1767711828.703674,39926.016
1767711828.805005,39908.156
1767711828.905333,39890.45
1767711829.006399,39866.36
1767711829.107626,39849.12
1767711829.2079418,39819.98
1767711829.308765,39773.914
1767711829.40919,39790.156
1767711829.5096068,39762.94
1767711829.610105,39735.92
1767711829.711275,39715.2
1767711829.811559,39691.547
1767711829.912456,39676.613
1767711830.01356,39663.496
1767711830.11471,39634.414
1767711830.216044,39604.574
1767711830.316532,39603.152
1767711830.416957,39571.47
1767711830.517714,39548.523
1767711830.619075,39545.273
1767711830.71965,39510.805
1767711830.820873,39496.0
1767711830.921153,39478.703
1767711831.022444,39444.293
1767711831.122941,39457.617
1767711831.223897,39420.703
1767711831.325223,39378.44
1767711831.425594,39368.03
1767711831.5267131,39358.016
1767711831.627577,39324.766
1767711831.752946,39306.133
1767711831.853576,39281.37
1767711831.954015,39249.83
1767711832.0551522,39253.473
1767711832.1581619,39212.418
1767711832.258538,39198.258
1767711832.35894,39190.605
1767711832.459219,39146.035
1767711832.55951,39129.78
1767711832.6599119,39132.227
1767711832.7605278,39084.895
1767711832.860888,39065.68
1767711832.9612532,39056.746
1767711833.061805,39028.7
1767711833.1621969,38989.902
1767711833.262572,38997.746
1767711833.362997,38953.562
1767711833.4634051,38930.137
1767711833.5645251,38922.027,38897.176
1767711833.6649349,38879.86
1767711833.766248,38868.6
1767711833.967052,38838.16
1767711834.067455,38805.18,38805.44
1767711834.1685681,38756.906
1767711834.269505,38751.16
1767711834.37087,38728.305
1767711834.4722428,38703.23
1767711834.573199,38697.26
1767711834.6735418,38668.562
1767711834.774512,38636.29
1767711834.874885,38622.27
1767711834.9752479,38596.723
1767711835.076223,38553.56
1767711835.177109,38565.8
1767711835.277507,38360.617
1767711835.378043,38501.91
1767711835.478752,38495.492
1767711835.580179,38475.95
1767711835.680659,38443.0
1767711835.7812622,38435.375
1767711835.882614,38392.457
1767711835.983642,38375.06
1767711836.084042,38365.152
1767711836.184654,38333.336
1767711836.285161,38305.027
1767711836.385559,38299.96
1767711836.486858,38277.07
1767711836.587201,38253.223
1767711836.687493,38228.184
1767711836.812775,38203.707
1767711836.913943,38174.11
1767711837.014457,38176.207
1767711837.114954,38130.625
1767711837.2155452,38108.03
1767711837.3161879,38106.137
1767711837.4169018,38056.324
1767711837.517511,38046.82
1767711837.6186829,38028.0
1767711837.719657,37988.44
1767711837.819993,37993.047
1767711837.9204211,37965.945
1767711838.021104,37932.402
1767711838.122257,37915.223
1767711838.22287,37885.625
1767711838.323435,37850.836
1767711838.423962,37848.164
1767711838.5244732,37819.78
1767711838.625046,37787.42
1767711838.7253828,37771.434
1767711838.8266828,37753.105
1767711838.927027,37719.305
1767711839.028342,37712.395
1767711839.1291661,37680.477
1767711839.2300742,37650.027
1767711839.3314729,37623.4
1767711839.432829,37617.86
1767711839.533211,37590.03
1767711839.633914,37570.965
1767711839.734735,37546.082
1767711839.835565,37526.453
1767711839.936055,37508.316
1767711840.0374348,37475.47
1767711840.138263,37458.258
1767711840.238713,37445.49
1767711840.340044,37405.74
1767711840.440711,37383.17
1767711840.5413172,37372.777
1767711840.6426399,37337.207
1767711840.743989,37322.43
1767711840.84463,37303.63
1767711840.94502,37276.918
1767711841.0456462,37248.46
1767711841.146945,37224.11
1767711841.247381,37197.953
1767711841.3484778,37172.492
1767711841.449643,37153.92
1767711841.5502248,37136.688
1767711841.651527,37112.656
1767711841.7528372,37030.906
1767711841.879657,37063.387,37049.32
1767711841.980027,37021.723
1767711842.0813031,36983.977
1767711842.181677,36919.836
1767711842.282447,36927.945
1767711842.38303,36926.86
1767711842.483389,36891.312
1767711842.58448,36868.68
1767711842.684761,36833.832
1767711842.7859452,36840.188
1767711842.8864279,36789.45
1767711842.987747,36773.066
1767711843.089045,36759.742
1767711843.189367,36734.164
1767711843.2896829,36702.062
1767711843.390125,36700.562
1767711843.491188,36656.29
1767711843.591517,36641.113
1767711843.691791,36632.547
1767711843.793074,36581.445
1767711843.893763,36567.04
1767711843.994325,36553.273
1767711844.0950668,36511.496
1767711844.19586,36498.57
1767711844.2963781,36649.938
1767711844.3977768,36441.855
1767711844.4991329,36430.57
1767711844.600217,36396.63
1767711844.701511,36362.95
1767711844.8018591,36361.348
1767711844.902261,36315.926
1767711845.002861,36282.41
1767711845.103325,36278.36
1767711845.2036228,36239.574
1767711845.304034,36222.81
1767711845.4045818,36218.992
1767711845.505451,36172.914
1767711845.606014,36154.742
1767711845.707166,36142.348
1767711845.808501,36106.973
1767711845.909276,36093.48
1767711846.009661,36072.99
1767711846.1100721,36025.84
1767711846.211231,36002.016
1767711846.311921,36002.984
1767711846.412407,35957.652
1767711846.513812,35917.348
1767711846.614506,35928.855
1767711846.7150102,35888.85
1767711846.8162088,35862.375
1767711846.942085,35832.098
1767711847.042381,35842.12
1767711847.1426198,35779.32
1767711847.243389,35763.918
1767711847.343724,35812.336
1767711847.445077,35726.13
1767711847.545673,35693.508
1767711847.646111,35678.836
1767711847.7469351,35648.047
1767711847.848236,35616.887
1767711847.9486148,35580.887
1767711848.049181,35556.6
1767711848.150357,35524.094
1767711848.250698,35446.016
1767711848.351223,35496.332
1767711848.4514382,35454.055
1767711848.5521731,35429.836
1767711848.653179,35427.883
1767711848.754037,35396.742
1767711848.85481,35347.203
1767711848.9555998,35342.74
1767711849.05653,35318.055
1767711849.157001,35291.06
1767711849.258232,35268.715
1767711849.359547,35239.12
1767711849.460906,35212.887
1767711849.5620852,35195.027
1767711849.662577,35157.86
1767711849.763538,35131.066,35130.52
1767711849.8640158,35087.844
1767711849.965489,35068.184
1767711850.066419,35050.69
1767711850.167712,35002.17
1767711850.2681541,34982.754
1767711850.3685849,34969.344
1767711850.468864,34924.223
1767711850.569226,34911.953
1767711850.670573,34884.45
1767711850.7719371,34850.74
1767711850.872833,34838.133
1767711850.974114,34806.145
1767711851.0754292,34778.99
1767711851.176482,34708.85
1767711851.277421,34705.95
1767711851.3779168,34703.777
1767711851.47837,34663.7
1767711851.578837,34635.58
1767711851.67965,34619.78
1767711851.780947,34628.637
1767711851.881572,34570.363
1767711852.0068429,34544.215
1767711852.107591,34522.445
1767711852.207956,34497.027
1767711852.3086562,34460.645
1767711852.409944,34456.36
1767711852.510356,34409.246
1767711852.61077,34388.918
1767711852.711283,34368.715
1767711852.811718,34329.883
1767711852.912745,34298.31
1767711853.0139022,34289.05
1767711853.114293,34258.48
1767711853.214704,34244.715
1767711853.315256,34183.81
1767711853.415843,34159.574
1767711853.5169852,34150.902
1767711853.617503,34135.793
1767711853.7189188,34094.98
1767711853.819514,34090.156
1767711853.919807,34038.94
1767711854.020173,34009.99
1767711854.1208189,34008.945
1767711854.221704,34070.246
1767711854.3220391,33912.535
1767711854.4233751,33927.277
1767711854.524698,33878.855
1767711854.625185,33852.2
1767711854.725858,33845.16
1767711854.826487,33815.727
1767711854.927613,33764.152
1767711855.02837,33776.043
1767711855.128979,33731.848
1767711855.230384,33696.457
1767711855.3317702,33689.156
1767711855.4323552,33647.14
1767711855.5332742,33609.11
1767711855.633698,33619.676
1767711855.7341912,33559.418
1767711855.8345249,33546.53
1767711855.9350772,33522.406
1767711856.036342,33474.06
1767711856.1367738,33460.793
1767711856.237267,33425.8
1767711856.337916,33409.79
1767711856.439286,33358.836
1767711856.540642,33358.16
1767711856.6410089,33330.207
1767711856.74144,33305.66
1767711856.842079,33258.594
1767711856.943468,33249.344
1767711857.06951,33205.387
1767711857.169906,33189.008
1767711857.2702332,33152.305,33134.07
1767711857.370989,33115.22
1767711857.472403,33076.113
1767711857.572834,33043.83
1767711857.6738088,33031.992
1767711857.774179,33001.582
1767711857.8750489,32959.613
1767711857.976035,32930.03
1767711858.0773618,32904.613
1767711858.17835,32885.496
1767711858.279028,32867.57
1767711858.380259,32816.242
1767711858.48065,32793.496
1767711858.582043,32774.312
1767711858.683478,32755.514
1767711858.784728,32815.008
1767711858.885411,32691.398
1767711858.9862442,32660.398
1767711859.0870059,32639.182
1767711859.188234,32618.316
1767711859.288594,32581.482
1767711859.388942,32553.748
1767711859.489411,32534.572
1767711859.589828,32487.246
1767711859.690419,32466.934
1767711859.790764,32440.412
1767711859.892087,32405.564
1767711859.992548,32384.287
1767711860.0938702,32372.988
1767711860.194705,31933.227
1767711860.2951858,32313.357
1767711860.396554,32256.291
1767711860.497886,32262.775
1767711860.598248,32214.932
1767711860.6996129,32175.893
1767711860.80037,32145.945
1767711860.9007318,32134.955
1767711861.002143,32100.604
1767711861.1025338,32059.955
1767711861.203579,32040.297
1767711861.303995,32009.236
1767711861.404564,31984.346
1767711861.505007,31971.404
1767711861.605637,31937.852
1767711861.706621,31915.879
1767711861.807464,31892.043
1767711861.908512,31840.865
1767711862.0096262,31808.74
1767711862.134491,31791.037
1767711862.2356951,31762.604
1767711862.336125,31731.268
1767711862.437351,31716.457
1767711862.5378618,31681.096
1767711862.63845,31639.797
1767711862.738663,31632.91
1767711862.839958,31576.38
1767711862.940785,31552.148
1767711863.042148,31539.998
1767711863.142642,31495.291
1767711863.242959,31474.299
1767711863.34322,31461.129
1767711863.443512,31406.8
1767711863.54384,31394.49
1767711863.644589,31399.523
1767711863.745019,31319.875
1767711863.84559,31318.283
1767711863.946024,31276.502
1767711864.046313,31240.656
1767711864.146653,31243.121
1767711864.2469802,31187.258
1767711864.3474529,31155.682
1767711864.4489129,31122.791
1767711864.549519,31094.37
1767711864.6508539,31061.107
1767711864.751138,31062.15
1767711864.8517702,31015.832
1767711864.952775,30986.984
1767711865.054145,30968.496
1767711865.155474,30923.545
1767711865.255821,30883.508
1767711865.356616,30887.352
1767711865.45698,30840.113
1767711865.5577102,30806.36
1767711865.65806,30783.627
1767711865.759392,30749.254
1767711865.859724,30712.578
1767711865.961013,30700.295
1767711866.0623412,30645.205
1767711866.163242,30633.32
1767711866.264204,30518.615,30582.55
1767711866.4654982,30542.777
1767711866.566167,30513.89
1767711866.6674361,30472.01
1767711866.768725,30468.129
1767711866.869195,30410.994,30394.766
1767711866.970552,30374.996
1767711867.071499,30332.434
1767711867.195604,30297.041
1767711867.295964,30277.754
1767711867.3969228,30253.074
1767711867.4983191,30221.283
1767711867.598668,30183.357
1767711867.699349,30150.549
1767711867.799854,30117.322
1767711867.9009862,30121.186
1767711868.001371,30057.596
1767711868.1020539,30024.748
1767711868.202892,30008.725
1767711868.304229,29972.842
1767711868.404584,29964.018
1767711868.504969,29917.723
1767711868.606036,29879.096
1767711868.707387,29850.088
1767711868.808734,29837.576
1767711868.9095738,29784.277
1767711869.0106869,29767.207
1767711869.111427,29747.938
1767711869.211809,29668.195
1767711869.313235,29677.428
1767711869.413632,29654.164
1767711869.5140648,29605.658
1767711869.61487,29596.078
1767711869.7153668,29540.39
1767711869.8168771,29517.477
1767711869.917292,29509.068
1767711870.018475,29448.926
1767711870.118939,29427.988
1767711870.219379,29403.62
1767711870.320142,29359.73
1767711870.4211142,29335.904
1767711870.522434,29321.318
1767711870.623667,29279.24
1767711870.724849,29241.812
1767711870.826137,29216.1
1767711870.926702,29182.38
1767711871.0274088,29174.326
1767711871.12831,29131.822
1767711871.229546,29079.037
1767711871.330781,29058.326
1767711871.4314282,29039.467
1767711871.5321212,29016.965
1767711871.633468,28953.582
1767711871.73439,28953.033
1767711871.8354518,28917.11
1767711871.936049,28871.002
1767711872.037183,28860.848
1767711872.1379142,28816.361
1767711872.261968,28666.553
1767711872.363413,28765.129
1767711872.4642172,28709.352
1767711872.565587,28674.344
1767711872.666921,28668.885
1767711872.767529,28624.67
1767711872.868198,28611.275
1767711872.968711,28570.11
1767711873.06975,28536.688,28512.549
1767711873.270575,28468.252
1767711873.371058,28438.627,28312.428
1767711873.4720168,28390.244
1767711873.57338,28342.99
1767711873.673735,28333.46
1767711873.7751071,28284.32
1767711873.875912,28252.59
1767711873.976467,28221.506
1767711874.077184,28172.514
1767711874.178282,28159.033
1767711874.278782,28139.904
1767711874.380171,28102.713
1767711874.481538,28070.89
1767711874.583124,28049.854
1767711874.683438,27981.654
1767711874.784607,27967.613
1767711874.885443,27922.506
1767711874.985943,27898.24
1767711875.0863419,27878.053
1767711875.1866298,27759.059
1767711875.287064,27798.867
1767711875.3874922,27776.96
1767711875.488841,27756.059
1767711875.589159,27688.672
1767711875.6905038,27671.344
1767711875.7918432,27629.488
1767711875.892291,27630.975
1767711875.9934258,27589.033
1767711876.093803,27564.879
1767711876.194746,27526.62
1767711876.295042,27511.809
1767711876.395455,27475.658
1767711876.4968781,27442.055
1767711876.5982342,27411.293
1767711876.6989062,27357.34
1767711876.799243,27311.523
1767711876.900665,27312.43
1767711877.001487,27259.732
1767711877.102259,27245.09
1767711877.203619,27200.227
1767711877.329699,27180.965
1767711877.430285,27138.912
1767711877.5316648,27095.537
1767711877.6329741,27073.557
1767711877.733925,27030.479
1767711877.83494,27034.281
1767711877.93605,26983.887
1767711878.036605,26933.941
1767711878.1375701,26922.117
1767711878.237859,26704.799
1767711878.338288,26857.152
1767711878.439399,26839.723
1767711878.539745,26772.293
1767711878.640197,26737.84
1767711878.7405498,26707.504
1767711878.840949,26679.871
1767711878.941377,26652.734
1767711879.041746,26628.523
1767711879.143094,26572.582
1767711879.244438,26552.969
1767711879.3449678,26530.395
1767711879.445569,26485.168
1767711879.5468469,26466.186
1767711879.647755,26433.008
1767711879.748669,26384.027
1767711879.849005,26362.965
1767711879.950206,26327.918
1767711880.0512059,26295.006
1767711880.1516511,26281.654
1767711880.252874,26225.71
1767711880.353204,26177.395
1767711880.453536,26153.64
1767711880.554891,26133.072
1767711880.6552262,26073.91
1767711880.756046,26069.848
1767711880.8566122,26036.81
1767711880.957401,25962.537
1767711881.057638,25964.205
1767711881.1579819,25909.781
1767711881.2593129,25966.844
1767711881.360636,25845.621
1767711881.460991,25836.475
1767711881.562318,25796.785
1767711881.662792,25781.54
1767711881.76415,25731.531
1767711881.870435,25671.117
1767711881.971463,25660.002,25627.596
1767711882.0723982,25600.754
1767711882.1730912,25572.525
1767711882.273592,25531.404
1767711882.396887,25492.477
1767711882.50633,25481.164
1767711882.606646,25417.191
1767711882.707297,25397.26
1767711882.8079622,25360.084
1767711882.908882,25315.459
1767711883.009653,24916.361
1767711883.1110241,25256.008
1767711883.212276,25221.906
1767711883.312654,25201.107
1767711883.4131808,25173.094
1767711883.514452,25113.898
1767711883.6157598,25087.414
1767711883.7162619,25060.64
1767711883.817009,25027.572
1767711883.917355,24995.018
1767711884.018749,24946.104
1767711884.1192188,24921.318
1767711884.219869,25034.656
1767711884.3208032,24863.982
1767711884.421373,24796.977
1767711884.522736,24797.098
1767711884.623942,24751.193
1767711884.724721,24729.719
1767711884.8251362,24696.496
1767711884.92548,24655.709
1767711885.026475,24617.027
1767711885.1277592,24601.389
1767711885.23015,24537.72
1767711885.331538,24500.014
1767711885.432884,24466.805
1767711885.533234,24448.545
1767711885.634502,24404.61
1767711885.734912,24391.402
1767711885.835349,24343.56
1767711885.935819,24320.693
1767711886.036182,24249.627
1767711886.1365829,24249.982
1767711886.237102,24227.404
1767711886.337916,24173.855
1767711886.4392939,24132.129
1767711886.53967,24113.043
1767711886.64038,24112.146
1767711886.74135,24019.498
1767711886.8426728,23997.18
1767711886.9438798,23967.502
1767711887.0446239,23917.83
1767711887.14495,23924.27
1767711887.24628,23900.021
1767711887.3465989,23809.875
1767711887.4708512,23807.379,23757.1
1767711887.571262,23708.984
1767711887.7725718,23706.63,23544.38
1767711887.873906,23618.924
1767711887.974278,23589.43
1767711888.074719,23532.086
1767711888.2755892,23515.293,23473.707
1767711888.3762329,23426.99
1767711888.476574,23416.32
1767711888.576876,23378.865
1767711888.677652,23345.111
1767711888.778062,23314.062
1767711888.8785229,23271.502
1767711888.9787788,22869.242
1767711889.0791051,23211.082
1767711889.180328,23147.615
1767711889.280639,23089.648
1767711889.3814342,23090.502
1767711889.4822972,23065.678
1767711889.582658,22996.81
1767711889.683692,22997.164
1767711889.784281,22958.969
1767711889.8847392,22898.111
1767711889.986034,22883.967
1767711890.087436,22851.998
1767711890.1881258,22788.928
1767711890.289519,22790.016
1767711890.389885,22741.51
1767711890.490434,22706.625
1767711890.591754,22702.84
1767711890.693082,22639.152
1767711890.7943811,22571.92
1767711890.894956,22576.074
1767711890.995459,22535.6
1767711891.096692,22515.135
1767711891.1972978,22482.104
1767711891.297868,22448.379
1767711891.398605,22367.604
1767711891.499549,22350.086
1767711891.601511,22322.705
1767711891.702664,22277.809
1767711891.8032472,22245.979
1767711891.9039192,22226.504
1767711892.004423,22076.727
1767711892.1056828,22170.145
1767711892.206998,22111.719
1767711892.307976,22078.168
1767711892.408621,22018.158
1767711892.5365891,21992.361
1767711892.637123,21873.857
1767711892.7384288,21926.98
1767711892.840044,21909.53
1767711892.940777,21871.52
1767711893.041597,21832.236
1767711893.1431491,21785.506
1767711893.24371,21663.025
1767711893.3450189,21727.162
1767711893.449012,21692.766
1767711893.550247,21659.377
1767711893.651308,21615.371
1767711893.752612,21560.523
1767711893.854005,21196.566
1767711893.955652,21478.57
1767711894.0612009,21456.395
1767711894.161611,21461.887
1767711894.262126,21409.225
1767711894.363841,21339.096
1767711894.464975,21327.586
1767711894.566098,21267.52
1767711894.667169,21261.793
1767711894.76746,21239.162
1767711894.867699,21180.354,21125.629
1767711894.9679492,21028.83
1767711895.068914,21061.064
1767711895.169649,21044.996
1767711895.2702038,20988.047
1767711895.471186,20966.309,20912.91
1767711895.571451,20764.611
1767711895.671956,20872.592
1767711895.77273,20837.568
1767711895.872967,20753.604
1767711895.974305,20725.264
1767711896.074677,20701.799
1767711896.175152,20686.969
1767711896.276272,20619.057
1767711896.3775349,20608.69
1767711896.478275,20553.072
1767711896.5795982,20500.844
1767711896.6799638,20509.72
1767711896.780758,20364.715
1767711896.881048,20400.83
1767711896.982281,20409.836
1767711897.082541,20355.592
1767711897.182801,20304.604
1767711897.2831948,20273.324
1767711897.384009,20149.557
1767711897.484473,20195.258
1767711897.608759,20178.29
1767711897.7095501,20123.03
1767711897.810922,20094.723
1767711897.9116,20063.246
1767711898.012063,20027.166
1767711898.112351,19956.27
1767711898.2134242,19969.57
1767711898.314699,19899.469
1767711898.4156952,19852.412
1767711898.516125,19824.844
1767711898.616384,19636.006
1767711898.7170079,19774.424
1767711898.817419,19729.215
1767711898.918485,19684.088
1767711899.0191622,19671.137
1767711899.120478,19619.477
1767711899.221783,19602.064
1767711899.3223429,19514.129
1767711899.4227169,19503.87
1767711899.523252,19462.207
1767711899.625794,19453.012
1767711899.727243,19391.957
1767711899.8340118,19385.732
1767711899.935245,19326.13
1767711900.036573,19286.193
1767711900.137964,19257.037
1767711900.238515,19207.871
1767711900.33876,19161.756
1767711900.439032,19091.15
1767711900.54028,19094.152
1767711900.64161,19058.63
1767711900.742953,19022.076
1767711900.843953,19007.867
1767711900.944277,18936.625
1767711901.0455391,19176.451
1767711901.145984,18855.35
1767711901.247243,18830.834
1767711901.348414,18812.45
1767711901.449667,18769.402
1767711901.550719,18743.406
1767711901.65131,18797.89
1767711901.7522151,18657.945
1767711901.8528872,18605.074
1767711901.953977,18585.645
1767711902.054225,18527.527
1767711902.154604,18480.348
1767711902.254905,18509.482
1767711902.3551931,18430.156
1767711902.456512,18395.025
1767711902.5574908,18352.807
1767711902.683132,18338.2,18262.395
1767711902.784479,18199.102
1767711902.8856032,18220.365
1767711902.986395,18163.832
1767711903.086715,18125.492
1767711903.1872818,18095.166
1767711903.287725,18045.904
1767711903.3884501,18093.643
1767711903.48977,17983.162
1767711903.591104,17917.102
1767711903.6917708,17922.46
1767711903.792989,17879.672
1767711903.8934069,17834.959
1767711903.994381,17741.232
1767711904.095039,17733.488
1767711904.195612,17718.688
1767711904.2960918,17683.725
1767711904.397181,17615.746
1767711904.4974961,17611.979
1767711904.598872,17490.049
1767711904.6992362,17524.9
1767711904.799708,17492.5
1767711904.901124,17454.701
1767711905.0014489,17395.111
1767711905.102571,17390.963
1767711905.2031271,17369.705
1767711905.303498,17298.82
1767711905.40374,17278.686
1767711905.50424,17205.834
1767711905.604671,17184.135
1767711905.705024,17163.137
1767711905.805579,17224.697
1767711905.906237,17067.994
1767711906.0069718,17066.441
1767711906.1073868,16990.57
1767711906.208621,16946.33
1767711906.309708,16917.518
1767711906.4100218,16810.36
1767711906.5110972,16865.766
1767711906.6115031,16836.875
1767711906.712002,16752.668
1767711906.812639,16708.762
1767711906.9129941,16735.893
1767711907.013922,16962.05
1767711907.115356,16599.955
1767711907.2161338,16614.395
1767711907.316698,16551.92
1767711907.417093,16514.535
1767711907.518492,16506.14
1767711907.619533,16447.19
1767711907.744155,16420.68
1767711907.844739,16390.75
1767711907.945229,16314.589
1767711908.045982,16309.055
1767711908.147399,16233.679
1767711908.248394,16213.461
1767711908.349805,16204.309
1767711908.4510798,16149.836
1767711908.551597,16045.353
1767711908.652271,16045.725
1767711908.752641,16037.751
1767711908.853057,15829.578
1767711908.953583,15968.555
1767711909.05393,15906.84
1767711909.154608,15870.384
1767711909.255662,15833.575
1767711909.356425,15819.083
1767711909.456791,15824.481
1767711909.557506,15754.355
1767711909.65784,15679.095
1767711909.758346,15611.609
1767711909.858658,15586.502
1767711909.9591749,15558.103
1767711910.0605319,15574.404
1767711910.1618738,15495.072
1767711910.262458,15447.511
1767711910.362848,15400.134
1767711910.463253,15384.665
1767711910.563839,15315.096
1767711910.665231,15357.54,15247.322
1767711910.765887,15216.423
1767711910.967713,15201.405
1767711911.0682392,15166.402
1767711911.169347,15102.594,15118.925
1767711911.370323,15050.487,14995.261
1767711911.4710321,14960.061
1767711911.5714948,14924.382
1767711911.671882,14871.764
1767711911.873303,14801.184,14798.127
1767711911.973562,14751.627
1767711912.073867,14755.175
1767711912.174273,14672.68
1767711912.2749922,14634.96
1767711912.375703,14607.549
1767711912.476083,14562.68
1767711912.577448,14536.514
1767711912.6777449,14474.861
1767711912.802763,14417.875
1767711912.903332,14377.821
1767711913.003714,14410.84
1767711913.104189,14337.538
1767711913.2055612,14296.092
1767711913.306943,14291.386
1767711913.408309,14212.812
1767711913.50882,14171.136
1767711913.6095722,14225.766
1767711913.7101052,14080.535
1767711913.811116,14078.279
1767711913.911486,14057.904
1767711914.011947,13983.879
1767711914.113312,13953.106
1767711914.2138062,13861.786
1767711914.31428,13898.958
1767711914.414867,13831.227
1767711914.515946,13803.133
1767711914.616338,13722.12
1767711914.7166998,13730.401
1767711914.817077,13743.039
1767711914.917928,13655.219
1767711915.019258,13614.987
1767711915.119601,13557.948
1767711915.221257,13542.724
1767711915.3225868,13471.779
1767711915.4228868,13450.084
1767711915.523807,13410.342
1767711915.6245382,13338.06
1767711915.724975,13357.09
1767711915.826043,13309.348
1767711915.926618,13270.742
1767711916.027835,13174.416
1767711916.128295,13170.175
1767711916.228637,13172.015
1767711916.329078,13085.233
1767711916.4294982,13050.91
1767711916.530779,13022.246
1767711916.631417,13018.588
1767711916.732033,12956.244
1767711916.8333921,12902.279
1767711916.933861,12889.417
1767711917.034614,12816.861
1767711917.1350021,12794.901
1767711917.235451,12772.19
1767711917.335917,12687.763
1767711917.43694,12679.117
1767711917.5373309,12621.06
1767711917.637642,12594.534
1767711917.737966,12551.62
1767711917.839849,12535.626
1767711917.9656398,12483.216
1767711918.0669749,12457.1875
1767711918.167722,12397.445
1767711918.2680771,12368.0
1767711918.368595,12341.514
1767711918.4693298,12367.067
1767711918.570179,12239.897
1767711918.670872,12212.739
1767711918.7718139,12135.939
1767711918.873166,12149.487,12094.337
1767711918.9745212,12097.229
1767711919.07585,12003.108
1767711919.176161,11980.981
1767711919.276535,11955.809
1767711919.377284,11909.666
1767711919.477621,11856.834
1767711919.5781171,11831.531
1767711919.6791239,11822.821
1767711919.7795641,11760.188
1767711919.880929,11713.089
1767711919.9822621,11689.524
1767711920.083519,11585.17
1767711920.18385,11575.365
1767711920.285304,11554.351
1767711920.386058,11520.391
1767711920.4873521,11496.163
1767711920.587994,11445.094
1767711920.688556,11371.147
1767711920.789859,11379.557
1767711920.890219,11224.795
1767711920.9915679,11242.042
1767711921.0923882,11264.315
1767711921.192832,11198.631
1767711921.293374,11175.101
1767711921.393616,11095.878
1767711921.4940548,11084.6455
1767711921.5944488,11051.7705
1767711921.694863,11012.382
1767711921.7952058,10939.475
1767711921.895676,10915.717
1767711921.9969459,10881.724
1767711922.09839,10865.893
1767711922.199703,10816.723
1767711922.300936,10797.173
1767711922.401846,10716.143
1767711922.502246,10678.7295
1767711922.603584,10649.951
1767711922.704169,10585.1875
1767711922.805425,10551.648
1767711922.9321191,10527.408
1767711923.0334709,10501.5205
1767711923.134799,10430.562
1767711923.235052,10417.369
1767711923.335905,10335.055
1767711923.4366632,10333.975
1767711923.5370681,10304.811
1767711923.6374981,10253.916
1767711923.737887,10230.864
1767711923.838358,10185.608
1767711923.939123,10111.993
1767711924.039506,10097.421
1767711924.139793,10038.445
1767711924.2406871,9987.413
1767711924.3420138,9959.753
1767711924.442498,9965.977
1767711924.5428212,9882.104
1767711924.643491,9894.986
1767711924.74463,9802.248
1767711924.846058,9781.89
1767711924.9464278,9685.065
1767711925.047672,9683.945
1767711925.147978,9640.736
1767711925.249133,9660.062
1767711925.3495831,9575.162
1767711925.450461,9551.223
1767711925.5507782,9524.278
1767711925.6513731,9499.899
1767711925.75173,9370.17
1767711925.8522189,9404.59
1767711925.952524,9367.717
1767711926.0529332,9326.264
1767711926.153277,9315.428
1767711926.253686,9216.426
1767711926.354041,9186.799
1767711926.454516,9175.454
1767711926.555365,9096.89
1767711926.656657,9082.3955
1767711926.757965,9083.225
1767711926.85851,9018.387
1767711926.9598331,8918.044
1767711927.060149,8918.523
1767711927.160702,8806.694
1767711927.261334,8827.808
1767711927.361703,8824.283
1767711927.462014,8833.514
1767711927.563392,8745.717
1767711927.6648571,8718.696
1767711927.765281,8673.313
1767711927.866632,8648.185
1767711927.968544,8577.908,8570.471
1767711928.0948548,8487.306
1767711928.195161,8486.738
1767711928.2957819,8471.106
1767711928.397026,8387.658
1767711928.498466,8374.149
1767711928.5997922,8325.659
1767711928.7003179,8301.573
1767711928.800738,8215.783
1767711928.9014459,8152.6665
1767711929.002469,8073.18
1767711929.103513,8103.101
1767711929.204095,8058.0127
1767711929.304495,8033.0825
1767711929.40484,7995.4194
1767711929.505646,7871.327
1767711929.607,7877.898
1767711929.7083871,7905.415
1767711929.808797,7828.0015
1767711929.909178,7813.258
1767711930.0105119,7763.327
1767711930.111288,7662.281
1767711930.212652,7695.628
1767711930.313065,7623.86
1767711930.4133859,7585.9585
1767711930.513879,7554.895
1767711930.614808,7544.8657
1767711930.715327,7499.9214
1767711930.816114,7467.3813
1767711930.917465,7386.1787
1767711931.0183501,7370.891
1767711931.1188722,7340.64
1767711931.219459,7271.0386
1767711931.319836,7231.5083
1767711931.420164,7205.721
1767711931.520682,7122.946
1767711931.6210408,7144.8877
1767711931.721577,7081.0483
1767711931.8222132,7043.229
1767711931.923388,6991.6143
1767711932.024043,6961.844
1767711932.12464,6942.312
1767711932.225707,6905.959
1767711932.326622,6851.499
1767711932.426929,6821.0
1767711932.527245,6810.6875
1767711932.627908,6755.413
1767711932.728508,6701.5884
1767711932.828949,6674.908
1767711932.929205,6612.5215
1767711933.056212,6562.3325
1767711933.156485,6560.308
1767711933.2577732,6524.214
1767711933.358201,6489.5215
1767711933.45955,6438.8564
1767711933.5599308,6356.482
1767711933.6609669,6345.588
1767711933.762312,6325.9575
1767711933.8636239,6225.8135
1767711933.964282,6255.4795
1767711934.065313,6209.763
1767711934.1656609,6174.388
1767711934.266263,6096.6846
1767711934.3666592,6063.1196
1767711934.467571,6043.6255,6005.0205
1767711934.5679018,5914.2656
1767711934.668832,5900.3135
1767711934.769684,5880.123
1767711934.8701,5861.862
1767711935.070697,5798.357
1767711935.170939,5788.24,5698.178
1767711935.2715101,5679.706
1767711935.372462,5632.523
1767711935.473831,5582.0425
1767711935.5744362,5552.4956
1767711935.6758,5512.3555
1767711935.7762911,5499.413
1767711935.877573,5421.7314
1767711935.978463,5415.682
1767711936.0790029,5339.459
1767711936.18018,5324.5796
1767711936.280541,5297.5347
1767711936.3809228,5258.5576
1767711936.482272,5241.234
1767711936.5832791,5181.3667
1767711936.683948,5118.777
1767711936.785297,5123.2173
1767711936.886009,5076.5947
1767711936.9868941,5024.565
1767711937.087997,4992.044
1767711937.188734,4997.7188
1767711937.289122,4890.3555
1767711937.38949,4885.7153
1767711937.490828,4809.612
1767711937.59182,4784.9365
1767711937.692283,4808.163
1767711937.793,4698.6753
1767711937.893413,4644.613
1767711937.994297,4695.263
1767711938.118567,4589.071
1767711938.218987,4573.0337
1767711938.3203268,4519.9814
1767711938.420722,4509.55
1767711938.521947,4393.7764
1767711938.62224,4415.1196
1767711938.723588,4360.567
1767711938.824064,4346.234
1767711938.924714,4318.123
1767711939.02605,4227.4897
1767711939.1273751,4192.149
1767711939.227854,4177.125
1767711939.329271,4094.5525
1767711939.429713,4108.4277
1767711939.530259,4084.6865
1767711939.630572,4037.0732
1767711939.731872,3975.2422
1767711939.833194,3921.4202
1767711939.9336011,3929.9302
1767711940.034494,3859.7751
1767711940.13486,3826.4463
1767711940.235318,3744.7534
1767711940.336033,3759.7874
1767711940.436547,3720.3318
1767711940.537021,3664.8745
1767711940.638428,3634.632
1767711940.739634,3575.6523
1767711940.840064,3562.7527
1767711940.940812,3505.9265
1767711941.04146,3476.7876
1767711941.142804,3398.0947
1767711941.243432,3351.0986
1767711941.343909,3364.7803
1767711941.4441211,3317.6184
1767711941.5444689,3293.8943
1767711941.645021,3215.8262
1767711941.7454112,3173.6504
1767711941.8467,3194.8494
1767711941.947493,3122.1484
1767711942.047991,3094.12
1767711942.148457,3050.5576
1767711942.249713,3011.5083
1767711942.350312,2979.0085
1767711942.450664,2907.8118
1767711942.5519931,2908.4856
1767711942.6526961,2835.4297
1767711942.753721,2807.3828
1767711942.854014,2790.7188
1767711942.954344,2705.1316
1767711943.055236,2702.8643
1767711943.179918,2649.2913,2618.7258
1767711943.280719,2581.4082
1767711943.381192,2547.1223
1767711943.481565,2522.897
1767711943.5829408,2498.137
1767711943.683299,2423.9229
1767711943.783919,2393.6128
1767711943.884747,2381.552
1767711943.986078,2310.0532
1767711944.086902,2267.0383
1767711944.187215,2236.1907
1767711944.288594,2171.527
1767711944.3899531,2198.1716
1767711944.4910989,2113.9656
1767711944.5915442,2080.693
1767711944.69219,2046.9572
1767711944.7933261,2005.708
1767711944.8946528,1970.542
1767711944.995111,1946.9648
1767711945.0975292,1887.7777
1767711945.198955,1882.646
1767711945.299722,1825.8159
1767711945.400148,1795.6848
1767711945.5012019,1726.6449
1767711945.601692,1703.1549
1767711945.7020001,1654.8258
1767711945.802525,1604.7036
1767711945.9037492,1618.5281
1767711946.004142,1584.0187
1767711946.105522,1526.3595
1767711946.205896,1478.675
1767711946.307255,1426.8794
1767711946.407647,1403.8762
1767711946.508749,1350.25
1767711946.609162,1312.9695
1767711946.7104251,1285.8447
1767711946.8113558,1253.0172
1767711946.912111,1216.871
1767711947.0133939,1173.2039
1767711947.1147351,1115.035
1767711947.215178,1079.9926
1767711947.315557,1030.1388
1767711947.416825,1004.5213
1767711947.5176451,983.7831
1767711947.618804,962.2913
1767711947.719327,893.03955
1767711947.819734,836.5378
1767711947.920959,817.325
1767711948.0213308,786.4158
1767711948.122,725.23486
1767711948.2484858,706.0137
1767711948.349801,643.4306
1767711948.45031,658.1269
1767711948.5508218,613.0316
1767711948.6522188,539.5035
1767711948.75353,550.483
1767711948.853964,493.3083
1767711948.9544199,449.07236
1767711949.05541,360.1929
1767711949.156868,412.19092
1767711949.2572238,357.62207
1767711949.357669,245.11838
1767711949.458198,214.85426
1767711949.558539,182.02321
1767711949.659872,191.71446
1767711949.760455,115.21353
1767711949.8608,76.193054
1767711949.962146,60.56264
1767711950.062711,54.76426
1767711950.16304,11.669201
1767711950.264318,22.096392
1767711950.365653,-71.58214,-140.55522
1767711950.568009,-76.675156
1767711950.668322,-136.02353
1767711950.768728,-252.56705
1767711950.8696132,-190.65442,-309.654
1767711950.969981,-319.01865
1767711951.071351,-365.75803
1767711951.172055,-359.64908
1767711951.27246,-498.18396
1767711951.472955,-448.3622,-469.20273
1767711951.573847,-541.14
1767711951.6741838,-529.87354
1767711951.7744372,-644.65344
1767711951.874986,-653.16675
1767711951.9756281,-681.5135
1767711952.0766358,-792.6932
1767711952.177971,-705.1215
1767711952.278508,-832.7266
1767711952.379905,-842.71814
1767711952.4809809,-843.0638
1767711952.581953,-928.51526
1767711952.683341,-877.4894
1767711952.784538,-982.02515
1767711952.885417,-982.27686
1767711952.985791,-1107.5848
1767711953.08648,-1071.5557
1767711953.187156,-1154.871
1767711953.311289,-1118.294
1767711953.4122372,-1157.2235
1767711953.512649,-1284.1061
1767711953.61378,-1206.7417
1767711953.7152581,-1335.0237
1767711953.8166132,-1325.0414
1767711953.917055,-1317.5421
1767711954.017408,-1493.7534
1767711954.118672,-1395.2866
1767711954.21905,-1458.1494
1767711954.320354,-1498.691
1767711954.4213839,-1577.3379
1767711954.521773,-1617.342
1767711954.623082,-1533.3906
1767711954.724434,-1718.6266
1767711954.824781,-1764.791
1767711954.926069,-1733.287
1767711955.0266728,-1753.347
1767711955.127336,-1756.5952
1767711955.227687,-1850.6348
1767711955.328174,-1909.0208
1767711955.429475,-1949.213
1767711955.529867,-1951.6478
1767711955.630524,-2047.2802
1767711955.730945,-2133.3406
1767711955.832184,-2058.9753
1767711955.932891,-2132.388
1767711956.0335932,-2151.8682
1767711956.134039,-2195.2976
1767711956.2343922,-2157.759
1767711956.335329,-2234.784
1767711956.436637,-2281.4736
1767711956.5369432,-2360.3972
1767711956.637186,-2380.095
1767711956.738185,-2374.259
1767711956.8386738,-2445.3972
1767711956.9390788,-2516.6604
1767711957.040448,-2524.9302
1767711957.141767,-2551.4521
1767711957.242168,-2577.4224
1767711957.343387,-2645.6094
1767711957.4447172,-2646.6768
1767711957.546077,-2729.7175
1767711957.646552,-2745.6794
1767711957.747095,-2721.5017
1767711957.847728,-2800.3586
1767711957.948664,-2842.9685
1767711958.0490801,-2872.6196
1767711958.1503491,-2864.1208
1767711958.25141,-2891.2866
1767711958.376333,-3004.3499,-2998.092
1767711958.4776692,-3066.0896
1767711958.5780962,-3125.2837
1767711958.6794822,-3094.902
1767711958.780726,-3159.9014
1767711958.881512,-3150.7295
1767711958.9824588,-3232.814
1767711959.08284,-3325.7253
1767711959.18385,-3257.3281
1767711959.285022,-3328.7532
1767711959.385537,-3445.564
1767711959.4864929,-3384.4844
1767711959.586905,-3486.658
1767711959.68826,-3444.3667
1767711959.788679,-3523.066
1767711959.8891578,-3580.2224
1767711959.990121,-3588.6375
1767711960.090764,-3633.2073
1767711960.191395,-3705.1865
1767711960.291738,-3794.4895
1767711960.3930418,-3755.3064
1767711960.494399,-3759.621
1767711960.595469,-3819.6948
1767711960.695913,-3842.965
1767711960.79618,-3897.6274
1767711960.896472,-3927.6426
1767711960.9973161,-3988.1836
1767711961.0988128,-4045.2673
1767711961.199295,-4057.8545
1767711961.300611,-4108.826
1767711961.40133,-4073.5144
1767711961.502239,-4137.434
1767711961.602699,-4183.4062
1767711961.703188,-4250.929
1767711961.8045561,-4252.519
1767711961.90507,-4242.539
1767711962.005552,-4329.7715
1767711962.10581,-4347.662
1767711962.206319,-4414.4404
1767711962.306716,-4439.285
1767711962.4073348,-4443.3955
1767711962.507621,-4470.694
1767711962.608727,-4526.5757
1767711962.709972,-4572.8247
1767711962.810292,-4585.395
1767711962.910731,-4653.7383
1767711963.011175,-4676.059
1767711963.1121159,-4706.3354
1767711963.213024,-4757.198
1767711963.313954,-4790.3926
1767711963.4378939,-4839.3535
1767711963.5389671,-4874.064
1767711963.6402829,-4870.6187
1767711963.741005,-4936.4297
1767711963.841356,-4954.328
1767711963.942098,-5005.056
1767711964.042629,-5068.9
1767711964.143011,-5095.8423
1767711964.2438872,-5110.6924
1767711964.345202,-5145.0435
1767711964.446005,-5172.104
1767711964.5463989,-5191.5474
1767711964.646684,-5245.1714
1767711964.747705,-5292.238
1767711964.848384,-5332.9307
1767711964.949249,-5367.923
1767711965.050553,-5406.3647
1767711965.1513479,-5401.85
1767711965.2524428,-5448.0244
1767711965.352876,-5500.926
1767711965.453558,-5537.613
1767711965.553979,-5570.7354
1767711965.65538,-5613.2686
1767711965.7561018,-5626.4336
1767711965.8565261,-5677.1167
1767711965.9571142,-5690.305
1767711966.0584168,-5731.781
1767711966.159764,-5788.5454
1767711966.2611232,-5812.9517
1767711966.362602,-5836.895
1767711966.463087,-5890.938
1767711966.563825,-5909.8545
1767711966.665163,-5945.4204
1767711966.76651,-5981.0156,-6002.0464
1767711966.967407,-6059.0
1767711967.0679722,-6094.7227
1767711967.1683378,-6098.158
1767711967.268634,-6157.391
1767711967.369567,-6206.7886,-6214.113
1767711967.470935,-6254.876
1767711967.57173,-6280.7383
1767711967.672024,-6306.7305
1767711967.772272,-6369.875
1767711967.872488,-6404.5815
1767711967.9728189,-6419.812
1767711968.0740302,-6481.1
1767711968.174551,-6511.8735
1767711968.275906,-6524.1826
1767711968.376781,-6558.391
1767711968.500932,-6607.9263
1767711968.602156,-6619.947
1767711968.702538,-6664.5483
1767711968.803408,-6699.292
1767711968.90369,-6737.0244
1767711969.004134,-6771.088
1767711969.104628,-6795.328
1767711969.2057412,-6840.8823
1767711969.306103,-6854.676
1767711969.4064798,-6897.738
1767711969.5078459,-6950.7036
1767711969.609189,-6969.2773
1767711969.7097301,-6994.7236
1767711969.810312,-7039.3843
1767711969.911586,-7085.164
1767711970.012932,-7103.5244
1767711970.1133041,-7149.2666
1767711970.213705,-7187.1387
1767711970.314307,-7199.8857
1767711970.4147332,-7242.1694
1767711970.5152278,-7275.3364
1767711970.6155798,-7314.069
1767711970.716824,-7346.657
1767711970.817473,-7382.3315
1767711970.917838,-7401.772
1767711971.019137,-7439.194
1767711971.120136,-7514.1147
1767711971.221503,-7514.9736
1767711971.322206,-7534.3477
1767711971.422699,-7575.335
1767711971.523933,-7592.8716
1767711971.624338,-7637.9316
1767711971.724792,-7661.7783
1767711971.8257668,-7691.587
1767711971.926362,-7748.34
1767711972.0271301,-7775.403
1767711972.127693,-7786.3574
1767711972.228159,-7838.7803
1767711972.328762,-7880.8853
1767711972.4299362,-7900.0483
1767711972.530653,-7955.103
1767711972.632042,-7961.5244
1767711972.732488,-8001.2744
1767711972.832854,-8039.8174
1767711972.934209,-8055.4185
1767711973.034986,-8102.8213
1767711973.135295,-8148.3296
1767711973.2356548,-8153.3403
1767711973.3360589,-8202.925
1767711973.4372292,-8249.154
1767711973.562459,-8254.817
1767711973.663716,-8301.0205
1767711973.765147,-8355.6
1767711973.866507,-8367.982
1767711973.967883,-8414.373
1767711974.068374,-8441.151
1767711974.1690502,-8467.267
1767711974.269749,-8503.689
1767711974.3704078,-8538.506
1767711974.471369,-8557.479,-8591.512
1767711974.672389,-8626.64,-8658.024
1767711974.772655,-8689.616
1767711974.873888,-8737.135
1767711974.9752588,-8749.51
1767711975.075629,-8796.388
1767711975.176976,-8820.227
1767711975.278246,-8809.742
1767711975.379582,-8899.122
1767711975.4809449,-8924.611
1767711975.58132,-8953.394
1767711975.6826088,-8996.297
1767711975.783893,-9000.561
1767711975.885185,-9060.035
1767711975.985708,-9080.835
1767711976.087121,-9105.515
1767711976.188462,-9139.526
1767711976.2899141,-9185.4795
1767711976.390645,-9204.508
1767711976.491887,-9242.424
1767711976.592468,-9289.087
1767711976.692811,-9309.804
1767711976.793556,-9353.395
1767711976.89436,-9383.139
1767711976.994944,-9386.084
1767711977.095326,-9479.94
1767711977.1957812,-9474.787
1767711977.296082,-9498.566
1767711977.39737,-9541.285
1767711977.498842,-9568.667
1767711977.600213,-9597.944
1767711977.700992,-9645.273
1767711977.801395,-9661.549
1767711977.902278,-9674.565
1767711978.003148,-9724.056
1767711978.103733,-9758.66
1767711978.20507,-9769.367
1767711978.306466,-9822.523
1767711978.407789,-9839.683
1767711978.508383,-9876.518
1767711978.636012,-9924.486
1767711978.737371,-9944.648
1767711978.837966,-9984.4
1767711978.93932,-10007.2295
1767711979.040617,-10039.858
1767711979.1420171,-10065.103
1767711979.242369,-10103.561
1767711979.343723,-10121.187
1767711979.444533,-10163.689
1767711979.545908,-10205.012
1767711979.647284,-10225.657
1767711979.7477,-10268.63
1767711979.848107,-10299.6045
1767711979.948527,-10303.004
1767711980.048959,-10359.809
1767711980.1503308,-10399.163
1767711980.251227,-10424.847
1767711980.352326,-10458.118
1767711980.452781,-10483.528
1767711980.553123,-10493.351
1767711980.6537979,-10539.124
1767711980.7546618,-10560.276
1767711980.855411,-10596.524
1767711980.956685,-10638.592
1767711981.057034,-10670.038
1767711981.158398,-10688.304
1767711981.2597241,-10741.812
1767711981.360064,-10689.566
1767711981.4604201,-10791.43
1767711981.561196,-10829.096
1767711981.66257,-10845.631
1767711981.7629209,-10879.848
1767711981.863342,-10920.669
1767711981.9638872,-10927.947
1767711982.065154,-10964.574
1767711982.165517,-11008.389
1767711982.265881,-11020.674
1767711982.367302,-11074.956
1767711982.46854,-11086.652
1767711982.569775,-11131.277
1767711982.67006,-11162.923
1767711982.770527,-11193.69
1767711982.8714921,-11202.934
1767711982.9719172,-11245.98
1767711983.073271,-11268.613,-11336.583
1767711983.1736698,-11342.796
1767711983.274013,-11388.486
1767711983.374379,-11377.806
1767711983.475212,-11450.764
1767711983.5762439,-11460.401
1767711983.700225,-11487.292
1767711983.800844,-11525.741
1767711983.901199,-11557.589
1767711984.002156,-11575.424
1767711984.102508,-11618.13
1767711984.2028701,-11643.158
1767711984.303821,-11620.881
1767711984.404261,-11719.919
1767711984.504587,-11736.57
1767711984.604925,-11759.179
1767711984.705517,-11795.594
1767711984.806923,-11832.696
1767711984.907556,-11864.239
1767711985.0079548,-11890.078
1767711985.1085708,-11914.987
1767711985.2090728,-11930.346
1767711985.309974,-12009.549
1767711985.4107468,-12003.389
1767711985.511004,-12065.585
1767711985.612138,-12070.644
1767711985.7133892,-12089.664
1767711985.8143628,-12137.04
1767711985.915519,-12161.045
1767711986.0159118,-12183.043
1767711986.1174011,-11628.694
1767711986.2177432,-12263.545
1767711986.31899,-12270.049
1767711986.419477,-12314.927
1767711986.51983,-12351.436
1767711986.6208909,-12364.739
1767711986.7222478,-12404.247
1767711986.823593,-12424.239
1767711986.9249349,-12422.895
1767711987.025683,-12483.611
1767711987.126197,-12508.81
1767711987.2269871,-12545.543
1767711987.32752,-12535.21
1767711987.4288058,-12612.493
1767711987.530269,-12625.123
1767711987.631839,-12684.451
1767711987.7324219,-12694.908
1767711987.832993,-12709.464
1767711987.933666,-12617.043
1767711988.0346508,-12771.871
1767711988.135797,-12812.938
1767711988.2361841,-12839.854
1767711988.3366961,-12866.703
1767711988.437302,-12873.851
1767711988.5382552,-12930.596
1767711988.6390882,-12949.191
1767711988.7634811,-12984.013
1767711988.8643389,-13013.157
1767711988.965684,-13052.422
1767711989.066329,-13082.554
1767711989.166892,-13080.133
1767711989.267972,-13136.332
1767711989.3687449,-13144.209
1767711989.4701061,-13189.168,-13205.457
1767711989.570444,-13244.252
1767711989.671725,-13286.26
1767711989.773088,-13292.159
1767711989.8734322,-13333.117
1767711989.974716,-13374.584
1767711990.0760572,-13383.471
1767711990.1773329,-13418.613
1767711990.278656,-13497.843
1767711990.378988,-13452.297
1767711990.4803588,-13507.792
1767711990.5807528,-13546.978
1767711990.6811578,-13549.423
1767711990.78204,-13616.703
1767711990.882755,-13486.521
1767711990.9831371,-13648.046
1767711991.08426,-13683.442
1767711991.185048,-13701.906
1767711991.285825,-13743.246
1767711991.386292,-13777.402
1767711991.486902,-13793.884
1767711991.587322,-13788.554
1767711991.68781,-13850.203
1767711991.788298,-13868.42
1767711991.8896902,-13894.902
1767711991.990186,-13944.755
1767711992.0905972,-13957.245
1767711992.1918788,-13984.203
1767711992.292932,-14003.773
1767711992.393302,-14022.4375
1767711992.494037,-14079.022
1767711992.5944462,-14106.418
1767711992.7970638,-13699.361
1767711992.898438,-14166.191
1767711992.999616,-14179.55,-14232.099
1767711993.100213,-14253.949
1767711993.200972,-14271.511
1767711993.3016598,-14306.424
1767711993.402101,-14332.491
1767711993.502613,-14356.211
1767711993.603509,-14390.149
1767711993.7042198,-14427.777
1767711993.827314,-14369.898
1767711993.9276328,-14476.542
1767711994.028204,-14517.181
1767711994.129589,-14509.423
1767711994.230572,-14555.945
1767711994.3309598,-14577.364
1767711994.4321878,-14585.874
1767711994.532907,-14625.472
1767711994.6337228,-14691.943
1767711994.734088,-14677.182
1767711994.834794,-14721.3955
1767711994.9354172,-14737.021
1767711995.035771,-14774.061
1767711995.13619,-14802.96
1767711995.236613,-14814.17
1767711995.337879,-14847.53
1767711995.438247,-14843.248
1767711995.539646,-14915.825
1767711995.641015,-14936.774
1767711995.741544,-14965.043
1767711995.8421419,-14982.877
1767711995.942514,-15010.453
1767711996.0438132,-15038.071
1767711996.144438,-15051.315
1767711996.245068,-15046.612
1767711996.345783,-15123.803
1767711996.446196,-15130.783
1767711996.546494,-15190.987
1767711996.647033,-15208.09
1767711996.74773,-15230.788
1767711996.848993,-15267.3545
1767711996.949321,-15277.576
1767711997.0503511,-15241.265
1767711997.151248,-15346.164
1767711997.2524018,-15366.599
1767711997.353033,-15407.004
1767711997.4540858,-15414.371
1767711997.554826,-15470.089
1767711997.6561642,-15457.558
1767711997.757422,-15508.239
1767711997.858012,-15502.188
1767711997.959341,-15543.732
1767711998.059838,-15596.765
1767711998.161171,-15621.23
1767711998.261611,-15631.118
1767711998.362847,-15650.044
1767711998.464164,-15683.302
1767711998.5652668,-15708.965
1767711998.6661818,-15721.661
1767711998.767564,-15757.237
1767711998.892631,-15780.319,-15827.82
1767711998.993257,-15853.077
1767711999.0935738,-15872.577
1767711999.194387,-15916.314
1767711999.295796,-15918.1455
1767711999.397107,-15943.221
1767711999.49746,-15977.458
1767711999.5985448,-16011.423
1767711999.699719,-16046.754
1767711999.80001,-16070.831
1767711999.900574,-16085.692
1767712000.001905,-16114.05
1767712000.1032,-16146.642
1767712000.203653,-16108.961
1767712000.304608,-16196.537
1767712000.405188,-16223.261
1767712000.506592,-16232.534
1767712000.60709,-16276.758
1767712000.7074292,-16306.742
1767712000.807771,-16308.9
1767712000.9082491,-16361.482
1767712001.009624,-16357.992
1767712001.1105778,-16405.35
1767712001.210916,-16413.63
1767712001.311296,-16475.81
1767712001.412666,-16473.688
1767712001.513057,-16499.637
1767712001.6144378,-16500.133
1767712001.71561,-16551.572
1767712001.816971,-16513.03
1767712001.9178329,-16595.6
1767712002.019187,-16624.43
1767712002.120448,-16659.47
1767712002.2218618,-16695.637
1767712002.322325,-16707.93
1767712002.422942,-16749.85
1767712002.523676,-16747.447
1767712002.6241002,-16758.072
1767712002.7248151,-16838.096
1767712002.8261602,-16832.133
1767712002.927457,-16868.8
1767712003.028241,-16879.934
1767712003.128789,-16912.805
1767712003.229268,-16949.273
1767712003.329684,-16963.598
1767712003.430593,-17026.262
1767712003.531157,-17017.324
1767712003.631614,-17046.734
1767712003.73299,-17044.23
1767712003.833432,-17103.658
1767712003.957267,-17121.754
1767712004.058593,-17127.035
1767712004.15987,-17174.346
1767712004.260489,-17146.863
1767712004.361205,-17199.275
1767712004.461765,-17251.602
1767712004.563147,-17272.914
1767712004.663597,-17283.506
1767712004.7641542,-17317.617
1767712004.86549,-17352.371
1767712004.9667342,-17359.693
1767712005.067434,-17332.24
1767712005.1678,-17409.256
1767712005.268485,-17443.627
1767712005.369828,-17457.344
1767712005.470422,-17503.201
1767712005.570776,-17509.021
1767712005.671135,-17538.43
1767712005.771404,-17545.875
1767712005.871715,-17559.26
1767712005.973071,-17616.371
1767712006.073405,-17619.89
1767712006.1736472,-17697.291
1767712006.275011,-17680.42
1767712006.375956,-17729.137,-17760.705
1767712006.477002,-17775.248
1767712006.5778718,-17798.14
1767712006.679355,-17824.055
1767712006.779788,-17839.24
1767712006.880387,-17854.346
1767712007.081679,-17906.838,-17991.246
1767712007.182715,-17941.938
1767712007.283467,-17948.828
1767712007.38468,-17929.92
1767712007.485437,-18008.438
1767712007.585793,-18044.053
1767712007.6863759,-18050.268
1767712007.7866392,-18054.447
1767712007.887102,-18117.37
1767712007.987513,-18128.46
1767712008.087889,-18140.084
1767712008.18829,-18156.95
1767712008.289685,-18206.02
1767712008.390524,-18229.533
1767712008.4913092,-18258.656
1767712008.592297,-18273.613
1767712008.693506,-18314.594
1767712008.793837,-18323.248
1767712008.894149,-18334.182
1767712009.018525,-18298.809
1767712009.119791,-18420.21
1767712009.220159,-18423.398
1767712009.320822,-18444.188
1767712009.421241,-18477.46
1767712009.5216892,-18490.232
1767712009.6220648,-18544.656
1767712009.7227452,-18570.893
1767712009.823215,-18574.97
1767712009.924263,-18596.791
1767712010.025575,-18611.2
1767712010.1265159,-18646.01
1767712010.227443,-18690.842
1767712010.3283489,-18715.867
1767712010.42909,-18676.22
1767712010.530504,-18745.592
1767712010.631938,-18765.334
1767712010.7332869,-18780.068
1767712010.833976,-18807.69
1767712010.934483,-18821.553
1767712011.0349052,-18832.252
1767712011.136034,-18896.467
1767712011.236887,-18910.297
1767712011.337354,-18898.035
1767712011.437865,-18922.793
1767712011.538791,-18995.016
1767712011.640042,-18941.58
1767712011.740414,-19025.645
1767712011.8417861,-19062.727
1767712011.943151,-19037.709
1767712012.043554,-19065.188
1767712012.143915,-19116.414
1767712012.2443762,-19129.816
1767712012.3448489,-19160.07
1767712012.446151,-19153.78
1767712012.547016,-19236.848
1767712012.6484191,-19248.002
1767712012.7492712,-19240.268
1767712012.850042,-19261.6
1767712012.9514282,-19294.62
1767712013.0526872,-19295.76
1767712013.153385,-19334.432
1767712013.254646,-19378.951
1767712013.35577,-19352.299
1767712013.456089,-19404.107
1767712013.5574038,-19403.08
1767712013.658732,-19444.229
1767712013.759773,-19458.242
1767712013.860778,-19457.408
1767712013.962253,-19489.291
1767712014.0883698,-19512.475
1767712014.1889222,-19577.29
1767712014.2892318,-19594.34
1767712014.3894641,-19617.76
1767712014.490377,-19658.182
1767712014.591758,-19654.453
1767712014.6925051,-19694.924
1767712014.793442,-19704.146
1767712014.894144,-19727.668
1767712014.9946911,-19754.896
1767712015.095386,-19788.03
1767712015.1957262,-19797.922
1767712015.297152,-19829.844
1767712015.3985548,-19841.062
1767712015.4999292,-19861.545
1767712015.600579,-19895.91
1767712015.701907,-19892.969
1767712015.803038,-19955.025
1767712015.903958,-19961.865
1767712016.004384,-19979.648
1767712016.105731,-20015.742
1767712016.2068028,-20024.285
1767712016.307175,-20041.29
1767712016.407795,-20066.047
1767712016.508131,-20103.975
1767712016.608425,-20118.57
1767712016.708715,-20132.166
1767712016.809567,-20162.19
1767712016.9109492,-20178.355
1767712017.011286,-20212.426
1767712017.112294,-20235.37
1767712017.2126899,-20225.76
1767712017.313096,-20269.244
1767712017.4137752,-20281.148
1767712017.514257,-20305.27
1767712017.6150222,-20334.818
1767712017.716367,-20365.078
1767712017.816839,-20375.494
1767712017.91754,-20412.035
1767712018.017836,-20429.08
1767712018.118199,-20444.576
1767712018.218561,-20469.08
1767712018.319853,-20490.965
1767712018.4209,-20502.754
1767712018.521675,-20534.893
1767712018.622248,-20564.219
1767712018.7225878,-20566.29
1767712018.8233259,-20584.396
1767712018.9238899,-20601.557
1767712019.024819,-20624.666
1767712019.150213,-20653.791,-20671.695
1767712019.250999,-20701.049
1767712019.352198,-20729.535
1767712019.453475,-20738.926
1767712019.553797,-20774.822
1767712019.654316,-20794.48
1767712019.755702,-20796.748
1767712019.857041,-20822.729
1767712019.9577868,-20868.387
1767712020.059104,-20867.285
1767712020.159447,-20906.605
1767712020.259874,-20925.906
1767712020.360801,-20923.258
1767712020.461314,-20973.762
1767712020.562697,-20997.195
1767712020.663956,-21004.535
1767712020.7645729,-21034.951
1767712020.86559,-21060.258
1767712020.96594,-21064.959
1767712021.066804,-21096.174
1767712021.16815,-21126.139
1767712021.2686322,-21148.857
1767712021.369078,-21153.283
1767712021.470356,-21169.205
1767712021.570739,-21201.787
1767712021.671885,-21234.951
1767712021.773275,-21222.969
1767712021.8738718,-21262.44
1767712021.974612,-21281.309
1767712022.075367,-21284.576
1767712022.175719,-21304.46
1767712022.276074,-21342.535
1767712022.377434,-21347.062
1767712022.477845,-21393.506
1767712022.5789142,-21412.785
1767712022.680259,-21422.432
1767712022.7812722,-21451.34
1767712022.88189,-21458.068
1767712022.983197,-21457.492
1767712023.084557,-21502.432
1767712023.185432,-21536.988
1767712023.286037,-21536.277
1767712023.3869739,-21553.898
1767712023.488238,-21592.545
1767712023.5893152,-21606.223
1767712023.690717,-21628.816
1767712023.792032,-21656.992
1767712023.893026,-21666.896
1767712023.993825,-21708.834
1767712024.094213,-21725.766
1767712024.2200031,-21728.49
1767712024.3203871,-21749.643
1767712024.4216619,-21773.273
1767712024.523092,-21792.883
1767712024.624432,-21816.32
1767712024.724879,-21830.926
1767712024.825249,-21839.27
1767712024.925664,-21883.477
1767712025.026498,-21889.967
1767712025.126823,-21899.871
1767712025.227503,-21954.338
1767712025.327911,-21946.03
1767712025.428374,-21983.232
1767712025.528928,-22006.912,-22023.469
1767712025.630235,-22052.137
1767712025.730618,-22062.635
1767712025.831955,-22068.566
1767712025.933304,-22114.264
1767712026.033993,-22131.031
1767712026.1347399,-22126.107
1767712026.235094,-22178.37
1767712026.335798,-22186.531
1767712026.4371772,-22192.842
1767712026.538547,-22215.426
1767712026.639961,-22250.445
1767712026.7406552,-22248.639
1767712026.841974,-22283.686
1767712026.942241,-22300.842
1767712027.043021,-22303.604
1767712027.1442041,-22333.908
1767712027.2456372,-22362.479
1767712027.346897,-22373.396
1767712027.4474502,-22405.037
1767712027.5487602,-22411.629
1767712027.650228,-22427.87
1767712027.751622,-22450.572
1767712027.851975,-22472.34
1767712027.9527638,-22505.963
1767712028.0531452,-22508.758
1767712028.153431,-22523.562
1767712028.2544372,-22548.273
1767712028.354885,-22575.486
1767712028.45524,-22581.023
1767712028.556184,-22605.967
1767712028.6570659,-22635.377
1767712028.758004,-22637.062
1767712028.8593311,-22673.834
1767712028.9600892,-22710.684
1767712029.060684,-22704.645
1767712029.161056,-22730.256
1767712029.285808,-22743.85
1767712029.386284,-22749.227
1767712029.486998,-22775.555
1767712029.588377,-22816.006
1767712029.688938,-22814.625
1767712029.789217,-22850.418
1767712029.890495,-22872.332
1767712029.991798,-22870.408
1767712030.092142,-22899.76
1767712030.19348,-22920.506
1767712030.294065,-22917.77
1767712030.3945842,-22973.086
1767712030.4959,-22985.113
1767712030.5972679,-22988.342
1767712030.698623,-23014.31
1767712030.799094,-23034.467
1767712030.899832,-23048.168
1767712031.000469,-23086.385
1767712031.1018848,-23086.107
1767712031.202254,-23113.926
1767712031.302809,-23135.062
1767712031.40353,-23161.332
1767712031.504897,-23175.229
1767712031.6063612,-23194.535
1767712031.707445,-23186.06
1767712031.8077922,-23224.139
1767712031.908108,-23249.115
1767712032.009139,-23258.703
1767712032.109495,-23297.586
1767712032.210666,-23286.088
1767712032.3111749,-23297.035
1767712032.411586,-23343.08
1767712032.5118551,-23367.81
1767712032.612096,-23362.523
1767712032.7124128,-23402.12
1767712032.813379,-23419.209
1767712032.913829,-23413.086
1767712033.014567,-23457.104
1767712033.11527,-23475.576
1767712033.2155552,-23478.193
1767712033.315839,-23509.424
1767712033.4172091,-23528.254
1767712033.518421,-23538.334
1767712033.618808,-23561.234
1767712033.7193651,-23584.955
1767712033.819665,-23593.852
1767712033.920916,-23610.816
1767712034.0214138,-23644.756
1767712034.1228402,-23657.623
1767712034.2232058,-23683.166
1767712034.3479738,-23697.842,-23696.617
1767712034.449353,-23730.39
1767712034.5499609,-23744.803
1767712034.650628,-23760.982
1767712034.751891,-23778.21
1767712034.853228,-23786.55
1767712034.953866,-23810.596
1767712035.054883,-23852.299
1767712035.1553438,-23854.729
1767712035.256671,-23882.604
1767712035.357098,-23885.496
1767712035.457504,-23908.322
1767712035.557856,-23915.941
1767712035.659186,-23947.236
1767712035.759521,-23953.973
1767712035.859877,-23961.082
1767712035.9609458,-23996.117
1767712036.061939,-24014.451
1767712036.16241,-24041.156
1767712036.263746,-24061.074
1767712036.364161,-24055.55
1767712036.464524,-24084.559
1767712036.564895,-24105.932
1767712036.6659951,-24131.352
1767712036.767429,-24122.852
1767712036.868495,-24154.35
1767712036.9690099,-24153.484
1767712037.06977,-24186.201
1767712037.170153,-24212.97
1767712037.270747,-24221.564
1767712037.371673,-24263.705
1767712037.472307,-24240.895
1767712037.5731041,-24281.1
1767712037.673561,-24297.035
1767712037.773916,-24309.795
1767712037.874273,-24332.787
1767712037.974646,-24354.207
1767712038.0750022,-24357.082
1767712038.1757271,-24386.2
1767712038.276088,-24394.293
1767712038.376427,-24401.324
1767712038.47689,-24445.113
1767712038.577263,-24463.27
1767712038.677783,-24465.037
1767712038.779234,-24506.643
1767712038.879835,-24522.85
1767712038.9801621,-24503.408
1767712039.080496,-24555.99
1767712039.180979,-24572.518
1767712039.281556,-24565.555
1767712039.406265,-24593.254
1767712039.507612,-24637.805
1767712039.6089668,-24617.342
1767712039.709555,-24653.13
1767712039.810666,-24681.938
1767712039.911555,-24678.217
1767712040.011922,-24715.697
1767712040.1121879,-24704.508
1767712040.2134771,-24728.865
1767712040.314898,-24754.547
1767712040.4152908,-24760.924
1767712040.516321,-24765.14
1767712040.617655,-24801.053
1767712040.718412,-24799.432
1767712040.8189309,-24827.334
1767712040.9193559,-24853.32
1767712041.0199099,-24871.848
1767712041.1203148,-24891.402
1767712041.22171,-24906.73
1767712041.3221812,-24911.17
1767712041.422435,-24943.75
1767712041.5237381,-24929.885
1767712041.624584,-24965.717,-25004.945
1767712041.7249029,-24998.074
1767712041.9262788,-25005.562
1767712042.0266602,-25042.955
1767712042.127071,-25059.918,-25063.19
1767712042.22771,-25040.256
1767712042.32806,-25114.758
1767712042.4285288,-25119.334
1767712042.5299141,-25142.201
1767712042.630271,-25170.268
1767712042.7310872,-25168.424
1767712042.8315232,-25194.904
1767712042.932616,-25204.258
1767712043.033032,-25182.146
1767712043.1338408,-25242.064
1767712043.234485,-25266.592
1767712043.3348532,-25252.752
1767712043.435189,-25281.863
1767712043.5359008,-25298.414
1767712043.637177,-25317.336
1767712043.737736,-25345.914
1767712043.8391922,-25303.213
1767712043.9401731,-25368.77
1767712044.041515,-25390.982
1767712044.1428301,-25390.639
1767712044.24399,-25426.553
1767712044.3444,-25451.22
1767712044.4683478,-25428.66
1767712044.568668,-25460.232
1767712044.6700318,-25450.379
1767712044.7713852,-25486.27
1767712044.871813,-25515.928
1767712044.972246,-25530.787
1767712045.072582,-25558.172
1767712045.172916,-25573.781
1767712045.273282,-25580.096
1767712045.374632,-25580.521
1767712045.476011,-25670.979
1767712045.576491,-25633.264
1767712045.677459,-25616.443
1767712045.7788212,-25661.66
1767712045.880178,-25672.375
1767712045.981529,-25677.246
1767712046.081972,-25687.607
1767712046.182682,-25716.842
1767712046.2830322,-25690.807
1767712046.383876,-25757.688
1767712046.484986,-25780.498
1767712046.585419,-25775.906
1767712046.686309,-25796.555
1767712046.786805,-25814.379
1767712046.8871732,-25829.094
1767712046.987458,-25854.164
1767712047.0878,-25783.926
1767712047.188299,-25877.658
1767712047.28861,-25911.361
1767712047.389809,-25909.0
1767712047.4906461,-25932.889
1767712047.591991,-25949.691
1767712047.692844,-25948.783
1767712047.793243,-25981.111
1767712047.893533,-25986.502
1767712047.9943008,-25995.82
1767712048.094686,-26024.285
1767712048.1950688,-26050.146
1767712048.296503,-26041.193
1767712048.397938,-26062.867
1767712048.499137,-26106.53
1767712048.599759,-26077.182
1767712048.700709,-26050.879
1767712048.801472,-26145.486
1767712048.902434,-26130.43
1767712049.002883,-26157.281
1767712049.103711,-26175.037
1767712049.204009,-26164.85
1767712049.304477,-26207.969
1767712049.40496,-26244.254
1767712049.530348,-26238.387,-26264.44
1767712049.630802,-26260.195
1767712049.731287,-26274.248
1767712049.831645,-26286.088
1767712049.9329762,-26297.607
1767712050.033421,-26317.758
1767712050.133738,-26335.025
1767712050.2342138,-26264.037
1767712050.335472,-26380.262
1767712050.436743,-26396.875
1767712050.537048,-26391.209
1767712050.637413,-26407.46
1767712050.738562,-26414.871
1767712050.8388522,-26435.1
1767712050.939422,-26454.723
1767712051.039847,-26414.818
1767712051.141191,-26493.479
1767712051.241527,-26510.361
1767712051.342902,-26539.871
1767712051.443297,-26541.975
1767712051.5436742,-26560.28
1767712051.6439471,-26578.068
1767712051.744456,-26576.883
1767712051.8450391,-26510.459
1767712051.945468,-26645.213
1767712052.0467541,-26657.209
1767712052.1474319,-26662.64
1767712052.24793,-26658.898
1767712052.349113,-26677.49
1767712052.449795,-26721.94
1767712052.550164,-26711.752
1767712052.650795,-26646.033
1767712052.7516348,-26740.77
1767712052.8519921,-26758.965
1767712052.952488,-26733.482
1767712053.052767,-26766.217
1767712053.153704,-26797.729
1767712053.254827,-26796.256
1767712053.3562188,-26834.055
1767712053.456854,-26845.473
1767712053.5582001,-26840.326
1767712053.658616,-26868.936
1767712053.759935,-26864.95
1767712053.8602712,-26885.117
1767712053.960536,-26887.355
1767712054.062001,-26904.307
1767712054.1624472,-26924.38
1767712054.262954,-26912.967
1767712054.363766,-26992.217
1767712054.46436,-27042.72
1767712054.589529,-26985.186
1767712054.6898901,-26976.197
1767712054.7912169,-27008.115
1767712054.89254,-27033.844
1767712054.9938,-27041.146
1767712055.095217,-27023.979
1767712055.196466,-27083.898
1767712055.297962,-27086.393
1767712055.399401,-27112.9
1767712055.5007548,-27161.02
1767712055.6020842,-27137.027
1767712055.702788,-27174.496
1767712055.803932,-27167.719
1767712055.904279,-27159.16
1767712056.004977,-27166.65
1767712056.105427,-27201.258
1767712056.206215,-27206.328
1767712056.307591,-27252.283
1767712056.4079611,-27268.451
1767712056.508383,-27294.617
1767712056.609268,-27265.795
1767712056.7105322,-27273.664
1767712056.8119218,-27317.678
1767712056.9124439,-27313.28
1767712057.01381,-27312.508
1767712057.115138,-27359.406
1767712057.216476,-27379.203
1767712057.31685,-27363.521
1767712057.418091,-27429.818
1767712057.519458,-27402.756
1767712057.61986,-27386.77
1767712057.720864,-27405.129
1767712057.821416,-27452.703
1767712057.921636,-27413.799
1767712058.022903,-27456.408
1767712058.123957,-27492.945,-27496.852
1767712058.32637,-27546.107
1767712058.4275782,-27585.607,-27559.098
1767712058.528901,-27528.105
1767712058.629771,-27555.568
1767712058.730232,-27522.047
1767712058.8315709,-27572.96
1767712058.9319098,-27588.24
1767712059.033174,-27668.484
1767712059.133867,-27659.309
1767712059.234731,-27639.463
1767712059.335426,-27702.064
1767712059.435881,-27702.549
1767712059.536333,-27677.102
1767712059.6382542,-27710.633
1767712059.7643971,-27710.012
1767712059.8657532,-27750.031
1767712059.966309,-27794.46
1767712060.066842,-27755.799
1767712060.1672058,-27775.373
1767712060.2679381,-27775.77
1767712060.368756,-27829.312
1767712060.469281,-27832.727
1767712060.569761,-27860.912
1767712060.6700318,-27939.781
1767712060.770428,-27866.457
1767712060.8707042,-27912.334
1767712060.971583,-27908.217
1767712061.0730119,-27828.717
1767712061.173612,-27933.406
1767712061.273942,-27900.836
1767712061.375089,-27964.266
1767712061.475716,-27879.523
1767712061.576124,-27966.09
1767712061.676907,-27973.48
1767712061.7772238,-27982.434
1767712061.8786151,-28002.287
1767712061.97902,-27980.367
1767712062.080302,-28041.28
1767712062.1809149,-28037.506
1767712062.281353,-28168.705
1767712062.381866,-28079.777
1767712062.483213,-28105.838
1767712062.5836108,-28113.398
1767712062.6844292,-28108.34
1767712062.785221,-28097.203
1767712062.8859258,-28071.387
1767712062.987096,-28121.494
1767712063.0876448,-28237.426
1767712063.1884742,-28169.627
1767712063.289872,-28178.33
1767712063.390212,-28229.137
1767712063.4915352,-28264.117
1767712063.5928378,-28201.715
1767712063.694092,-28218.252
1767712063.795448,-28240.326
1767712063.896836,-28424.932
1767712063.997178,-28287.91
1767712064.098421,-28270.588
1767712064.199606,-28331.576
1767712064.300374,-28325.828
1767712064.4010088,-28362.629
1767712064.501338,-28350.305
1767712064.602056,-28336.297
1767712064.7288032,-28410.19,-28347.621
1767712064.829338,-28342.21
1767712064.929845,-28426.94
1767712065.031308,-28403.611
1767712065.1325288,-28400.479
1767712065.23345,-28427.883
1767712065.3340092,-28499.184
1767712065.434378,-28391.41
1767712065.535609,-28498.914
1767712065.63622,-28524.982
1767712065.736507,-28463.14
1767712065.837881,-28498.11
1767712065.938259,-28518.113
1767712066.039558,-28540.37
1767712066.140887,-28566.727
1767712066.242241,-28544.566
1767712066.3436,-28612.104
1767712066.444292,-28626.52
1767712066.545357,-28585.785
1767712066.6457868,-28620.373
1767712066.747168,-28607.125
1767712066.84751,-28649.2
1767712066.9489012,-28647.156
1767712067.049726,-28676.438
1767712067.150187,-28660.965
1767712067.250589,-28667.64
1767712067.351655,-28737.412
1767712067.452747,-28750.303
1767712067.5530581,-28776.877
1767712067.653375,-28765.502
1767712067.753803,-28748.58
1767712067.854298,-28717.26
1767712067.954983,-28784.729
1767712068.056229,-28798.254
1767712068.156817,-28845.158
1767712068.258114,-28821.59
1767712068.358453,-28843.344
1767712068.4587991,-28880.293
1767712068.5597389,-28859.072
1767712068.660552,-28825.209
1767712068.761953,-28904.344
1767712068.863234,-28922.045
1767712068.963861,-28903.629
1767712069.0651221,-28949.654
1767712069.165642,-28947.324
1767712069.266059,-28936.182
1767712069.3668952,-28982.29
1767712069.467795,-28934.707
1767712069.568682,-28988.682
1767712069.669077,-29000.441
1767712069.794035,-29003.115
1767712069.8945112,-29025.51
1767712069.995799,-29042.207
1767712070.0961092,-29041.732
1767712070.1965609,-29051.27
1767712070.297421,-29103.307
1767712070.398782,-29066.273
1767712070.499574,-29119.346
1767712070.599981,-29123.51
1767712070.700469,-29103.697
1767712070.801582,-29148.668
1767712070.90243,-29157.928
1767712071.003114,-29141.6
1767712071.104641,-29174.361
1767712071.205133,-29201.846
1767712071.3064058,-29197.951
1767712071.407509,-29217.61
1767712071.508888,-29242.031
1767712071.610122,-29244.082
1767712071.710737,-29274.0
1767712071.81207,-29279.951
1767712071.913342,-29287.0
1767712072.013798,-29315.205
1767712072.115243,-29310.896
1767712072.216266,-29316.967
1767712072.3169842,-29357.121
1767712072.417969,-29292.367
1767712072.518238,-29321.873
1767712072.6186628,-29363.31
1767712072.719421,-29539.744
1767712072.820319,-29397.729
1767712072.921163,-29405.588
1767712073.0215218,-29407.709
1767712073.121738,-29460.47
1767712073.22228,-29455.51
1767712073.3225758,-29471.918
1767712073.423894,-29491.873,-29295.414
1767712073.5252402,-29472.96
1767712073.727547,-29506.602
1767712073.828083,-29522.604,-29377.662
1767712073.929322,-29496.719
1767712074.030011,-29605.13
1767712074.131422,-29567.344
1767712074.232131,-29689.242
1767712074.333365,-29546.775
1767712074.4343932,-29558.277
1767712074.5353029,-29610.79
1767712074.636786,-29609.781
1767712074.737718,-29656.627
1767712074.863106,-29613.584
1767712074.964522,-29679.553
1767712075.0648801,-29724.1
1767712075.165249,-29650.871
1767712075.266061,-29668.361
1767712075.366394,-29676.785
1767712075.466797,-29663.373
1767712075.567837,-29762.727
1767712075.668998,-29807.139
1767712075.7699358,-29804.826
1767712075.870998,-29838.74
1767712075.9719481,-29794.459
1767712076.072274,-29794.988
1767712076.1725729,-29824.19
1767712076.273809,-29881.371
1767712076.3751721,-29718.062
1767712076.475543,-29754.742
1767712076.576074,-29864.441
1767712076.676466,-29936.135
1767712076.776862,-29843.992
1767712076.877541,-29900.334
1767712076.978683,-29882.322
1767712077.079654,-29863.896
1767712077.180062,-29967.02
1767712077.2804701,-29887.549
1767712077.3813,-29866.467
1767712077.4819698,-29784.096
1767712077.582453,-30029.277
1767712077.683407,-30046.393
1767712077.7841039,-29965.309
1767712077.88548,-30015.086
1767712077.9862778,-30010.607
1767712078.0869498,-30003.28
1767712078.187467,-30039.346
1767712078.287776,-30102.326
1767712078.388607,-30006.047
1767712078.488904,-29985.242
1767712078.589268,-30126.633
1767712078.689635,-30091.238
1767712078.790414,-30091.195
1767712078.891737,-30071.605
1767712078.993043,-30091.408
1767712079.093445,-30165.635
1767712079.194827,-30132.113
1767712079.295325,-30104.352
1767712079.396801,-30079.08
1767712079.498176,-30110.941
1767712079.599537,-30207.871
1767712079.700565,-30162.875
1767712079.8011048,-30210.986
1767712079.9266539,-30236.88
1767712080.026986,-30213.404,-30253.77
1767712080.127476,-30215.363
1767712080.227856,-30265.275
1767712080.328367,-30196.848
1767712080.528961,-30248.889
1767712080.6292748,-30288.975,-30265.557
1767712080.730335,-30313.424
1767712080.830559,-30288.088
1767712080.931083,-30297.059
1767712081.031436,-30345.812
1767712081.131982,-30303.75
1767712081.232395,-30367.652
1767712081.332757,-30339.184
1767712081.4336388,-30369.379
1767712081.533874,-30375.438
1767712081.6351411,-30382.371
1767712081.7355871,-30380.236
1767712081.8359659,-30412.361
1767712081.936296,-30406.598
1767712082.0365949,-30416.367
1767712082.137853,-30448.305
1767712082.238827,-30438.74
1767712082.339266,-30451.16
1767712082.43951,-30452.97
1767712082.540747,-30456.693
1767712082.641957,-30487.322
1767712082.742201,-30499.36
1767712082.842421,-30492.094
1767712082.94294,-30496.26
1767712083.043159,-30522.676
1767712083.1433861,-30526.057
1767712083.2437482,-30545.76
1767712083.3449621,-30556.818
1767712083.4456692,-30559.986
1767712083.546828,-30570.502
1767712083.647347,-30608.164
1767712083.748636,-30576.615
1767712083.848953,-30610.225
1767712083.9495869,-30622.201
1767712084.050993,-30622.5
1767712084.151938,-30640.707
1767712084.253236,-30657.324
1767712084.3545978,-30649.156
1767712084.455909,-30658.252
1767712084.556886,-30678.074
1767712084.657581,-30721.975
1767712084.758154,-30698.736
1767712084.859475,-30711.568
1767712084.986277,-30721.55
1767712085.086676,-30732.25
1767712085.187592,-30733.312
1767712085.288287,-30746.426
1767712085.3896909,-30752.29
1767712085.4900851,-30769.746
1767712085.590484,-30789.617
1767712085.690889,-30789.588
1767712085.792187,-30793.324
1767712085.8927958,-30818.27
1767712085.9936068,-30818.535
1767712086.094236,-30802.508
1767712086.195162,-30822.541
1767712086.2964249,-30849.225
1767712086.3968608,-30846.969
1767712086.497181,-30865.89
1767712086.5976279,-30869.932
1767712086.698294,-30867.008
1767712086.799038,-30897.678
1767712086.899961,-30916.123
1767712087.001203,-30908.6
1767712087.101918,-30930.047
1767712087.203056,-30960.713
1767712087.304288,-30926.389
1767712087.405529,-30961.947
1767712087.5059452,-30961.541
1767712087.606505,-30964.102
1767712087.706719,-30999.504
1767712087.8069491,-31002.664
1767712087.907187,-31004.346
1767712088.0078652,-31035.008
1767712088.108076,-31031.113
1767712088.208311,-31030.64
1767712088.30906,-31039.418
1767712088.4102862,-31061.031
1767712088.510911,-31042.457
1767712088.6113431,-31095.404
1767712088.711694,-31096.045
1767712088.8128462,-31111.705
1767712088.914059,-31118.008
1767712089.0145578,-31107.535
1767712089.1148841,-31110.912
1767712089.215172,-31140.785
1767712089.316448,-31141.125
1767712089.417027,-31152.322
1767712089.517258,-31152.068
1767712089.617568,-31194.234
1767712089.717895,-31191.684
1767712089.818835,-31206.814
1767712089.919361,-31191.19
1767712090.044109,-31228.64,-31212.729
1767712090.144604,-31227.193
1767712090.24495,-31237.502
1767712090.345249,-31248.521
1767712090.446493,-31245.81
1767712090.546935,-31262.395
1767712090.6476521,-31287.168
1767712090.748706,-31274.334
1767712090.849174,-31305.533
1767712090.950324,-31313.074
1767712091.050646,-31302.203
1767712091.150949,-31337.729
1767712091.251431,-31343.064
1767712091.3520331,-31348.322
1767712091.45242,-31351.928
1767712091.55381,-31375.805
1767712091.654408,-31381.555
1767712091.755291,-31387.688
1767712091.8566148,-31404.709
1767712091.957943,-31405.652
1767712092.058651,-31436.23
1767712092.1595352,-31442.047
1767712092.260788,-31437.664
1767712092.362277,-31422.574
1767712092.46285,-31451.012
1767712092.563505,-31449.672
1767712092.664845,-31500.234
1767712092.765898,-31493.947
1767712092.866472,-31492.143
1767712092.967241,-31516.766
1767712093.0676491,-31483.143
1767712093.167999,-31525.023
1767712093.268415,-31533.967
1767712093.368871,-31514.451
1767712093.469246,-31538.39
1767712093.569525,-31566.674
1767712093.6698382,-31552.04
1767712093.771116,-31583.23
1767712093.8714151,-31582.064
1767712093.972699,-31572.459
1767712094.073726,-31614.525
1767712094.174967,-31625.688
1767712094.2755132,-31615.113
1767712094.376161,-31644.906
1767712094.477431,-31629.096
1767712094.578858,-31630.307
1767712094.6803331,-31654.203
1767712094.780925,-31643.541
1767712094.881428,-31671.035
1767712094.981905,-31688.7
1767712095.1077209,-31683.695
1767712095.208537,-31703.422
1767712095.308924,-31712.746
1767712095.4093199,-31699.406
1767712095.5106208,-31705.637
1767712095.610993,-31749.688
1767712095.711724,-31744.771
1767712095.813049,-31758.65
1767712095.9134872,-31755.686
1767712096.014781,-31772.95
1767712096.11519,-31797.688
1767712096.215895,-31807.283
1767712096.31712,-31797.072
1767712096.4184802,-31796.076
1767712096.519059,-31828.287
1767712096.6197062,-31848.271
1767712096.721028,-31844.885
1767712096.822109,-31861.48
1767712096.9230201,-31887.8
1767712097.023403,-31873.797
1767712097.124321,-31880.092
1767712097.225205,-31874.0
1767712097.3255801,-31909.283,-31894.865
1767712097.426929,-31897.576
1767712097.5276108,-31934.38
1767712097.6281111,-31933.133
1767712097.72851,-31883.86
1767712097.929335,-31970.65,-31911.441
1767712098.029675,-31938.39
1767712098.131059,-31957.672
1767712098.23245,-31964.898
1767712098.33395,-32008.291
1767712098.4348009,-31985.232
1767712098.535278,-31974.709
1767712098.635633,-32006.137
1767712098.737014,-32033.117
1767712098.83741,-32031.217
1767712098.938497,-32029.51
1767712099.039841,-32042.693
1767712099.14038,-32059.664
1767712099.241129,-32072.775
1767712099.342475,-32084.111
1767712099.443649,-32081.37
1767712099.5442848,-32104.0
1767712099.6447968,-32082.268
1767712099.7452538,-32105.89
1767712099.845723,-32092.584
1767712099.946188,-32125.035
1767712100.0468,-32154.92
1767712100.1742709,-32134.568
1767712100.2746408,-32215.041
1767712100.375028,-32126.27
1767712100.475764,-32173.637
1767712100.576958,-32208.51
1767712100.678292,-32184.027
1767712100.77875,-32202.314
1767712100.879435,-32220.83
1767712100.980852,-32198.91
1767712101.0822332,-32228.443
1767712101.182681,-32231.492
1767712101.283629,-32228.562
1767712101.385002,-32228.727
1767712101.485676,-32264.412
1767712101.586505,-32267.434
1767712101.687757,-32287.975
1767712101.788724,-32287.045
1767712101.89007,-32299.883
1767712101.990457,-32311.988
1767712102.090875,-32245.521
1767712102.192207,-32310.42
1767712102.2935622,-32323.953
1767712102.393833,-32326.504
1767712102.494323,-32329.781
1767712102.595053,-32327.84
1767712102.695879,-32363.594
1767712102.796962,-32338.705
1767712102.8983061,-32373.469
1767712102.9996212,-32374.621
1767712103.100099,-32404.408
1767712103.200584,-32413.787
1767712103.3011992,-32368.543
1767712103.4019089,-32417.904
1767712103.503189,-32429.74
1767712103.6045508,-32429.518
1767712103.705484,-32439.363
1767712103.806678,-32410.973
1767712103.907011,-32449.182
1767712104.007287,-32488.9
1767712104.108592,-32479.904
1767712104.2089548,-32515.525
1767712104.3093739,-32482.291
1767712104.410313,-32510.875
1767712104.511036,-32537.36
1767712104.6121778,-32524.383
1767712104.713716,-32479.67
1767712104.814223,-32550.42
1767712104.915605,-32540.318
1767712105.0170891,-32509.55
1767712105.11868,-32537.697
1767712105.244181,-32573.838,-32537.488
1767712105.344604,-32622.965
1767712105.445237,-32587.582
1767712105.545795,-32582.043
1767712105.6464782,-32621.86
1767712105.747636,-32596.922
1767712105.848483,-32580.443
1767712105.949787,-32633.637
1767712106.050224,-32601.791
1767712106.150601,-32628.803
1767712106.250884,-32619.418
1767712106.3516932,-32681.904
1767712106.452904,-32631.5
1767712106.553782,-32666.715
1767712106.6551528,-32633.932
1767712106.756501,-32658.469
1767712106.85685,-32715.959
1767712106.958076,-32717.582
1767712107.058398,-32704.613
1767712107.159714,-32742.459
1767712107.260651,-32745.43
1767712107.361572,-32729.107
1767712107.462066,-32788.45
1767712107.563349,-32743.354
1767712107.664603,-32777.406
1767712107.764981,-32766.533
1767712107.8662558,-32756.158
1767712107.966857,-32798.344
1767712108.06748,-32760.76
1767712108.1685681,-32773.246
1767712108.269131,-32801.16
1767712108.369385,-32827.496
1767712108.469661,-32791.21
1767712108.569922,-32830.277
1767712108.67118,-32843.22
1767712108.77152,-32843.62
1767712108.8719082,-32849.773
1767712108.972498,-32821.395
1767712109.0729222,-32869.832
1767712109.174293,-32888.848
1767712109.2755861,-32889.562
1767712109.375894,-32895.45
1767712109.476228,-32927.875
1767712109.576573,-32916.375
1767712109.676953,-32862.215
1767712109.777343,-32883.17
1767712109.878058,-32915.996
1767712109.979402,-32919.316
1767712110.079934,-32936.582
1767712110.181213,-32943.47
1767712110.306261,-32959.582
1767712110.406846,-33046.992
1767712110.507225,-33008.64
1767712110.608572,-32948.33
1767712110.709318,-33000.914
1767712110.810642,-33014.906
1767712110.911058,-32999.445
1767712111.012418,-33035.66
1767712111.113187,-33005.51
1767712111.214616,-33009.17
1767712111.316013,-33017.71
1767712111.416585,-33053.105
1767712111.5177011,-33020.34
1767712111.6180851,-33028.285
1767712111.718763,-33045.535
1767712111.820113,-33064.66
1767712111.920513,-33107.312
1767712112.021842,-33092.742
1767712112.12222,-33078.43,-33083.703
1767712112.223201,-33084.9
1767712112.424138,-33115.95
1767712112.5252109,-33109.805
1767712112.625725,-33144.906,-33122.723
1767712112.7269828,-33172.79
1767712112.8272798,-33152.97
1767712112.9279501,-33136.227
1767712113.0286322,-33162.332
1767712113.129098,-33154.023
1767712113.229513,-33178.688
1767712113.3299499,-33162.76
1767712113.431254,-33180.15
1767712113.5318642,-33192.36
1767712113.633055,-33263.305
1767712113.733963,-33192.57
1767712113.834687,-33194.367
1767712113.936123,-33221.953
1767712114.036459,-33235.37
1767712114.1373749,-33230.223
1767712114.3449368,-33216.836
1767712114.446131,-33298.676,-33316.867
1767712114.5468092,-33249.43
1767712114.648076,-33283.234
1767712114.74915,-33296.41
1767712114.8504362,-33235.598
1767712114.954266,-33324.387
1767712115.0575051,-33299.32
1767712115.160303,-33273.293
1767712115.263621,-33320.035
1767712115.391331,-33392.395
1767712115.495645,-33336.125
1767712115.5986922,-33310.785
1767712115.7035708,-33379.484
1767712115.807623,-33363.61
1767712115.910356,-33329.65
1767712116.0106702,-33345.324
1767712116.111018,-33334.375
1767712116.211647,-33405.836
1767712116.312084,-33389.22
1767712116.412378,-33402.957
1767712116.512678,-33417.395
1767712116.613436,-33378.047
1767712116.714011,-33337.117
1767712116.815558,-33402.316
1767712116.916378,-33440.656
1767712117.016984,-33428.32
1767712117.117416,-33382.98
1767712117.217899,-33449.31
1767712117.318385,-33405.918
1767712117.418708,-33511.29
1767712117.5200682,-33430.5
1767712117.620417,-33464.188
1767712117.721737,-33449.42
1767712117.823168,-33470.97
1767712117.9235468,-33483.098
1767712118.024262,-33493.42
1767712118.125605,-33563.508
1767712118.2266471,-33488.496
1767712118.3271449,-33508.44
1767712118.427487,-33527.93,-33520.11
1767712118.528008,-33524.312
1767712118.629282,-33445.523
1767712118.729911,-33535.695
1767712118.8303208,-33584.633
1767712118.931676,-33514.316
1767712119.033042,-33568.547
1767712119.133651,-33576.363
1767712119.234041,-33586.055
1767712119.3345332,-33592.406
1767712119.435221,-33603.43
1767712119.535646,-33602.812
1767712119.636381,-33603.68
1767712119.736674,-33610.496
1767712119.837503,-33630.844
1767712119.9378712,-33677.664
1767712120.0386188,-33695.52
1767712120.1399941,-33672.484
1767712120.240552,-33659.51
1767712120.341353,-33673.582
1767712120.467155,-33692.71
1767712120.5682712,-33679.617
1767712120.669186,-33681.1
1767712120.769563,-33693.055
1767712120.869813,-33720.535
1767712120.971231,-33678.34
1767712121.0720341,-33747.453
1767712121.172427,-33702.234
1767712121.273033,-33733.67
1767712121.3743098,-33763.938
1767712121.475668,-33746.125
1767712121.576997,-33744.38
1767712121.678365,-33788.504
1767712121.7790132,-33757.277
1767712121.8804731,-33774.504
1767712121.981745,-33799.152
1767712122.082238,-33800.96
1767712122.183095,-33850.68
1767712122.2837288,-33807.727
1767712122.3843598,-33799.25
1767712122.4857311,-33875.33
1767712122.586988,-33818.277
1767712122.687328,-33806.89
1767712122.7886589,-33862.01
1767712122.889796,-33870.625
1767712122.990438,-33896.645
1767712123.0917618,-33850.6
1767712123.192389,-33878.168
1767712123.2937112,-33889.98
1767712123.3941498,-33865.97
1767712123.4944901,-33952.83
1767712123.59498,-33892.656
1767712123.695632,-33897.984
1767712123.796012,-33936.797
1767712123.897345,-33930.99
1767712123.998034,-33907.375
1767712124.098697,-33890.273
1767712124.2001238,-33914.637
1767712124.3008158,-33916.836
1767712124.401381,-33935.0
1767712124.5018408,-33898.367
1767712124.602274,-33997.09
1767712124.702542,-33971.715
1767712124.803672,-33958.254
1767712124.905029,-33935.207
1767712125.0064058,-34016.273
1767712125.1068869,-34064.453
1767712125.2080598,-33982.574
1767712125.308308,-34036.28
1767712125.409688,-34002.36
1767712125.537409,-33909.44,-33982.01
1767712125.6386409,-34024.46
1767712125.739858,-33996.258
1767712125.8402371,-34034.316
1767712125.941344,-34095.152
1767712126.042187,-34054.7
1767712126.142724,-34090.71
1767712126.243166,-34060.09
1767712126.34352,-34026.773
1767712126.444157,-34073.76
1767712126.545537,-34034.152
1767712126.6464808,-34119.434
1767712126.7470982,-34070.35
1767712126.8479948,-34155.367
1767712126.9487622,-34119.883
1767712127.0491378,-34149.21
1767712127.150233,-34079.773
1767712127.25162,-34153.56
1767712127.352076,-34138.117
1767712127.452485,-34145.164
1767712127.552709,-34102.71
1767712127.653002,-34131.195
1767712127.7540019,-34121.88
1767712127.854646,-34184.285
1767712127.955223,-34128.344
1767712128.056584,-34184.863
1767712128.157005,-34187.3
1767712128.257375,-34198.652
1767712128.357952,-34234.996
1767712128.458842,-34186.773
1767712128.560184,-34210.58
1767712128.660543,-34210.457
1767712128.761833,-34127.51
1767712128.862082,-34220.875
1767712128.963373,-34239.945
1767712129.064752,-34226.492
1767712129.16612,-34214.68
1767712129.267046,-34279.24
1767712129.3675,-34271.953
1767712129.4687161,-34249.395
1767712129.569094,-34226.543
1767712129.670092,-34256.414
1767712129.771465,-34271.844
1767712129.872054,-34321.953
1767712129.973462,-34388.06
1767712130.073828,-34282.37
1767712130.174335,-34346.215
1767712130.2746549,-34318.957
1767712130.374997,-34332.688
1767712130.4753861,-34337.234
1767712130.577492,-34346.37
1767712130.702472,-34385.434
1767712130.803839,-34372.625
1767712130.905178,-34352.72
1767712131.0067358,-34359.72
1767712131.10726,-34415.535
1767712131.2076328,-34402.625
1767712131.309005,-34372.97
1767712131.4103549,-34368.43
1767712131.510807,-34405.21
1767712131.612032,-34450.688
1767712131.712276,-34392.902
1767712131.813517,-34444.26
1767712131.913963,-34423.535
1767712132.015491,-34425.27
1767712132.115872,-34484.293
1767712132.216338,-34431.97
1767712132.316938,-34486.18
1767712132.418308,-34449.098
1767712132.518798,-34524.29
1767712132.619203,-34488.992
1767712132.719525,-34483.754
1767712132.8208792,-34477.86
1767712132.922239,-34470.195
1767712133.0226371,-34527.473
1767712133.1230972,-34479.574
1767712133.223547,-34480.594
1767712133.3238442,-34504.992
1767712133.425144,-34543.76,-34531.53
1767712133.6270552,-34503.19
1767712133.7273731,-34544.2
1767712133.827745,-34510.375,-34574.707
1767712133.928064,-34566.09
1767712134.028337,-34544.45
1767712134.129754,-34585.492
1767712134.231012,-34545.906
1767712134.331371,-34533.79
1767712134.432447,-34532.074
1767712134.532875,-34584.082
1767712134.6333408,-34579.3
1767712134.734554,-34537.51
1767712134.8355021,-34674.074
1767712134.935897,-34640.07
1767712135.037034,-34666.117
1767712135.137517,-34651.984
1767712135.238761,-34680.24
1767712135.339148,-34563.707
1767712135.43966,-34519.26
1767712135.540441,-34700.33
1767712135.66436,-34682.52
1767712135.765748,-34678.234
1767712135.866511,-34684.836
1767712135.9671848,-34701.4
1767712136.0682619,-34686.707
1767712136.169492,-34615.17
1767712136.26974,-34715.7
1767712136.3710878,-34652.766
1767712136.472453,-34531.35
1767712136.573827,-34658.145
1767712136.675117,-34766.066
1767712136.775558,-34715.77
1767712136.876897,-34826.336
1767712136.977176,-34721.332
1767712137.077981,-34807.117
1767712137.1794071,-34824.94
1767712137.279788,-34805.77
1767712137.3811631,-34772.656
1767712137.482497,-34792.375
1767712137.5830379,-34750.945
1767712137.683569,-34910.324
1767712137.783962,-34776.465
1767712137.884906,-34840.637
1767712137.9858701,-34806.637
1767712138.087174,-34781.207
1767712138.187555,-34744.062
1767712138.288903,-34864.484
1767712138.389815,-34714.94
1767712138.491149,-34762.87
1767712138.592062,-34862.793
1767712138.6923919,-34783.438
1767712138.792684,-34792.9
1767712138.893559,-34761.918
1767712138.993898,-34878.26
1767712139.095273,-34902.07
1767712139.196594,-34846.434
1767712139.297081,-34879.3
1767712139.397482,-34863.3
1767712139.497969,-34759.473
1767712139.598604,-34865.438
1767712139.6989079,-34943.92
1767712139.799235,-34852.742
1767712139.900594,-34909.965
1767712140.0018969,-35003.703
1767712140.103185,-34852.836
1767712140.203938,-34897.84
1767712140.3043,-34886.633
1767712140.405677,-34891.53
1767712140.506114,-34975.285
1767712140.6070101,-34847.754
1767712140.7309089,-34924.43,-35059.355
1767712140.831257,-34931.613
1767712140.932113,-34963.72
1767712141.033046,-34966.87
1767712141.134241,-35052.6
1767712141.234591,-34950.17
1767712141.335092,-34884.934
1767712141.4355378,-35021.688
1767712141.535928,-34954.652
1767712141.636836,-34921.777
1767712141.738278,-34993.04
1767712141.838727,-34994.42
1767712141.939678,-35020.965
1767712142.040653,-35020.633
1767712142.141995,-35079.734
1767712142.242888,-35023.605
1767712142.343564,-35022.992
1767712142.4448798,-34968.254
1767712142.5461838,-35058.363
1767712142.647647,-35048.297
1767712142.748068,-35071.04
1767712142.849057,-35087.0
1767712142.9497569,-35056.363
1767712143.050934,-34987.496
1767712143.151243,-35068.434
1767712143.2519732,-35026.844
1767712143.353333,-35065.96
1767712143.454248,-35033.492
1767712143.554661,-35144.008
1767712143.655326,-35034.24
1767712143.756182,-35107.887
1767712143.857378,-35038.79
1767712143.958785,-35107.13
1767712144.059786,-35060.273
1767712144.160278,-35097.65
1767712144.260749,-35129.375
1767712144.361224,-35113.965
1767712144.461716,-35173.816
1767712144.562229,-35186.76
1767712144.663614,-35184.06
1767712144.763975,-35087.473
1767712144.865344,-35171.918
1767712144.965767,-35173.984
1767712145.066646,-35138.906
1767712145.167397,-35177.562
1767712145.268167,-35178.934
1767712145.3689249,-35171.1
1767712145.470259,-35160.367
1767712145.5716732,-35256.25
1767712145.6720572,-35112.33
1767712145.796923,-35254.81
1767712145.8983018,-35138.176
1767712145.999306,-35208.457
1767712146.10055,-35195.24
1767712146.201568,-35207.81
1767712146.3029811,-35196.027
1767712146.40371,-35149.742
1767712146.505125,-35228.633
1767712146.605676,-35207.418
1767712146.706217,-35264.453
1767712146.806519,-35255.465
1767712146.907874,-35210.344
1767712147.009266,-35244.055
1767712147.11023,-35229.48
1767712147.210886,-35317.094
1767712147.3122299,-35314.242
1767712147.4135308,-35346.566
1767712147.514604,-35254.21
1767712147.615505,-35334.67
1767712147.716102,-35356.27
1767712147.817465,-35276.324
1767712147.9180439,-35300.723
1767712148.019347,-35192.445
1767712148.1197288,-35343.9
1767712148.2210822,-35361.99
1767712148.322419,-35292.145
1767712148.422716,-35336.61
1767712148.5231192,-35373.027
1767712148.6236548,-35320.145
1767712148.723976,-35363.37
1767712148.8253021,-35299.582,-35358.113
1767712148.926646,-35269.617
1767712149.1273239,-35360.195
1767712149.228669,-35355.65,-35372.215
1767712149.329461,-35382.707
1767712149.430193,-35354.723
1767712149.530516,-35318.64
1767712149.631819,-35443.305
1767712149.732818,-35354.3
1767712149.833434,-35370.9
1767712149.9338539,-35385.824
1767712150.03521,-35412.516
1767712150.136256,-35408.684
1767712150.236626,-35434.406
1767712150.337098,-35386.95
1767712150.438347,-35485.867
1767712150.538985,-35487.527
1767712150.639953,-35458.67
1767712150.741055,-35447.27
1767712150.843539,-35441.242
1767712150.968472,-35468.547
1767712151.069765,-35465.63
1767712151.170211,-35430.992
1767712151.271635,-35476.96
1767712151.372222,-35490.688
1767712151.472801,-35458.34
1767712151.5740201,-35533.004
1767712151.674665,-35479.027
1767712151.775012,-35561.02
1767712151.875324,-35433.508
1767712151.9766881,-35451.43
1767712152.077186,-35501.367
1767712152.1783931,-35526.07
1767712152.27976,-35500.035
1767712152.381171,-35469.445
1767712152.482072,-35497.168
1767712152.5826402,-35494.73
1767712152.683576,-35458.297
1767712152.7838469,-35481.195
1767712152.8842099,-35542.824
1767712152.9852102,-35510.055
1767712153.085632,-35583.19
1767712153.1860402,-35477.668
1767712153.2873988,-35513.62
1767712153.3882308,-35548.39
1767712153.488601,-35590.85
1767712153.588947,-35493.49
1767712153.689287,-35613.15
1767712153.7905989,-35601.965
1767712153.8919418,-35600.15
1767712153.992876,-35550.547
1767712154.0932438,-35586.94
1767712154.194604,-35646.633
1767712154.2959712,-35571.543
1767712154.397419,-35659.29
1767712154.49873,-35662.65
1767712154.599467,-35624.035
1767712154.69981,-35636.605
1767712154.800385,-35598.09
1767712154.901779,-35608.707
1767712155.003071,-35605.926
1767712155.103762,-35651.195
1767712155.2050729,-35543.195
1767712155.305532,-35633.766
1767712155.406131,-35625.184
1767712155.507354,-35643.316
1767712155.608426,-35650.06
1767712155.709801,-35638.203
1767712155.8102012,-35707.016
1767712155.934044,-35712.81,-35583.434
1767712156.034533,-35682.965
1767712156.135045,-35694.645
1767712156.235445,-35644.97
1767712156.3363452,-35657.41
1767712156.436693,-35714.836
1767712156.538016,-35731.52
1767712156.6393652,-35717.562
1767712156.7403462,-35657.09
1767712156.841085,-35773.543
1767712156.942113,-35746.703
1767712157.042819,-35716.543
1767712157.143808,-35755.234
1767712157.244118,-35722.6
1767712157.345461,-35697.758
1767712157.446613,-35805.35
1767712157.547507,-35745.086
1767712157.648897,-35770.086
1767712157.749241,-35777.086
1767712157.850576,-35810.145
1767712157.951812,-35779.92
1767712158.052643,-35807.855
1767712158.1529999,-35809.07
1767712158.2543201,-35802.19
1767712158.354653,-35723.168
1767712158.455987,-35789.883
1767712158.557101,-35820.336
1767712158.658554,-35824.72
1767712158.759889,-35772.355
1767712158.8606179,-35817.227
1767712158.961029,-35755.37
1767712159.061808,-35748.95
1767712159.163247,-35751.863
1767712159.264621,-35779.37
1767712159.366047,-35852.56
1767712159.4666219,-35856.02
1767712159.567051,-35808.25
1767712159.667634,-35807.617
1767712159.769035,-35863.73
1767712159.869544,-35853.035
1767712159.9703941,-35739.555
1767712160.071418,-35884.863
1767712160.171905,-35892.85
1767712160.2732532,-35870.25
1767712160.373641,-35851.16
1767712160.4742022,-35908.273
1767712160.574534,-35867.902
1767712160.6758552,-35927.64
1767712160.776603,-35899.74
1767712160.8772109,-35858.133
1767712161.0012422,-35936.227
1767712161.101734,-35904.117
1767712161.2025049,-35914.516
1767712161.3029199,-35921.547
1767712161.40365,-35956.145
1767712161.5040681,-35966.945
1767712161.6054132,-35794.945
1767712161.7067678,-35973.242
1767712161.807355,-35950.227
1767712161.9077141,-36013.457
1767712162.008339,-35951.973
1767712162.10919,-35970.984
1767712162.210229,-35969.418
1767712162.3107588,-35958.137
1767712162.411184,-35878.184
1767712162.511873,-35810.938
1767712162.6131358,-35911.453
1767712162.713741,-35990.523
1767712162.814147,-35992.82
1767712162.9156082,-35928.242
1767712163.016683,-36022.46
1767712163.117095,-36012.23
1767712163.217529,-35968.527
1767712163.318215,-36042.242
1767712163.418688,-36029.137
1767712163.519017,-35999.82
1767712163.619427,-36017.098
1767712163.719743,-35998.24
1767712163.8210702,-36126.23
1767712163.9217448,-36001.86
1767712164.022296,-35942.555
1767712164.1226518,-35935.54
1767712164.223103,-36109.445
1767712164.32436,-36145.836,-36137.227
1767712164.425673,-36033.227
1767712164.627321,-36135.793
1767712164.727977,-36010.05
1767712164.828243,-35999.53,-36078.836
1767712164.92956,-36064.547
1767712165.0309172,-36115.977
1767712165.132032,-35952.066
1767712165.233302,-36067.082
1767712165.334359,-35990.08
1767712165.4353411,-36047.3
1767712165.536685,-36001.426
1767712165.63802,-36157.06
1767712165.739391,-36014.19
1767712165.839814,-36017.4
1767712165.940138,-36101.44
1767712166.065535,-36058.59
1767712166.165905,-36172.504
1767712166.266525,-36127.223
1767712166.367414,-36190.625
1767712166.467767,-36094.5
1767712166.5691662,-36157.227
1767712166.670485,-36168.21
1767712166.771669,-36065.367
1767712166.872174,-36212.02
1767712166.972644,-36187.754
1767712167.0739782,-36244.953
1767712167.174689,-36215.324
1767712167.276028,-36272.125
1767712167.3770502,-36255.16
1767712167.477637,-36237.883
1767712167.5780349,-36121.023
1767712167.6785438,-36071.05
1767712167.779767,-36109.47
1767712167.880569,-36297.15
1767712167.9815009,-36178.406
1767712168.081902,-36261.58
1767712168.182857,-36265.156
1767712168.283774,-36218.76
1767712168.384533,-36130.66
1767712168.485124,-36150.76
1767712168.5855281,-36254.938
1767712168.685944,-36224.9
1767712168.786297,-36268.742
1767712168.886689,-36222.02
1767712168.988019,-36306.8
1767712169.0886872,-36277.25
1767712169.190021,-36279.383
1767712169.291039,-36266.613
1767712169.392382,-36163.61
1767712169.492958,-36279.75
1767712169.593875,-36239.09
1767712169.69524,-36202.395
1767712169.7966552,-36252.89
1767712169.8974762,-36331.31
1767712169.997809,-36339.406
1767712170.0985322,-36310.883
1767712170.19891,-36347.62
1767712170.2992399,-36375.742
1767712170.400644,-36128.633
1767712170.5015209,-36312.457
1767712170.6020422,-36323.84
1767712170.703423,-36336.07
1767712170.8037918,-36336.406
1767712170.905035,-36266.582
1767712171.006434,-36334.715
1767712171.131829,-36269.355,-36308.062
1767712171.2321239,-36288.742
1767712171.332352,-36270.17
1767712171.4336991,-36362.867
1767712171.5349948,-36403.24
1767712171.635259,-36344.67
1767712171.73565,-36348.984
1767712171.8362958,-36349.938
1767712171.936693,-36350.996
1767712172.0372102,-36327.312
1767712172.138535,-36327.035
1767712172.239726,-36370.168
1767712172.340062,-36369.31
1767712172.440495,-36370.72
1767712172.5409658,-36363.254
1767712172.6414878,-36360.12
1767712172.74184,-36393.11
1767712172.842134,-36378.92
1767712172.942778,-36435.227
1767712173.043164,-36406.93
1767712173.1436968,-36421.246
1767712173.244973,-36409.89
1767712173.345487,-36403.75
1767712173.445796,-36368.848
1767712173.5472388,-36284.168
1767712173.647597,-35734.156
1767712173.747981,-36496.41
1767712173.848767,-36409.258
1767712173.950098,-36379.168
1767712174.0505931,-36430.73
1767712174.151186,-36437.195
1767712174.2518559,-36452.33
1767712174.352397,-36420.44
1767712174.453801,-36400.15
1767712174.555135,-36372.145
1767712174.655514,-36472.062
1767712174.7560792,-36413.473
1767712174.857402,-36411.164
1767712174.957736,-36429.258
1767712175.0590951,-36535.31
1767712175.1601431,-36473.97
1767712175.261416,-36441.254
1767712175.361686,-36400.418
1767712175.462954,-36503.8
1767712175.564511,-36550.824
1767712175.665441,-36538.992
1767712175.76585,-36496.188
1767712175.866944,-36480.758
1767712175.967713,-36352.395
1767712176.0691981,-36600.44
1767712176.1951602,-36439.867
1767712176.295499,-36478.414
1767712176.3968,-36653.234
1767712176.497183,-36610.953
1767712176.598036,-36517.926
1767712176.6986,-36545.195
1767712176.799932,-36705.66
1767712176.900647,-36548.55
1767712177.001868,-36504.832
1767712177.102487,-36568.824
1767712177.203398,-36549.027
1767712177.303824,-36640.957
1767712177.4052942,-36579.664
1767712177.506009,-36528.562
1767712177.6064699,-36593.38
1767712177.706954,-36531.258
1767712177.8073359,-36586.816
1767712177.908243,-36545.96
1767712178.009619,-36569.793
1767712178.1103108,-36574.793
1767712178.2116039,-36587.105
1767712178.312895,-36606.473
1767712178.414326,-36477.098
1767712178.51472,-36669.367
1767712178.6154602,-36650.156
1767712178.716011,-36610.215
1767712178.817281,-36636.887
1767712178.9179819,-36646.258
1767712179.018372,-36648.793
1767712179.118772,-36595.58
1767712179.219281,-36757.69
1767712179.3197398,-36670.414
1767712179.421036,-36614.93
1767712179.521388,-36601.332
1767712179.621856,-36655.277
1767712179.7222059,-36613.11
1767712179.822955,-36618.07
1767712179.923284,-36684.246
1767712180.02437,-36519.594
1767712180.124706,-36629.516
1767712180.2251,-36649.688
1767712180.32562,-36622.25,-36570.508
1767712180.426198,-36676.37
1767712180.527012,-36723.8
1767712180.628281,-36663.19
1767712180.7296882,-36514.13
1767712180.830302,-36645.02
1767712180.930766,-36647.914
1767712181.0318651,-36696.625
1767712181.1323771,-36721.918
1767712181.25737,-36759.496
1767712181.357755,-36683.746
1767712181.458124,-36749.85
1767712181.559437,-36888.297
1767712181.66017,-36733.28
1767712181.760708,-36650.938
1767712181.861602,-36708.367
1767712181.962205,-36749.914
1767712182.063503,-36753.855
1767712182.1648798,-36719.926
1767712182.2658298,-36700.52
1767712182.36655,-36553.34
1767712182.4668841,-36755.914
1767712182.567411,-36731.99
1767712182.667787,-36734.72
1767712182.768217,-36721.84
1767712182.86962,-36734.52
1767712182.971006,-36818.03
1767712183.0718038,-36776.105
1767712183.173076,-36933.457
1767712183.273588,-36725.1
1767712183.3740501,-36745.785
1767712183.4754019,-36832.152
1767712183.576274,-36798.926
1767712183.677286,-36749.67
1767712183.778673,-36814.18
1767712183.879429,-36840.766
1767712183.9797509,-36893.516
1767712184.0811079,-36802.67
1767712184.1817112,-36799.766
1767712184.2824042,-36872.15
1767712184.383036,-36809.88
1767712184.483412,-36835.184
1767712184.58472,-36852.375
1767712184.6855302,-36861.89
1767712184.786531,-37013.797
1767712184.8878589,-36918.938
1767712184.9892108,-36858.227
1767712185.0905259,-36873.35
1767712185.191465,-36815.23
1767712185.291729,-36859.68
1767712185.392583,-36842.33
1767712185.492981,-36874.76
1767712185.594235,-36898.285
1767712185.695648,-36907.12
1767712185.796256,-36896.297
1767712185.8970098,-36824.47
1767712185.9979782,-36977.31
1767712186.098318,-36939.594
1767712186.199422,-36881.867
1767712186.321645,-36957.04
1767712186.422513,-37089.008
1767712186.523809,-36864.21
1767712186.625082,-36901.48,-36869.312
1767712186.826816,-36968.05
1767712186.927234,-36937.668,-36974.84
1767712187.027863,-36904.19
1767712187.128293,-36941.99
1767712187.2295449,-36983.094
1767712187.32988,-36905.57
1767712187.431214,-36926.367
1767712187.5315971,-36945.09
1767712187.632329,-36955.76
1767712187.733202,-36919.723
1767712187.833765,-36930.66
1767712187.934154,-36978.066
1767712188.034921,-36987.113
1767712188.136234,-36952.164
1767712188.236532,-36960.33
1767712188.3368902,-36889.98
1767712188.438256,-36876.05
1767712188.538603,-37019.79
1767712188.639803,-37012.11
1767712188.740291,-37071.81
1767712188.8406699,-36961.285
1767712188.9410439,-37014.645
1767712189.041711,-36980.832
1767712189.142145,-37053.13
1767712189.242513,-36988.32
1767712189.34288,-36974.34
1767712189.443274,-36962.566
1767712189.544488,-37100.88
1767712189.6449049,-37143.246
1767712189.746298,-36980.637
1767712189.847213,-36963.734
1767712189.948599,-36980.227
1767712190.0499148,-37040.75
1767712190.1502159,-37030.34
1767712190.2509398,-37072.945
1767712190.351679,-37109.12
1767712190.4520519,-37066.484
1767712190.552845,-36994.473
1767712190.653089,-37142.91
1767712190.75436,-37128.223
1767712190.855708,-37119.938
1767712190.956074,-36990.543
1767712191.056603,-37124.688
1767712191.1579032,-37092.332
1767712191.258306,-37100.223
1767712191.381825,-37103.832
1767712191.482209,-37121.99
1767712191.582576,-37073.668
1767712191.6832042,-37117.25
1767712191.7836301,-37129.55
1767712191.8841228,-36933.293
1767712191.984593,-37170.52
1767712192.085238,-37026.605
1767712192.1855092,-37142.566
1767712192.2865322,-37082.867
1767712192.386888,-37027.348
1767712192.487344,-37096.203
1767712192.588695,-37174.523
1767712192.689455,-37060.57
1767712192.789824,-37185.543
1767712192.891138,-37153.582
1767712192.992429,-37171.16
1767712193.0932758,-37040.24
1767712193.193683,-37170.07
1767712193.294475,-37040.05
1767712193.395871,-37178.707
1767712193.4972851,-37064.742
1767712193.598766,-37159.926
1767712193.7000508,-37194.07
1767712193.801634,-37104.75
1767712193.902067,-37090.18
1767712194.0033941,-37105.305
1767712194.103762,-37200.773
1767712194.20408,-37219.25
1767712194.3046458,-36944.84
1767712194.4056199,-37184.39
1767712194.506974,-37157.066
1767712194.608347,-37160.76
1767712194.709036,-36655.023
1767712194.8100522,-37124.637
1767712194.910337,-37059.375
1767712195.011636,-37297.062
1767712195.112651,-36850.438
1767712195.213075,-36228.527
1767712195.313555,-36781.547
1767712195.413951,-36667.543
1767712195.51488,-37276.773
1767712195.615753,-35905.77
1767712195.7169,-37401.0
1767712195.81796,-35805.0
1767712195.918381,-37298.145
1767712196.018799,-35923.766
1767712196.1197262,-37264.406
1767712196.221057,-37169.96
1767712196.322307,-36797.35
1767712196.447457,-37189.26,-36797.42
1767712196.5482528,-37166.484
1767712196.648708,-37262.535
1767712196.7490401,-37185.97
1767712196.84951,-37435.91
1767712196.9499588,-36564.77
1767712197.0512981,-37274.07
1767712197.151576,-37237.38
1767712197.251997,-37276.53
1767712197.3526258,-38264.902
1767712197.453929,-38959.47
1767712197.5541692,-38432.56
1767712197.654495,-37845.047
1767712197.754836,-36078.453
1767712197.8556411,-37735.42
1767712197.956038,-37927.227
1767712198.056321,-37152.453
1767712198.156661,-37333.88
1767712198.2572072,-37278.37
1767712198.358324,-37421.438
1767712198.458983,-37297.637
1767712198.559645,-36653.992
1767712198.6605399,-37061.387
1767712198.7609842,-37350.773
1767712198.861755,-37238.887
1767712198.962153,-37282.395
1767712199.062592,-37355.83
1767712199.163614,-37222.195
1767712199.2642229,-37362.043
1767712199.365459,-37289.367
1767712199.465715,-37335.457
1767712199.566067,-37347.96
1767712199.667209,-37288.863
1767712199.767565,-37426.72
1767712199.8678489,-37247.41
1767712199.968564,-37314.145
1767712200.068884,-36545.992
1767712200.1692312,-37312.027
1767712200.270478,-37423.99
1767712200.371882,-37303.92
1767712200.4732668,-37300.652
1767712200.573875,-37333.953
1767712200.67445,-37273.668
1767712200.774901,-37411.887
1767712200.876255,-37336.58
1767712200.976632,-37385.277
1767712201.07697,-37478.152
1767712201.177372,-37368.38
1767712201.2780402,-37270.645
1767712201.379334,-37400.89
1767712201.5019178,-37381.195
1767712201.602696,-37089.957
1767712201.703008,-37268.082
1767712201.803551,-37450.97
1767712201.9038541,-37461.387
1767712202.0047202,-37331.41
1767712202.1050618,-37403.914
1767712202.206458,-37342.453
1767712202.3070211,-37101.7
1767712202.407718,-37402.203
1767712202.508148,-37285.805
1767712202.608437,-37335.367
1767712202.708958,-37314.848
1767712202.8102489,-37254.227
1767712202.910659,-37147.457
1767712203.0111518,-37431.105
1767712203.111629,-37383.297
1767712203.2120268,-36168.336
1767712203.312362,-35925.367
1767712203.41359,-37814.457
1767712203.5150561,-38538.805
1767712203.61648,-38187.234
1767712203.717155,-38798.836
1767712203.817894,-37461.406
1767712203.918682,-37782.164
1767712204.019448,-37329.094
1767712204.120001,-36989.715
1767712204.2203178,-35878.19
1767712204.321665,-36841.402
1767712204.4229782,-37174.77
1767712204.5235991,-37383.145
1767712204.6239412,-37553.06
1767712204.724258,-37642.64
1767712204.8250082,-36947.977
1767712204.925465,-37534.36
1767712205.0266838,-37104.703
1767712205.126982,-37246.42
1767712205.227728,-37666.695
1767712205.329105,-37193.754,-38532.402
1767712205.430529,-37989.574
1767712205.531415,-38019.246
1767712205.631864,-37102.543
1767712205.732998,-37701.66
1767712205.833375,-38336.387
1767712205.933913,-37539.13
1767712206.034246,-37951.54
1767712206.13501,-38742.566
1767712206.23541,-38949.555
1767712206.335916,-37529.125
1767712206.436288,-37307.652
1767712206.5588212,-38224.258
1767712206.659195,-37483.54
1767712206.760227,-37205.258
1767712206.860518,-37051.1
1767712206.961886,-37339.1
1767712207.062767,-36974.473
1767712207.163048,-37179.33
1767712207.263942,-37676.35
1767712207.3652868,-37481.895
1767712207.465645,-37651.516
1767712207.566257,-37168.887
1767712207.666521,-37397.094
1767712207.767487,-38319.227
1767712207.868055,-36905.695
1767712207.969109,-37738.61
1767712208.069679,-38270.703
1767712208.1711528,-38241.51
1767712208.271687,-37524.01
1767712208.372299,-37556.438
1767712208.472887,-38620.902
1767712208.573735,-37990.08
1767712208.6743228,-37940.785
1767712208.774782,-37414.05
1767712208.876019,-37256.375
1767712208.977171,-37815.633
1767712209.08211,-37842.707
1767712209.1836932,-37510.57
1767712209.289122,-39258.355
1767712209.390314,-37925.137
1767712209.490759,-35588.023
1767712209.591941,-36334.594
1767712209.692148,-35910.066
1767712209.7932632,-38471.242
1767712209.893564,-38059.78
1767712209.993761,-36725.258
1767712210.0950348,-37331.875
1767712210.195387,-37605.895
1767712210.295685,-37442.91
1767712210.396852,-38282.7
1767712210.497973,-37571.688
1767712210.599089,-37770.453
1767712210.700219,-37087.92
1767712210.8013592,-37137.414
1767712210.9016461,-37511.07
1767712211.002761,-37751.164
1767712211.103961,-38105.75
1767712211.2047958,-37443.027
1767712211.305938,-38670.74
1767712211.407085,-39386.88
1767712211.508283,-37858.473
1767712211.633826,-37656.156,-37659.094
1767712211.734087,-36892.82
1767712211.834433,-34913.13
1767712211.934997,-33761.32
1767712212.035276,-34468.1
1767712212.135752,-36963.152
1767712212.236118,-37530.15
1767712212.3364851,-37528.633
1767712212.436861,-38099.81
1767712212.537941,-37238.61
1767712212.6383638,-36172.684
1767712212.738543,-34753.668
1767712212.839846,-33217.844
1767712212.941101,-34447.64
1767712213.042177,-35168.527
1767712213.142765,-35437.066
1767712213.243825,-34492.395
1767712213.345183,-36379.113
1767712213.4465332,-37852.832
1767712213.547746,-37663.53
1767712213.648569,-37626.73
1767712213.749352,-37725.754
1767712213.8504908,-37341.527
1767712213.950708,-38257.0
1767712214.051866,-38011.918
1767712214.1523259,-38248.91
1767712214.2526112,-36684.105
1767712214.353222,-37732.81
1767712214.4536152,-37488.367
1767712214.5538182,-36750.637
1767712214.6540852,-34342.06
1767712214.7553651,-34216.73
1767712214.856689,-33658.92
1767712214.958008,-33775.914
1767712215.058489,-33299.918
